WKT,Name,OBJECTID,UKATEGORIE,UTYP1,UART,UMONAT,USTUNDE,UWOCHENTAG,STRZUSTAND,ULICHTVERH,ISTRAD,ISTPKW,ISTFUSS,ISTKRAD
"POINT (9.090268072000001 49.196687357999998)","Unfall 22596 (2016) Kat:3, Licht: 2","22596","3","3","5","01","18","1","","2","0","1","0","0"
"POINT (9.250001791000001 49.150131471999998)","Unfall 22673 (2016) Kat:2, Licht: 0","22673","2","1","4","01","11","3","","0","0","1","0","0"
"POINT (9.119393808000000 49.188337267999998)","Unfall 22861 (2016) Kat:2, Licht: 2","22861","2","1","8","01","02","2","","2","0","1","0","0"
"POINT (9.216741807000000 49.169430943999998)","Unfall 22908 (2016) Kat:2, Licht: 2","22908","2","3","5","01","02","6","","2","0","1","0","0"
"POINT (9.218404250000001 49.146336658999999)","Unfall 22938 (2016) Kat:2, Licht: 2","22938","2","6","1","01","00","7","","2","0","1","0","0"
"POINT (9.203952503000000 49.126630284000001)","Unfall 22962 (2016) Kat:3, Licht: 0","22962","3","5","1","01","15","6","","0","0","1","0","0"
"POINT (9.220502140000001 49.134380032000003)","Unfall 23050 (2016) Kat:3, Licht: 2","23050","3","6","2","01","00","7","","2","0","1","0","0"
"POINT (9.216409506000000 49.135253929000001)","Unfall 23052 (2016) Kat:2, Licht: 2","23052","2","4","6","01","20","4","","2","0","1","1","0"
"POINT (9.220674106000001 49.146301712000003)","Unfall 23078 (2016) Kat:3, Licht: 2","23078","3","6","2","01","20","5","","2","0","1","0","0"
"POINT (9.217925251000001 49.146369253000003)","Unfall 23219 (2016) Kat:2, Licht: 0","23219","2","3","5","01","09","5","","0","1","1","0","0"
"POINT (9.225408083000000 49.168149589000002)","Unfall 23322 (2016) Kat:3, Licht: 0","23322","3","6","1","01","13","6","","0","0","1","0","0"
"POINT (9.183702093999999 49.164913601000002)","Unfall 23391 (2016) Kat:2, Licht: 2","23391","2","4","6","01","18","7","","2","0","1","1","0"
"POINT (9.249467785000000 49.107780751999996)","Unfall 23475 (2016) Kat:3, Licht: 2","23475","3","1","8","01","04","7","","2","0","1","0","0"
"POINT (9.204484006000000 49.169076406000002)","Unfall 23555 (2016) Kat:2, Licht: 0","23555","2","2","6","01","10","3","","0","0","1","1","0"
"POINT (9.216366954000000 49.152430224000000)","Unfall 23631 (2016) Kat:2, Licht: 2","23631","2","4","6","01","17","3","","2","0","1","1","0"
"POINT (9.206539240000000 49.185372721999997)","Unfall 23635 (2016) Kat:3, Licht: 0","23635","3","6","2","01","13","6","","0","0","1","0","0"
"POINT (9.146398008000000 49.187937275000003)","Unfall 23735 (2016) Kat:3, Licht: 0","23735","3","1","9","01","09","7","","0","0","1","0","0"
"POINT (9.236858412000000 49.164516112999998)","Unfall 23799 (2016) Kat:3, Licht: 0","23799","3","1","9","01","09","3","","0","0","1","0","0"
"POINT (9.199657751000000 49.140542306000000)","Unfall 23819 (2016) Kat:3, Licht: 2","23819","3","1","8","01","02","1","","2","0","1","0","0"
"POINT (9.197828496000000 49.131166262000001)","Unfall 23960 (2016) Kat:3, Licht: 2","23960","3","6","2","01","17","7","","2","0","1","0","0"
"POINT (9.149615753000001 49.188076328000001)","Unfall 24034 (2016) Kat:3, Licht: 0","24034","3","6","2","01","15","6","","0","0","1","0","0"
"POINT (9.250185710000000 49.151407116999998)","Unfall 24193 (2016) Kat:3, Licht: 0","24193","3","6","2","01","13","2","","0","0","1","0","0"
"POINT (9.203871027000000 49.126604100000002)","Unfall 24205 (2016) Kat:3, Licht: 2","24205","3","2","6","01","20","7","","2","0","1","1","0"
"POINT (9.229834426000000 49.146027500999999)","Unfall 24214 (2016) Kat:3, Licht: 2","24214","3","6","1","01","18","5","","2","0","1","0","0"
"POINT (9.191350052000001 49.141129997000000)","Unfall 24285 (2016) Kat:3, Licht: 2","24285","3","6","2","02","19","2","","2","0","1","0","0"
"POINT (9.212402588000000 49.169721322000001)","Unfall 24314 (2016) Kat:3, Licht: 0","24314","3","7","5","02","14","6","","0","0","1","0","0"
"POINT (9.192851330000000 49.125336181999998)","Unfall 24332 (2016) Kat:3, Licht: 0","24332","3","6","2","02","13","2","","0","0","1","0","0"
"POINT (9.193404609000000 49.141383458999996)","Unfall 24378 (2016) Kat:3, Licht: 2","24378","3","2","6","02","19","3","","2","0","1","1","0"
"POINT (9.229947797000000 49.142637610000001)","Unfall 24450 (2016) Kat:3, Licht: 2","24450","3","2","5","02","17","5","","2","0","1","0","0"
"POINT (9.230296600000001 49.145820176000001)","Unfall 24563 (2016) Kat:3, Licht: 2","24563","3","3","5","02","18","3","","2","0","1","0","0"
"POINT (9.187705192999999 49.151530518000001)","Unfall 24627 (2016) Kat:3, Licht: 1","24627","3","3","5","02","17","3","","1","1","1","0","0"
"POINT (9.207438420000001 49.151495089999997)","Unfall 24650 (2016) Kat:2, Licht: 2","24650","2","6","1","02","18","3","","2","0","1","0","0"
"POINT (9.218956379000000 49.169079697999997)","Unfall 24683 (2016) Kat:3, Licht: 2","24683","3","2","2","02","18","2","","2","0","1","0","0"
"POINT (9.229798633000000 49.142553296000003)","Unfall 24734 (2016) Kat:3, Licht: 0","24734","3","2","2","02","15","7","","0","1","1","0","0"
"POINT (9.143179985000000 49.193413542000002)","Unfall 24937 (2016) Kat:3, Licht: 2","24937","3","1","9","02","03","1","","2","0","1","0","0"
"POINT (9.155221645999999 49.188198378000003)","Unfall 24979 (2016) Kat:3, Licht: 2","24979","3","6","2","02","18","4","","2","0","1","0","0"
"POINT (9.130471955999999 49.203235362999997)","Unfall 25043 (2016) Kat:3, Licht: 0","25043","3","6","2","02","12","7","","0","0","1","0","0"
"POINT (9.217443435000000 49.129122928999998)","Unfall 25046 (2016) Kat:2, Licht: 0","25046","2","3","5","02","08","6","","0","1","1","0","0"
"POINT (9.208062587000001 49.139005201000003)","Unfall 25073 (2016) Kat:3, Licht: 0","25073","3","6","2","02","17","7","","0","0","1","0","0"
"POINT (9.182182445000001 49.151232948000001)","Unfall 25088 (2016) Kat:3, Licht: 0","25088","3","6","2","02","07","3","","0","0","1","0","0"
"POINT (9.199353154000001 49.138377018000000)","Unfall 25200 (2016) Kat:3, Licht: 0","25200","3","6","3","02","13","7","","0","0","1","0","0"
"POINT (9.201599033999999 49.182708632999997)","Unfall 25218 (2016) Kat:2, Licht: 2","25218","2","3","5","02","17","2","","2","0","1","0","0"
"POINT (9.222486132000000 49.124065268000003)","Unfall 25273 (2016) Kat:3, Licht: 2","25273","3","2","6","02","19","3","","2","0","1","1","0"
"POINT (9.218751583000000 49.169016782999996)","Unfall 25285 (2016) Kat:3, Licht: 0","25285","3","6","1","02","12","2","","0","0","1","0","0"
"POINT (9.224268670000001 49.155470561000001)","Unfall 25302 (2016) Kat:3, Licht: 0","25302","3","6","1","02","15","2","","0","0","1","0","0"
"POINT (9.216457877000000 49.146515876999999)","Unfall 25363 (2016) Kat:3, Licht: 2","25363","3","1","0","02","21","7","","2","0","0","0","1"
"POINT (9.163803532999999 49.154189651999999)","Unfall 25439 (2016) Kat:3, Licht: 2","25439","3","6","3","03","21","3","","2","0","1","0","0"
"POINT (9.199787571000000 49.139810545000003)","Unfall 25470 (2016) Kat:2, Licht: 0","25470","2","6","3","02","11","5","","0","0","1","0","0"
"POINT (9.198173555000000 49.185398266000000)","Unfall 25496 (2016) Kat:3, Licht: 1","25496","3","6","2","03","06","3","","1","0","1","0","0"
"POINT (9.202442107000000 49.157629673000002)","Unfall 25506 (2016) Kat:3, Licht: 1","25506","3","7","0","02","18","7","","1","0","1","0","0"
"POINT (9.221454495000000 49.148927461000000)","Unfall 25630 (2016) Kat:3, Licht: 0","25630","3","4","6","02","09","6","","0","0","0","1","0"
"POINT (9.214637379999999 49.169614439999997)","Unfall 25653 (2016) Kat:3, Licht: 0","25653","3","6","2","03","13","5","","0","0","1","0","0"
"POINT (9.176387959000000 49.189355343999999)","Unfall 25833 (2016) Kat:3, Licht: 2","25833","3","6","2","03","19","6","","2","0","1","0","0"
"POINT (9.225275930000001 49.146164538999997)","Unfall 25873 (2016) Kat:3, Licht: 2","25873","3","2","6","03","19","7","","2","0","1","1","0"
"POINT (9.193759553000000 49.186090692999997)","Unfall 26002 (2016) Kat:3, Licht: 2","26002","3","2","4","03","05","7","","2","0","1","0","0"
"POINT (9.218416937000001 49.133186125999998)","Unfall 26134 (2016) Kat:3, Licht: 0","26134","3","2","4","03","14","6","","0","0","1","0","0"
"POINT (9.225642910000000 49.167810654000000)","Unfall 26144 (2016) Kat:3, Licht: 0","26144","3","6","2","03","13","7","","0","0","1","0","1"
"POINT (9.145462239000000 49.192656278999998)","Unfall 26148 (2016) Kat:3, Licht: 1","26148","3","1","8","03","18","4","","1","0","1","0","0"
"POINT (9.126450336000000 49.186455871000000)","Unfall 26323 (2016) Kat:3, Licht: 0","26323","3","6","2","03","11","5","","0","0","1","0","0"
"POINT (9.102863850000000 49.195221527999998)","Unfall 26390 (2016) Kat:3, Licht: 0","26390","3","6","2","03","09","2","","0","0","1","0","0"
"POINT (9.221804789000000 49.168427876999999)","Unfall 26406 (2016) Kat:3, Licht: 0","26406","3","6","2","03","16","6","","0","0","1","0","0"
"POINT (9.202277222999999 49.176425403000003)","Unfall 26408 (2016) Kat:3, Licht: 0","26408","3","1","0","03","13","5","","0","0","0","0","1"
"POINT (9.184610749000001 49.187786869999996)","Unfall 26461 (2016) Kat:2, Licht: 2","26461","2","4","6","03","19","2","","2","0","1","1","0"
"POINT (9.209467075999999 49.169409191000000)","Unfall 26531 (2016) Kat:3, Licht: 2","26531","3","3","0","03","04","3","","2","1","0","0","0"
"POINT (9.225448423000000 49.168009771999998)","Unfall 26573 (2016) Kat:3, Licht: 0","26573","3","7","2","03","10","5","","0","0","1","0","0"
"POINT (9.225002710000000 49.171820220000001)","Unfall 26655 (2016) Kat:3, Licht: 0","26655","3","1","0","03","14","4","","0","0","0","0","1"
"POINT (9.216520668999999 49.184074635999998)","Unfall 26683 (2016) Kat:3, Licht: 2","26683","3","6","2","03","18","5","","2","0","1","0","0"
"POINT (9.216887453000000 49.169407845000002)","Unfall 26810 (2016) Kat:3, Licht: 0","26810","3","6","2","03","14","7","","0","0","1","0","0"
"POINT (9.224551823000001 49.168056692000000)","Unfall 26929 (2016) Kat:3, Licht: 0","26929","3","7","3","03","18","3","","0","0","1","0","0"
"POINT (9.122158397000000 49.179652674000003)","Unfall 27043 (2016) Kat:3, Licht: 0","27043","3","6","1","03","16","5","","0","0","1","0","0"
"POINT (9.229267632000001 49.136950312000003)","Unfall 27151 (2016) Kat:3, Licht: 0","27151","3","7","1","04","07","5","","0","1","1","0","0"
"POINT (9.218112044000000 49.131857615999998)","Unfall 27157 (2016) Kat:3, Licht: 0","27157","3","3","5","04","13","1","","0","0","1","0","0"
"POINT (9.213673925000000 49.142587968000001)","Unfall 27231 (2016) Kat:3, Licht: 0","27231","3","6","6","04","16","3","","0","1","0","1","0"
"POINT (9.145799380000000 49.112984195000003)","Unfall 27334 (2016) Kat:3, Licht: 0","27334","3","6","0","03","14","5","","0","0","1","0","0"
"POINT (9.199525490999999 49.152531666000002)","Unfall 27356 (2016) Kat:3, Licht: 0","27356","3","3","5","04","12","1","","0","0","1","0","0"
"POINT (9.235868277000000 49.109423726000003)","Unfall 27382 (2016) Kat:1, Licht: 2","27382","1","6","4","03","20","3","","2","0","1","0","0"
"POINT (9.204018554999999 49.126651510999999)","Unfall 27462 (2016) Kat:3, Licht: 0","27462","3","6","2","04","11","7","","0","0","1","0","0"
"POINT (9.106958264999999 49.193866802000002)","Unfall 27548 (2016) Kat:3, Licht: 0","27548","3","6","2","04","18","6","","0","0","1","0","0"
"POINT (9.188046289000001 49.127253119000002)","Unfall 27558 (2016) Kat:3, Licht: 2","27558","3","3","5","04","22","4","","2","0","1","0","0"
"POINT (9.219983481000000 49.132182569999998)","Unfall 27707 (2016) Kat:3, Licht: 0","27707","3","6","1","04","07","3","","0","0","1","0","1"
"POINT (9.224961034000000 49.156851607000000)","Unfall 27740 (2016) Kat:3, Licht: 0","27740","3","6","2","04","13","6","","0","0","1","0","0"
"POINT (9.223548890000000 49.146238044000000)","Unfall 27787 (2016) Kat:3, Licht: 0","27787","3","4","6","04","15","6","","0","0","1","1","0"
"POINT (9.203554580000001 49.151968087999997)","Unfall 27823 (2016) Kat:2, Licht: 0","27823","2","6","2","04","08","3","","0","0","1","0","0"
"POINT (9.216347517000001 49.120198283000001)","Unfall 27896 (2016) Kat:3, Licht: 0","27896","3","3","5","04","11","7","","0","0","1","0","1"
"POINT (9.222444511000001 49.123274680999998)","Unfall 27916 (2016) Kat:3, Licht: 0","27916","3","3","5","04","13","4","","0","1","1","0","0"
"POINT (9.196749642000000 49.141840887999997)","Unfall 27928 (2016) Kat:3, Licht: 0","27928","3","2","6","04","11","3","","0","0","0","1","0"
"POINT (9.193723901000000 49.186101788999999)","Unfall 27973 (2016) Kat:2, Licht: 1","27973","2","2","4","04","06","7","","1","0","1","0","0"
"POINT (9.214359526000001 49.135974550000000)","Unfall 27978 (2016) Kat:3, Licht: 0","27978","3","6","2","04","16","3","","0","0","1","0","0"
"POINT (9.090297759000000 49.196682611999996)","Unfall 28012 (2016) Kat:2, Licht: 0","28012","2","3","5","04","07","3","","0","0","1","0","0"
"POINT (9.203684192000001 49.126545184999998)","Unfall 28040 (2016) Kat:3, Licht: 0","28040","3","1","3","04","07","2","","0","0","1","0","1"
"POINT (9.189228014999999 49.188117476999999)","Unfall 28057 (2016) Kat:3, Licht: 0","28057","3","6","2","04","12","6","","0","0","1","0","0"
"POINT (9.218961652000001 49.169049450000003)","Unfall 28181 (2016) Kat:3, Licht: 0","28181","3","3","5","04","14","7","","0","0","1","0","0"
"POINT (9.226704384000000 49.133992128999999)","Unfall 28279 (2016) Kat:3, Licht: 2","28279","3","3","5","04","06","4","","2","1","1","0","0"
"POINT (9.223764664999999 49.127230023999999)","Unfall 28358 (2016) Kat:3, Licht: 0","28358","3","6","2","04","07","3","","0","0","1","0","0"
"POINT (9.228970905000001 49.134694080000003)","Unfall 28383 (2016) Kat:3, Licht: 0","28383","3","3","5","04","07","2","","0","1","1","0","0"
"POINT (9.229593484000001 49.139894415999997)","Unfall 28386 (2016) Kat:3, Licht: 0","28386","3","6","2","04","14","2","","0","0","1","0","1"
"POINT (9.174884548000000 49.156450911999997)","Unfall 28437 (2016) Kat:3, Licht: 0","28437","3","6","2","04","17","5","","0","0","1","0","0"
"POINT (9.199978741000001 49.145822226999996)","Unfall 28539 (2016) Kat:3, Licht: 0","28539","3","6","2","04","10","4","","0","0","1","0","0"
"POINT (9.162395159000001 49.188554752999998)","Unfall 28675 (2016) Kat:3, Licht: 0","28675","3","6","2","04","12","6","","0","0","1","0","0"
"POINT (9.218656701000001 49.170794927999999)","Unfall 28705 (2016) Kat:3, Licht: 0","28705","3","3","5","04","14","6","","0","1","1","0","0"
"POINT (9.219160802999999 49.167397370000003)","Unfall 28796 (2016) Kat:3, Licht: 0","28796","3","4","6","04","14","6","","0","0","1","1","0"
"POINT (9.216020629999999 49.118960676999997)","Unfall 28804 (2016) Kat:3, Licht: 0","28804","3","3","5","05","16","4","","0","1","1","0","0"
"POINT (9.182808259000000 49.188891937000001)","Unfall 29014 (2016) Kat:3, Licht: 0","29014","3","6","2","05","14","2","","0","0","1","0","0"
"POINT (9.224184318000001 49.155305278999997)","Unfall 29046 (2016) Kat:3, Licht: 2","29046","3","6","1","05","21","2","","2","0","1","0","0"
"POINT (9.116019118000001 49.189827057999999)","Unfall 29078 (2016) Kat:3, Licht: 0","29078","3","1","8","05","13","3","","0","0","1","0","0"
"POINT (9.135832722000000 49.188337320999999)","Unfall 29120 (2016) Kat:2, Licht: 0","29120","2","3","5","05","10","2","","0","0","0","0","1"
"POINT (9.219896675999999 49.132102775000000)","Unfall 29234 (2016) Kat:2, Licht: 1","29234","2","1","8","05","05","5","","1","0","1","0","0"
"POINT (9.221199726000000 49.146463773999997)","Unfall 29252 (2016) Kat:3, Licht: 2","29252","3","7","0","05","00","5","","2","0","1","0","0"
"POINT (9.172064205000000 49.159149597000003)","Unfall 29337 (2016) Kat:3, Licht: 0","29337","3","1","1","05","06","1","","0","0","1","0","0"
"POINT (9.229476784999999 49.138951136999999)","Unfall 29496 (2016) Kat:3, Licht: 0","29496","3","6","2","05","17","3","","0","0","1","0","0"
"POINT (9.199989162000000 49.185973318000002)","Unfall 29599 (2016) Kat:3, Licht: 0","29599","3","6","3","05","16","4","","0","0","1","0","0"
"POINT (9.227897473000001 49.133073471000003)","Unfall 29642 (2016) Kat:3, Licht: 0","29642","3","3","5","05","07","3","","0","1","1","0","0"
"POINT (9.217084867000001 49.125824958000003)","Unfall 29817 (2016) Kat:3, Licht: 1","29817","3","3","2","05","19","2","","1","0","1","0","0"
"POINT (9.197295974999999 49.168360043000000)","Unfall 29835 (2016) Kat:3, Licht: 0","29835","3","2","6","05","11","2","","0","0","1","1","0"
"POINT (9.184418000000001 49.146235212999997)","Unfall 29995 (2016) Kat:3, Licht: 0","29995","3","3","0","05","16","2","","0","1","1","0","0"
"POINT (9.101200938000000 49.184282762000002)","Unfall 30006 (2016) Kat:3, Licht: 0","30006","3","7","9","05","06","6","","0","0","1","0","0"
"POINT (9.121893069000000 49.187588247999997)","Unfall 30077 (2016) Kat:2, Licht: 0","30077","2","6","9","05","18","6","","0","0","1","0","0"
"POINT (9.213503897000001 49.148284050999997)","Unfall 30150 (2016) Kat:3, Licht: 0","30150","3","1","8","05","12","2","","0","0","1","0","0"
"POINT (9.194273065999999 49.122038885999999)","Unfall 30247 (2016) Kat:3, Licht: 2","30247","3","7","6","05","22","4","","2","1","0","1","0"
"POINT (9.210875035999999 49.169597469999999)","Unfall 30411 (2016) Kat:3, Licht: 0","30411","3","3","5","05","12","2","","0","0","1","0","0"
"POINT (9.212371094000000 49.169719086000001)","Unfall 30531 (2016) Kat:3, Licht: 0","30531","3","6","3","05","10","6","","0","0","1","0","0"
"POINT (9.159512676000000 49.140283894000000)","Unfall 30679 (2016) Kat:3, Licht: 0","30679","3","3","5","06","17","3","","0","0","1","0","0"
"POINT (9.214544093000001 49.130251225000002)","Unfall 30705 (2016) Kat:3, Licht: 0","30705","3","2","5","06","12","6","","0","0","1","0","0"
"POINT (9.158898292000000 49.189664065999999)","Unfall 30871 (2016) Kat:2, Licht: 0","30871","2","7","4","06","06","3","","0","0","1","0","0"
"POINT (9.197880466999999 49.131310487000000)","Unfall 31064 (2016) Kat:1, Licht: 2","31064","1","4","6","06","22","5","","2","0","1","1","0"
"POINT (9.161198529000000 49.167311978999997)","Unfall 31068 (2016) Kat:2, Licht: 0","31068","2","2","5","06","08","3","","0","0","1","0","1"
"POINT (9.201705861000001 49.182067858000003)","Unfall 31109 (2016) Kat:3, Licht: 0","31109","3","1","2","06","19","5","","0","0","1","0","1"
"POINT (9.210037254000000 49.169543124999997)","Unfall 31198 (2016) Kat:3, Licht: 0","31198","3","2","4","06","14","6","","0","0","1","0","1"
"POINT (9.224685710999999 49.128770795999998)","Unfall 31272 (2016) Kat:3, Licht: 0","31272","3","3","5","06","19","4","","0","1","1","0","0"
"POINT (9.217897218999999 49.130990134999998)","Unfall 31467 (2016) Kat:2, Licht: 0","31467","2","7","6","06","10","5","","0","0","1","1","0"
"POINT (9.212307484000000 49.136754881999998)","Unfall 31520 (2016) Kat:3, Licht: 0","31520","3","6","2","06","10","6","","0","0","1","0","0"
"POINT (9.214677574000000 49.116164267999999)","Unfall 31540 (2016) Kat:3, Licht: 0","31540","3","7","0","06","13","5","","0","1","0","0","0"
"POINT (9.218424272000000 49.133216388999998)","Unfall 31586 (2016) Kat:3, Licht: 0","31586","3","2","5","06","15","7","","0","0","1","0","0"
"POINT (9.176062742999999 49.140031618999998)","Unfall 31845 (2016) Kat:3, Licht: 0","31845","3","7","2","06","14","1","","0","0","1","0","0"
"POINT (9.207504200000001 49.151469650000003)","Unfall 31906 (2016) Kat:3, Licht: 0","31906","3","6","2","06","07","2","","0","0","1","0","0"
"POINT (9.225355921000000 49.157947878000002)","Unfall 31973 (2016) Kat:3, Licht: 0","31973","3","1","8","06","15","5","","0","0","1","0","0"
"POINT (9.197870798000000 49.137452195000002)","Unfall 32039 (2016) Kat:3, Licht: 2","32039","3","1","9","06","04","7","","2","0","1","0","0"
"POINT (9.221179874000001 49.146359107000002)","Unfall 32162 (2016) Kat:2, Licht: 2","32162","2","3","5","06","23","1","","2","0","1","0","0"
"POINT (9.193162782000000 49.152106445000001)","Unfall 32203 (2016) Kat:3, Licht: 0","32203","3","6","4","06","19","5","","0","1","0","0","0"
"POINT (9.223497647000000 49.126777892000000)","Unfall 32242 (2016) Kat:3, Licht: 0","32242","3","6","2","06","08","6","","0","0","1","0","0"
"POINT (9.213995677000000 49.147803609000000)","Unfall 32299 (2016) Kat:2, Licht: 0","32299","2","7","6","06","14","3","","0","0","0","1","0"
"POINT (9.221716732999999 49.150168964999999)","Unfall 32342 (2016) Kat:3, Licht: 0","32342","3","6","2","06","12","4","","0","0","1","0","0"
"POINT (9.222325023000000 49.121040886000003)","Unfall 32378 (2016) Kat:3, Licht: 0","32378","3","2","9","06","10","2","","0","0","1","0","0"
"POINT (9.201598757999999 49.138085201999999)","Unfall 32443 (2016) Kat:3, Licht: 0","32443","3","6","1","06","18","1","","0","0","1","0","0"
"POINT (9.218606959000001 49.157406670999997)","Unfall 32454 (2016) Kat:3, Licht: 0","32454","3","3","5","06","17","4","","0","1","1","0","0"
"POINT (9.224192219000001 49.155320801000002)","Unfall 32541 (2016) Kat:3, Licht: 2","32541","3","2","4","06","23","4","","2","1","1","0","0"
"POINT (9.194369811000000 49.187024289999997)","Unfall 32579 (2016) Kat:2, Licht: 0","32579","2","6","2","07","09","6","","0","0","1","0","0"
"POINT (9.218131473000000 49.131860848000002)","Unfall 32598 (2016) Kat:3, Licht: 0","32598","3","3","5","07","07","7","","0","0","1","0","0"
"POINT (9.204449234000000 49.168492622999999)","Unfall 32633 (2016) Kat:3, Licht: 0","32633","3","6","2","06","18","5","","0","0","1","0","0"
"POINT (9.227771145000000 49.132912707000003)","Unfall 32717 (2016) Kat:3, Licht: 0","32717","3","3","5","07","12","6","","0","1","1","0","0"
"POINT (9.224580854999999 49.156080848000002)","Unfall 32857 (2016) Kat:3, Licht: 0","32857","3","6","2","07","16","5","","0","0","1","0","0"
"POINT (9.221611671000000 49.146331277999998)","Unfall 32995 (2016) Kat:3, Licht: 0","32995","3","6","2","07","06","6","","0","0","1","0","0"
"POINT (9.199531231000000 49.152532424999997)","Unfall 33126 (2016) Kat:3, Licht: 0","33126","3","3","5","07","18","6","","0","0","1","0","0"
"POINT (9.189472923000000 49.143235660999999)","Unfall 33389 (2016) Kat:2, Licht: 0","33389","2","2","4","07","07","4","","0","1","1","0","0"
"POINT (9.226758623000000 49.133904731000001)","Unfall 33442 (2016) Kat:2, Licht: 0","33442","2","4","6","07","18","5","","0","0","1","1","0"
"POINT (9.209000107000000 49.128297637000003)","Unfall 33504 (2016) Kat:3, Licht: 0","33504","3","3","5","07","10","7","","0","1","1","0","0"
"POINT (9.229615213000001 49.141209873999998)","Unfall 33509 (2016) Kat:3, Licht: 2","33509","3","7","0","07","01","1","","2","1","0","0","0"
"POINT (9.210140880999999 49.184986885999997)","Unfall 33558 (2016) Kat:3, Licht: 0","33558","3","6","2","07","17","1","","0","0","1","0","0"
"POINT (9.226380591000000 49.162013592999998)","Unfall 33600 (2016) Kat:2, Licht: 0","33600","2","1","8","07","14","7","","0","1","0","0","0"
"POINT (9.172783910000000 49.123294278000003)","Unfall 33673 (2016) Kat:3, Licht: 0","33673","3","7","0","07","07","2","","0","0","1","0","0"
"POINT (9.227926612999999 49.133110555999998)","Unfall 33701 (2016) Kat:3, Licht: 0","33701","3","6","2","07","10","3","","0","0","1","0","0"
"POINT (9.200020170000000 49.148765757000000)","Unfall 33755 (2016) Kat:2, Licht: 0","33755","2","2","4","07","15","2","","0","0","1","0","1"
"POINT (9.197806320000000 49.131123121000002)","Unfall 33837 (2016) Kat:3, Licht: 0","33837","3","3","5","07","10","2","","0","0","1","0","0"
"POINT (9.200150200000000 49.147473077999997)","Unfall 33866 (2016) Kat:3, Licht: 0","33866","3","6","3","07","12","3","","0","0","1","0","0"
"POINT (9.201046792000000 49.152061564000000)","Unfall 33977 (2016) Kat:3, Licht: 0","33977","3","6","2","07","18","4","","0","0","1","0","1"
"POINT (9.222481970000001 49.152747685999998)","Unfall 33987 (2016) Kat:3, Licht: 0","33987","3","6","3","07","20","3","","0","0","1","0","1"
"POINT (9.226368194999999 49.131186440000000)","Unfall 34064 (2016) Kat:3, Licht: 0","34064","3","2","3","07","15","4","","0","1","0","0","0"
"POINT (9.176422701000000 49.140066267999998)","Unfall 34104 (2016) Kat:3, Licht: 0","34104","3","6","2","07","17","2","","0","0","1","0","0"
"POINT (9.211197071999999 49.169623016999999)","Unfall 34265 (2016) Kat:2, Licht: 0","34265","2","3","5","07","15","2","","0","1","1","0","0"
"POINT (9.151597357000000 49.140773406999998)","Unfall 34347 (2016) Kat:3, Licht: 0","34347","3","6","3","07","08","4","","0","0","1","0","0"
"POINT (9.223117617000000 49.146255480000001)","Unfall 34375 (2016) Kat:3, Licht: 0","34375","3","6","2","07","15","2","","0","0","1","0","0"
"POINT (9.217759925999999 49.130474118000002)","Unfall 34389 (2016) Kat:2, Licht: 0","34389","2","3","5","07","16","1","","0","0","1","0","1"
"POINT (9.183423168999999 49.164862325000001)","Unfall 34473 (2016) Kat:2, Licht: 0","34473","2","2","1","07","11","5","","0","0","1","0","0"
"POINT (9.203710666999999 49.126553395999998)","Unfall 34499 (2016) Kat:3, Licht: 0","34499","3","6","1","07","17","4","","0","0","1","0","0"
"POINT (9.222101217000001 49.134182963999997)","Unfall 34505 (2016) Kat:3, Licht: 0","34505","3","3","6","07","10","4","","0","0","1","1","0"
"POINT (9.174954917999999 49.100737141000003)","Unfall 34510 (2016) Kat:3, Licht: 0","34510","3","4","6","07","18","5","","0","0","1","1","0"
"POINT (9.229934225999999 49.146069216999997)","Unfall 34537 (2016) Kat:3, Licht: 0","34537","3","6","2","07","11","7","","0","0","1","0","0"
"POINT (9.226674359000000 49.133907622999999)","Unfall 34581 (2016) Kat:3, Licht: 0","34581","3","3","5","07","14","6","","0","0","1","0","0"
"POINT (9.229449642000001 49.138731743000001)","Unfall 34583 (2016) Kat:3, Licht: 0","34583","3","3","5","08","10","2","","0","0","1","0","0"
"POINT (9.198068249000000 49.132129966000001)","Unfall 34706 (2016) Kat:3, Licht: 0","34706","3","6","2","07","17","7","","0","0","1","0","0"
"POINT (9.207728211999999 49.151341107000000)","Unfall 34776 (2016) Kat:3, Licht: 2","34776","3","2","4","07","00","6","","2","0","1","0","0"
"POINT (9.226772660000000 49.131664540000003)","Unfall 34778 (2016) Kat:3, Licht: 0","34778","3","6","2","08","18","2","","0","0","1","0","0"
"POINT (9.146022153000001 49.199524476000001)","Unfall 34850 (2016) Kat:2, Licht: 0","34850","2","2","4","07","14","6","","0","0","1","0","0"
"POINT (9.213941525999999 49.169746412000002)","Unfall 34876 (2016) Kat:3, Licht: 0","34876","3","3","5","08","19","2","","0","1","1","0","0"
"POINT (9.153876546999999 49.188187587999998)","Unfall 34939 (2016) Kat:3, Licht: 0","34939","3","6","2","08","18","5","","0","0","1","0","0"
"POINT (9.225411828000000 49.168132032000003)","Unfall 35166 (2016) Kat:3, Licht: 0","35166","3","6","2","08","18","4","","0","0","1","0","0"
"POINT (9.205161936000000 49.185410918000002)","Unfall 35327 (2016) Kat:3, Licht: 0","35327","3","6","2","08","19","6","","0","0","1","0","0"