WKT,Name,OBJECTID,UKATEGORIE,UTYP1,UART,UMONAT,USTUNDE,UWOCHENTAG,STRZUSTAND,ULICHTVERH,ISTRAD,ISTPKW,ISTFUSS,ISTKRAD
"POINT (9.209871859000000 49.172382614000000)","Unfall 113388 (2016) Kat:3, Licht: 2","113388","3","7","6","05","02","6","","2","0","1","1","0"
"POINT (9.221131531999999 49.170320492000002)","Unfall 113391 (2016) Kat:3, Licht: 0","113391","3","6","3","05","10","5","","0","0","1","0","0"
"POINT (9.243931912000001 49.141374028999998)","Unfall 113520 (2016) Kat:2, Licht: 2","113520","2","7","0","05","02","1","","2","1","0","0","0"
"POINT (9.216159057000001 49.139064185000002)","Unfall 113614 (2016) Kat:3, Licht: 0","113614","3","7","0","05","17","5","","0","1","0","0","0"
"POINT (9.223081484000000 49.145090009999997)","Unfall 113660 (2016) Kat:3, Licht: 0","113660","3","6","1","05","14","3","","0","0","1","0","0"
"POINT (9.151338880999999 49.180636432000000)","Unfall 113706 (2016) Kat:3, Licht: 0","113706","3","6","2","06","16","6","","0","0","1","0","0"
"POINT (9.222529600000000 49.133057805999997)","Unfall 113753 (2016) Kat:2, Licht: 0","113753","2","3","5","06","07","4","","0","1","1","0","0"
"POINT (9.211529235000000 49.121475766000003)","Unfall 113756 (2016) Kat:3, Licht: 0","113756","3","6","1","06","14","6","","0","0","1","0","1"
"POINT (9.194472361000001 49.142566627999997)","Unfall 113774 (2016) Kat:2, Licht: 0","113774","2","3","0","06","10","7","","0","1","1","0","0"
"POINT (9.223127886000000 49.144369265000002)","Unfall 113857 (2016) Kat:3, Licht: 0","113857","3","7","0","06","08","6","","0","1","0","0","0"
"POINT (9.191776512000001 49.134760868000001)","Unfall 113928 (2016) Kat:3, Licht: 0","113928","3","3","5","06","07","5","","0","1","1","0","0"
"POINT (9.210953795000000 49.133820626999999)","Unfall 114039 (2016) Kat:3, Licht: 0","114039","3","3","5","06","18","3","","0","1","1","0","0"
"POINT (9.201391407999999 49.168914268000002)","Unfall 114077 (2016) Kat:3, Licht: 0","114077","3","6","2","06","17","6","","0","0","1","0","0"
"POINT (9.206613774999999 49.121186604000002)","Unfall 114115 (2016) Kat:2, Licht: 0","114115","2","3","5","06","14","6","","0","1","1","0","0"
"POINT (9.194154500000000 49.129557832000003)","Unfall 114166 (2016) Kat:3, Licht: 0","114166","3","6","4","06","16","6","","0","0","1","0","0"
"POINT (9.194591755999999 49.142900461000004)","Unfall 114243 (2016) Kat:3, Licht: 0","114243","3","3","5","06","19","1","","0","0","1","0","0"
"POINT (9.219366358000000 49.137326713000000)","Unfall 114334 (2016) Kat:3, Licht: 0","114334","3","5","1","06","07","6","","0","0","1","0","0"
"POINT (9.235349448999999 49.144817459000002)","Unfall 114441 (2016) Kat:3, Licht: 0","114441","3","4","6","06","08","3","","0","0","0","1","0"
"POINT (9.231967493999999 49.145073365000002)","Unfall 114460 (2016) Kat:3, Licht: 0","114460","3","3","5","06","08","5","","0","0","1","0","0"
"POINT (9.234546140000001 49.138466350000002)","Unfall 114463 (2016) Kat:3, Licht: 0","114463","3","7","8","06","20","4","","0","0","1","0","0"
"POINT (9.203673095999999 49.123694376000003)","Unfall 114476 (2016) Kat:3, Licht: 0","114476","3","3","5","06","07","4","","0","1","1","0","0"
"POINT (9.172224300000000 49.160234189000001)","Unfall 114564 (2016) Kat:3, Licht: 0","114564","3","1","8","06","13","5","","0","0","1","0","0"
"POINT (9.214598746000000 49.139789514000000)","Unfall 114593 (2016) Kat:3, Licht: 0","114593","3","3","5","06","15","3","","0","1","1","0","0"
"POINT (9.206670210000000 49.121962105999998)","Unfall 114658 (2016) Kat:3, Licht: 0","114658","3","3","5","06","16","4","","0","0","1","0","1"
"POINT (9.147429400000000 49.199554427000002)","Unfall 114668 (2016) Kat:2, Licht: 0","114668","2","2","3","06","07","5","","0","0","1","0","1"
"POINT (9.192846597999999 49.120357435999999)","Unfall 114704 (2016) Kat:2, Licht: 0","114704","2","2","3","06","20","4","","0","1","0","0","0"
"POINT (9.210562203000000 49.137260200000000)","Unfall 114797 (2016) Kat:3, Licht: 0","114797","3","7","1","06","19","3","","0","0","1","0","1"
"POINT (9.218559525000000 49.146257636000001)","Unfall 114810 (2016) Kat:3, Licht: 0","114810","3","6","2","06","09","3","","0","0","1","0","0"
"POINT (9.192999445000000 49.133797618000003)","Unfall 114845 (2016) Kat:3, Licht: 0","114845","3","4","6","06","16","6","","0","0","1","1","0"
"POINT (9.214528730000000 49.130226159000003)","Unfall 114847 (2016) Kat:3, Licht: 0","114847","3","3","5","06","07","6","","0","0","1","0","0"
"POINT (9.217919087000000 49.130792913000001)","Unfall 114856 (2016) Kat:3, Licht: 0","114856","3","2","4","06","15","6","","0","1","1","0","0"
"POINT (9.225309255000001 49.138986883999998)","Unfall 114911 (2016) Kat:3, Licht: 0","114911","3","3","5","06","12","7","","0","1","1","0","0"
"POINT (9.223688770000001 49.148249208000003)","Unfall 114951 (2016) Kat:2, Licht: 0","114951","2","3","5","06","20","2","","0","1","1","0","0"
"POINT (9.218914829999999 49.147528373999997)","Unfall 114996 (2016) Kat:3, Licht: 0","114996","3","3","5","07","16","3","","0","1","1","0","1"
"POINT (9.231845976000001 49.144191630000002)","Unfall 115004 (2016) Kat:3, Licht: 0","115004","3","7","1","07","12","3","","0","0","1","0","0"
"POINT (9.220245750000000 49.152092947000000)","Unfall 115094 (2016) Kat:3, Licht: 0","115094","3","6","4","07","18","2","","0","1","0","0","0"
"POINT (9.230523431000000 49.143760667999999)","Unfall 115184 (2016) Kat:2, Licht: 0","115184","2","6","6","07","11","3","","0","1","0","1","0"
"POINT (9.220886389000000 49.136052493000001)","Unfall 115206 (2016) Kat:3, Licht: 0","115206","3","2","3","07","21","1","","0","0","1","0","0"
"POINT (9.222808229000000 49.139105266999998)","Unfall 115297 (2016) Kat:3, Licht: 0","115297","3","2","4","07","17","5","","0","1","1","0","0"
"POINT (9.228310142000000 49.156550037000002)","Unfall 115302 (2016) Kat:3, Licht: 0","115302","3","3","5","07","14","5","","0","0","1","0","0"
"POINT (9.215047635000000 49.140353271000002)","Unfall 115397 (2016) Kat:3, Licht: 0","115397","3","6","4","07","10","7","","0","1","0","0","0"
"POINT (9.217528918999999 49.124050920999998)","Unfall 115641 (2016) Kat:2, Licht: 0","115641","2","4","6","07","16","5","","0","0","1","1","0"
"POINT (9.226226218000001 49.140123443000000)","Unfall 115652 (2016) Kat:3, Licht: 0","115652","3","7","5","07","16","5","","0","1","1","0","0"
"POINT (9.197773967000000 49.146059112000003)","Unfall 115897 (2016) Kat:3, Licht: 0","115897","3","3","5","07","18","2","","0","0","0","0","1"
"POINT (9.206141876000000 49.153012682000004)","Unfall 116286 (2016) Kat:3, Licht: 2","116286","3","6","2","07","21","7","","2","0","1","0","0"
"POINT (9.226610052000000 49.152698813000001)","Unfall 116424 (2016) Kat:3, Licht: 0","116424","3","3","5","07","17","4","","0","1","1","0","0"
"POINT (9.157721329999999 49.133131972000001)","Unfall 116528 (2016) Kat:2, Licht: 0","116528","2","3","5","08","12","5","","0","1","1","0","0"
"POINT (9.220738401000000 49.140293974000002)","Unfall 116558 (2016) Kat:3, Licht: 0","116558","3","6","4","08","14","6","","0","1","0","0","0"
"POINT (9.199871377999999 49.148602593000000)","Unfall 116757 (2016) Kat:3, Licht: 0","116757","3","3","5","07","13","1","","0","1","1","0","0"
"POINT (9.191101716000000 49.138402925000001)","Unfall 116797 (2016) Kat:3, Licht: 0","116797","3","5","0","08","09","5","","0","1","1","0","0"
"POINT (9.191891008000001 49.135250755000001)","Unfall 116812 (2016) Kat:3, Licht: 0","116812","3","5","1","08","17","4","","0","0","1","0","0"
"POINT (9.211553063000000 49.150803598000003)","Unfall 116817 (2016) Kat:3, Licht: 0","116817","3","3","5","08","15","4","","0","0","1","0","0"
"POINT (9.224723042999999 49.161154037000003)","Unfall 116860 (2016) Kat:3, Licht: 2","116860","3","7","0","08","00","1","","2","0","1","0","0"
"POINT (9.221002578000000 49.139219324999999)","Unfall 116919 (2016) Kat:3, Licht: 2","116919","3","6","1","08","23","6","","2","0","1","0","0"
"POINT (9.215505074999999 49.159854025000001)","Unfall 116982 (2016) Kat:3, Licht: 0","116982","3","3","5","08","15","6","","0","0","1","0","0"
"POINT (9.205538977000000 49.133875754000002)","Unfall 117178 (2016) Kat:3, Licht: 0","117178","3","3","5","08","20","4","","0","0","1","0","1"
"POINT (9.215614661000000 49.138150629999998)","Unfall 117181 (2016) Kat:3, Licht: 0","117181","3","3","5","08","17","3","","0","1","1","0","0"
"POINT (9.212774166999999 49.140308335999997)","Unfall 117264 (2016) Kat:3, Licht: 0","117264","3","7","1","08","19","6","","0","0","1","0","0"
"POINT (9.209495666000001 49.170007413000000)","Unfall 117288 (2016) Kat:3, Licht: 0","117288","3","6","4","08","05","2","","0","0","1","0","0"
"POINT (9.222569882000000 49.143246949999998)","Unfall 117348 (2016) Kat:2, Licht: 0","117348","2","4","6","08","18","4","","0","0","1","1","0"
"POINT (9.222178351000000 49.141722883000000)","Unfall 117384 (2016) Kat:2, Licht: 0","117384","2","7","0","08","12","5","","0","0","0","0","0"
"POINT (9.203242370000000 49.124321961000000)","Unfall 117418 (2016) Kat:2, Licht: 0","117418","2","7","0","08","09","6","","0","1","0","0","0"
"POINT (9.219366451000001 49.137327108000001)","Unfall 117429 (2016) Kat:3, Licht: 0","117429","3","6","2","08","07","6","","0","0","1","0","0"
"POINT (9.227306110000001 49.138886962000001)","Unfall 117439 (2016) Kat:2, Licht: 0","117439","2","3","5","08","10","3","","0","0","1","0","0"
"POINT (9.222816135000000 49.143175700000000)","Unfall 117561 (2016) Kat:3, Licht: 0","117561","3","6","1","08","18","5","","0","0","1","0","0"
"POINT (9.193959359999999 49.124195899000000)","Unfall 117701 (2016) Kat:3, Licht: 2","117701","3","3","5","09","00","1","","2","0","1","0","0"
"POINT (9.179576883999999 49.151431866000003)","Unfall 117782 (2016) Kat:3, Licht: 1","117782","3","6","3","09","20","6","","1","1","1","0","0"
"POINT (9.223978389000001 49.140234002000000)","Unfall 117805 (2016) Kat:3, Licht: 2","117805","3","3","5","08","22","4","","2","1","1","0","0"
"POINT (9.230350058999999 49.149984666999998)","Unfall 117966 (2016) Kat:3, Licht: 0","117966","3","3","5","09","07","3","","0","1","1","0","0"
"POINT (9.215141006000000 49.161302614999997)","Unfall 118000 (2016) Kat:3, Licht: 0","118000","3","7","0","09","15","4","","0","1","0","0","0"
"POINT (9.217873720000000 49.130801744000003)","Unfall 118094 (2016) Kat:3, Licht: 2","118094","3","3","5","09","21","5","","2","1","1","0","0"
"POINT (9.221964287000001 49.133079530000003)","Unfall 118252 (2016) Kat:2, Licht: 0","118252","2","7","0","09","07","3","","0","1","0","0","0"
"POINT (9.218117220000000 49.141685393000003)","Unfall 118272 (2016) Kat:3, Licht: 0","118272","3","7","6","09","10","5","","0","0","0","1","0"
"POINT (9.195513798000000 49.122738406000003)","Unfall 118281 (2016) Kat:3, Licht: 0","118281","3","6","2","09","18","1","","0","0","1","0","0"
"POINT (9.211444700000000 49.121479501000003)","Unfall 118350 (2016) Kat:3, Licht: 2","118350","3","1","8","09","03","7","","2","0","1","0","0"
"POINT (9.232011160000001 49.145083464000002)","Unfall 118357 (2016) Kat:3, Licht: 0","118357","3","3","5","09","17","4","","0","0","1","0","0"
"POINT (9.237308070999999 49.164578460000001)","Unfall 118405 (2016) Kat:3, Licht: 2","118405","3","1","8","09","21","1","","2","0","1","0","0"
"POINT (9.224318672000001 49.140050209999998)","Unfall 118414 (2016) Kat:2, Licht: 0","118414","2","4","6","09","17","7","","0","0","1","1","0"
"POINT (9.179031672000001 49.139884481000003)","Unfall 118497 (2016) Kat:3, Licht: 0","118497","3","3","5","09","13","4","","0","0","1","0","1"
"POINT (9.219365160000001 49.145785263000000)","Unfall 118728 (2016) Kat:2, Licht: 0","118728","2","4","6","09","16","2","","0","0","1","1","0"
"POINT (9.216395077000000 49.166250879000003)","Unfall 118741 (2016) Kat:3, Licht: 0","118741","3","2","5","09","15","3","","0","1","1","0","0"
"POINT (9.197773432000000 49.146055592000003)","Unfall 118748 (2016) Kat:3, Licht: 2","118748","3","3","5","09","22","7","","2","0","1","0","0"
"POINT (9.219152837999999 49.136235458000002)","Unfall 118902 (2016) Kat:3, Licht: 2","118902","3","3","5","09","03","6","","2","0","1","0","0"
"POINT (9.226899094000000 49.144003800000000)","Unfall 118912 (2016) Kat:3, Licht: 0","118912","3","3","0","10","10","3","","0","1","1","0","0"
"POINT (9.221748807000001 49.149788571000002)","Unfall 119069 (2016) Kat:3, Licht: 2","119069","3","3","5","10","20","3","","2","0","1","0","0"
"POINT (9.198539471000000 49.184663661000002)","Unfall 119079 (2016) Kat:3, Licht: 0","119079","3","6","2","09","07","5","","0","0","1","0","0"
"POINT (9.222688229999999 49.126962630000001)","Unfall 119082 (2016) Kat:3, Licht: 0","119082","3","3","5","09","10","5","","0","0","1","0","0"
"POINT (9.169350143000001 49.184143841999997)","Unfall 119086 (2016) Kat:3, Licht: 0","119086","3","7","0","10","11","7","","0","0","1","0","0"
"POINT (9.215231630000000 49.162086721000001)","Unfall 119087 (2016) Kat:3, Licht: 0","119087","3","6","2","09","08","5","","0","0","1","0","0"
"POINT (9.219357036000000 49.137830043999998)","Unfall 119096 (2016) Kat:3, Licht: 0","119096","3","7","0","09","14","5","","0","1","1","0","0"
"POINT (9.190530283999999 49.151827902000001)","Unfall 119229 (2016) Kat:3, Licht: 0","119229","3","6","2","10","16","6","","0","0","1","0","0"
"POINT (9.220733036000000 49.135202612000000)","Unfall 119325 (2016) Kat:3, Licht: 0","119325","3","7","6","10","09","3","","0","0","1","1","0"
"POINT (9.231754483000000 49.143696654999999)","Unfall 119728 (2016) Kat:3, Licht: 0","119728","3","3","5","10","11","2","","0","0","1","0","0"
"POINT (9.206691945999999 49.121952180999997)","Unfall 119908 (2016) Kat:3, Licht: 2","119908","3","3","5","10","19","5","","2","0","1","0","0"
"POINT (9.219317541000001 49.138225757999997)","Unfall 120015 (2016) Kat:3, Licht: 0","120015","3","7","0","10","16","3","","0","1","0","1","0"
"POINT (9.190579846000000 49.131873951000003)","Unfall 120019 (2016) Kat:3, Licht: 0","120019","3","3","5","10","13","1","","0","0","1","0","0"
"POINT (9.215700994000001 49.158306244000002)","Unfall 120098 (2016) Kat:2, Licht: 2","120098","2","1","4","10","02","2","","2","0","1","0","0"
"POINT (9.221154556000000 49.138540259999999)","Unfall 120115 (2016) Kat:3, Licht: 0","120115","3","7","6","10","13","2","","0","1","0","1","0"
"POINT (9.212293001999999 49.142715103999997)","Unfall 120233 (2016) Kat:3, Licht: 0","120233","3","3","6","11","09","3","","0","0","1","1","0"
"POINT (9.221811895000000 49.140611532000001)","Unfall 120238 (2016) Kat:3, Licht: 0","120238","3","2","5","11","13","3","","0","0","1","0","0"
"POINT (9.230365296000000 49.149995589000000)","Unfall 120288 (2016) Kat:3, Licht: 2","120288","3","3","5","11","18","5","","2","1","1","0","0"
"POINT (9.223062721000000 49.144461720999999)","Unfall 120307 (2016) Kat:1, Licht: 1","120307","1","7","0","11","16","6","","1","1","0","0","0"
"POINT (9.208142403000000 49.125703338999998)","Unfall 120309 (2016) Kat:3, Licht: 0","120309","3","2","6","11","08","2","","0","0","1","1","0"
"POINT (9.220966945000001 49.136145597000002)","Unfall 120325 (2016) Kat:3, Licht: 2","120325","3","2","3","11","19","6","","2","0","1","0","0"
"POINT (9.221757537000000 49.140728846999998)","Unfall 120622 (2016) Kat:3, Licht: 0","120622","3","6","2","11","12","5","","0","0","1","0","0"
"POINT (9.192119397000001 49.143576033999999)","Unfall 120647 (2016) Kat:3, Licht: 0","120647","3","4","6","11","07","4","","0","0","1","1","0"
"POINT (9.194497806999999 49.156112028000003)","Unfall 120674 (2016) Kat:3, Licht: 2","120674","3","3","5","11","17","2","","2","1","1","0","0"
"POINT (9.196796769000001 49.152201965000003)","Unfall 120697 (2016) Kat:3, Licht: 2","120697","3","3","5","11","19","7","","2","0","1","0","0"
"POINT (9.232774377000000 49.151307336000002)","Unfall 120871 (2016) Kat:3, Licht: 0","120871","3","3","5","11","14","6","","0","0","1","0","1"
"POINT (9.216405351000001 49.142323351000002)","Unfall 120878 (2016) Kat:3, Licht: 0","120878","3","3","5","11","13","6","","0","1","1","0","0"
"POINT (9.221861989000001 49.140521028000002)","Unfall 120901 (2016) Kat:3, Licht: 0","120901","3","3","0","11","10","5","","0","0","1","0","0"
"POINT (9.252480466000000 49.155637798000001)","Unfall 120981 (2016) Kat:3, Licht: 2","120981","3","7","8","11","22","4","","2","0","1","0","0"
"POINT (9.224019453000000 49.129582577999997)","Unfall 121011 (2016) Kat:3, Licht: 0","121011","3","3","5","11","16","4","","0","0","1","0","0"
"POINT (9.221222200000000 49.137112000999998)","Unfall 121017 (2016) Kat:3, Licht: 0","121017","3","6","1","11","10","2","","0","0","1","0","0"
"POINT (9.221628456000000 49.140393062999998)","Unfall 121036 (2016) Kat:3, Licht: 0","121036","3","6","2","11","13","7","","0","0","1","0","0"
"POINT (9.206606826000000 49.122027006000003)","Unfall 121193 (2016) Kat:3, Licht: 1","121193","3","3","5","12","07","5","","1","1","1","0","0"
"POINT (9.194445513000000 49.156073149000001)","Unfall 121197 (2016) Kat:3, Licht: 0","121197","3","2","6","11","07","4","","0","0","1","1","0"
"POINT (9.174824184000000 49.156356911000003)","Unfall 121246 (2016) Kat:3, Licht: 0","121246","3","3","5","12","07","6","","0","1","1","0","0"
"POINT (9.224174249000001 49.164984523999998)","Unfall 121404 (2016) Kat:3, Licht: 2","121404","3","7","0","12","19","3","","2","0","1","0","0"
"POINT (9.177594061000001 49.179180258000002)","Unfall 121464 (2016) Kat:3, Licht: 0","121464","3","7","0","12","13","2","","0","0","0","0","1"
"POINT (9.225120557000000 49.157871210000003)","Unfall 121824 (2016) Kat:3, Licht: 0","121824","3","6","1","12","13","1","","0","0","1","0","0"
"POINT (9.206606686000001 49.122045434999997)","Unfall 121829 (2016) Kat:3, Licht: 0","121829","3","3","5","12","09","7","","0","0","1","0","0"
"POINT (9.222953288999999 49.143166381999997)","Unfall 121862 (2016) Kat:3, Licht: 0","121862","3","3","5","12","12","4","","0","1","0","1","0"
"POINT (9.211760761000001 49.121462659000002)","Unfall 122025 (2016) Kat:3, Licht: 0","122025","3","4","6","12","13","4","","0","0","1","1","0"
"POINT (9.219158398999999 49.136234870000003)","Unfall 122236 (2016) Kat:3, Licht: 0","122236","3","3","5","12","09","5","","0","0","1","0","0"
"POINT (9.225577081000040 49.157938048000062)","Unfall 39254 (2017) Kat:3, Licht: 0","39254","3","6","2","01","12","2","1","0","0","1","0","0"
"POINT (9.209136875000070 49.138338842000053)","Unfall 39366 (2017) Kat:3, Licht: 2","39366","3","6","3","01","00","1","1","2","0","1","0","0"
"POINT (9.214277479000032 49.136009209000065)","Unfall 39830 (2017) Kat:3, Licht: 2","39830","3","2","6","01","18","3","1","2","0","0","1","0"
"POINT (9.222470014000066 49.152732355000069)","Unfall 39831 (2017) Kat:3, Licht: 0","39831","3","5","1","01","11","3","1","0","0","0","0","0"
"POINT (9.208064080000042 49.139057568000055)","Unfall 39832 (2017) Kat:3, Licht: 0","39832","3","6","2","01","15","3","1","0","0","1","0","0"
"POINT (9.169016850000048 49.189066981000053)","Unfall 39911 (2017) Kat:3, Licht: 2","39911","3","1","2","01","03","1","1","2","0","1","0","0"
"POINT (9.156469421000054 49.151101385000061)","Unfall 40013 (2017) Kat:2, Licht: 2","40013","2","1","4","01","07","5","2","2","0","1","0","0"
"POINT (9.199988462000022 49.145520323000028)","Unfall 40248 (2017) Kat:3, Licht: 2","40248","3","6","2","01","20","6","1","2","0","1","0","0"
"POINT (9.201736997000069 49.182624326000052)","Unfall 40294 (2017) Kat:3, Licht: 2","40294","3","6","2","01","00","5","1","2","0","1","0","0"
"POINT (9.217164637000053 49.153719255000055)","Unfall 40337 (2017) Kat:2, Licht: 2","40337","2","4","6","01","17","3","0","2","0","1","1","0"
"POINT (9.166413743000021 49.139990896000029)","Unfall 40483 (2017) Kat:3, Licht: 0","40483","3","6","2","01","15","6","0","0","0","1","0","0"
"POINT (9.212291276000030 49.142687983000030)","Unfall 40559 (2017) Kat:3, Licht: 0","40559","3","7","6","01","14","5","0","0","0","1","1","0"
"POINT (9.221096267000064 49.146363021000070)","Unfall 40688 (2017) Kat:2, Licht: 2","40688","2","4","6","01","23","7","0","2","0","1","1","0"
"POINT (9.213807197000051 49.147887539000067)","Unfall 40756 (2017) Kat:3, Licht: 2","40756","3","6","3","01","18","6","0","2","0","1","0","0"
"POINT (9.229445383000041 49.138688630000047)","Unfall 40757 (2017) Kat:3, Licht: 0","40757","3","6","1","01","09","6","0","0","0","1","0","0"
"POINT (9.212191193000024 49.142687740000042)","Unfall 40818 (2017) Kat:3, Licht: 2","40818","3","6","0","01","20","5","0","2","0","1","0","0"
"POINT (9.217692572000033 49.134713546000057)","Unfall 40819 (2017) Kat:3, Licht: 1","40819","3","6","1","01","06","5","0","1","0","1","0","0"
"POINT (9.218823974000031 49.134505353000065)","Unfall 40859 (2017) Kat:3, Licht: 2","40859","3","6","2","01","17","4","0","2","0","1","0","0"
"POINT (9.227875613000037 49.133938062000027)","Unfall 40860 (2017) Kat:3, Licht: 0","40860","3","6","1","01","07","4","0","0","0","1","0","0"
"POINT (9.211176002000059 49.169530755000039)","Unfall 40930 (2017) Kat:3, Licht: 0","40930","3","6","2","01","07","3","0","0","0","1","0","0"
"POINT (9.132707036000056 49.179837421000059)","Unfall 40972 (2017) Kat:2, Licht: 0","40972","2","6","2","01","08","2","0","0","0","1","0","0"
"POINT (9.155211941000061 49.188198255000032)","Unfall 41009 (2017) Kat:3, Licht: 2","41009","3","6","2","02","18","2","0","2","0","0","0","0"
"POINT (9.183702094000068 49.164913601000080)","Unfall 41099 (2017) Kat:2, Licht: 2","41099","2","3","5","02","18","7","1","2","0","1","0","0"
"POINT (9.229308275000051 49.138691468000047)","Unfall 41170 (2017) Kat:2, Licht: 2","41170","2","2","6","02","18","6","0","2","0","1","1","0"
"POINT (9.214219164000042 49.136035536000065)","Unfall 41172 (2017) Kat:3, Licht: 2","41172","3","4","6","02","20","6","0","2","0","1","1","0"
"POINT (9.206870861000027 49.138547777000042)","Unfall 41297 (2017) Kat:2, Licht: 0","41297","2","7","6","02","08","4","0","0","0","1","1","0"
"POINT (9.228961160000040 49.135574235000036)","Unfall 41449 (2017) Kat:3, Licht: 1","41449","3","6","1","02","18","4","0","1","0","1","0","0"
"POINT (9.204283280000027 49.169046615000070)","Unfall 41540 (2017) Kat:3, Licht: 2","41540","3","6","2","02","22","3","0","2","0","1","0","0"
"POINT (9.118927398000039 49.188646945000073)","Unfall 41730 (2017) Kat:3, Licht: 0","41730","3","6","2","02","13","6","0","0","0","1","0","0"
"POINT (9.112633691000042 49.175885929000060)","Unfall 41743 (2017) Kat:1, Licht: 2","41743","1","1","8","02","23","6","0","2","0","1","0","0"
"POINT (9.223032813000032 49.125986363000038)","Unfall 41745 (2017) Kat:3, Licht: 2","41745","3","6","1","02","17","6","0","2","0","1","0","0"
"POINT (9.217366354000035 49.134922927000048)","Unfall 41746 (2017) Kat:3, Licht: 0","41746","3","3","5","02","10","6","0","0","1","1","0","0"
"POINT (9.229215429000021 49.136525263000067)","Unfall 41747 (2017) Kat:3, Licht: 2","41747","3","7","0","02","23","6","0","2","0","1","1","0"
"POINT (9.197394222000071 49.141751391000071)","Unfall 41850 (2017) Kat:2, Licht: 2","41850","2","4","6","02","18","4","0","2","0","1","1","0"
"POINT (9.121835968000028 49.187491650000027)","Unfall 41910 (2017) Kat:2, Licht: 0","41910","2","6","3","02","13","7","0","0","0","1","0","0"
"POINT (9.209287591000077 49.148641402000067)","Unfall 41970 (2017) Kat:3, Licht: 2","41970","3","1","8","02","18","6","0","2","0","0","0","1"
"POINT (9.224671163000039 49.156262281000068)","Unfall 42082 (2017) Kat:3, Licht: 0","42082","3","6","2","02","15","2","0","0","0","1","0","0"
"POINT (9.218115287000046 49.155928061000054)","Unfall 42170 (2017) Kat:3, Licht: 0","42170","3","6","2","02","15","3","0","0","0","1","0","0"
"POINT (9.233557646000065 49.141024375000029)","Unfall 42420 (2017) Kat:3, Licht: 0","42420","3","7","6","03","13","4","0","0","0","1","1","0"
"POINT (9.200281623000024 49.168957612000042)","Unfall 42499 (2017) Kat:3, Licht: 2","42499","3","6","2","03","20","3","0","2","0","1","0","0"
"POINT (9.201931004000073 49.138052913000081)","Unfall 42547 (2017) Kat:3, Licht: 0","42547","3","6","0","03","11","2","0","0","0","1","0","0"
"POINT (9.189451704000021 49.188077124000074)","Unfall 42552 (2017) Kat:3, Licht: 0","42552","3","6","2","03","12","7","0","0","0","1","0","0"
"POINT (9.216652045000046 49.169443566000041)","Unfall 42589 (2017) Kat:2, Licht: 2","42589","2","7","7","03","02","1","0","2","0","1","0","0"
"POINT (9.162085611000066 49.188526885000044)","Unfall 42650 (2017) Kat:3, Licht: 0","42650","3","6","2","03","08","6","0","0","0","1","0","0"
"POINT (9.142018828000062 49.187369201000081)","Unfall 42655 (2017) Kat:3, Licht: 0","42655","3","6","2","03","15","6","0","0","0","1","0","0"
"POINT (9.201715588000070 49.184670690000075)","Unfall 42722 (2017) Kat:3, Licht: 0","42722","3","6","2","03","16","7","0","0","0","1","0","0"
"POINT (9.206522884000037 49.185374254000067)","Unfall 42857 (2017) Kat:3, Licht: 0","42857","3","6","2","03","16","5","0","0","0","1","0","0"
"POINT (9.226173689000063 49.157878348000054)","Unfall 42889 (2017) Kat:2, Licht: 2","42889","2","7","0","03","19","5","0","2","0","1","0","0"
"POINT (9.214060695000057 49.147999905000063)","Unfall 42977 (2017) Kat:3, Licht: 1","42977","3","6","1","03","06","7","1","1","0","1","0","0"
"POINT (9.209613926000031 49.169418774000064)","Unfall 42978 (2017) Kat:3, Licht: 0","42978","3","6","2","03","10","7","1","0","0","1","0","0"
"POINT (9.162775350000061 49.188484580000079)","Unfall 43050 (2017) Kat:3, Licht: 0","43050","3","6","2","03","17","6","0","0","0","1","0","0"
"POINT (9.204343598000037 49.138172108000049)","Unfall 43060 (2017) Kat:2, Licht: 0","43060","2","3","5","03","07","6","0","0","1","1","0","0"
"POINT (9.222597811000071 49.152896235000071)","Unfall 43209 (2017) Kat:3, Licht: 0","43209","3","3","4","03","17","5","0","0","1","1","0","0"
"POINT (9.229308425000056 49.138692989000049)","Unfall 43211 (2017) Kat:3, Licht: 0","43211","3","3","5","03","08","5","0","0","0","1","0","0"
"POINT (9.225329983000052 49.146161735000078)","Unfall 43491 (2017) Kat:3, Licht: 2","43491","3","3","5","03","00","1","1","2","0","1","0","0"
"POINT (9.152242415000046 49.117064107000033)","Unfall 43506 (2017) Kat:2, Licht: 0","43506","2","4","6","03","17","3","1","0","0","1","1","0"
"POINT (9.214664827000036 49.116139305000047)","Unfall 43612 (2017) Kat:3, Licht: 0","43612","3","3","5","03","17","4","0","0","0","1","0","0"
"POINT (9.195085545000040 49.186882714000035)","Unfall 43703 (2017) Kat:2, Licht: 0","43703","2","6","2","03","11","3","0","0","0","1","0","0"
"POINT (9.135277593000069 49.186270745000058)","Unfall 43778 (2017) Kat:3, Licht: 0","43778","3","6","2","03","07","2","0","0","0","1","0","0"
"POINT (9.222789376000037 49.125549736000039)","Unfall 44051 (2017) Kat:3, Licht: 0","44051","3","6","1","03","16","6","0","0","0","1","0","0"