WKT,Name,OBJECTID,UKATEGORIE,UTYP1,UART,UMONAT,USTUNDE,UWOCHENTAG,STRZUSTAND,ULICHTVERH,ISTRAD,ISTPKW,ISTFUSS,ISTKRAD
"POINT (9.132673511000064 49.179785927000069)","Unfall 44234 (2017) Kat:2, Licht: 2","44234","2","3","0","04","21","6","0","2","0","1","0","0"
"POINT (9.233824426000069 49.148574689000043)","Unfall 44235 (2017) Kat:3, Licht: 0","44235","3","6","2","04","09","6","0","0","0","1","0","0"
"POINT (9.211307439000052 49.142688252000028)","Unfall 44307 (2017) Kat:3, Licht: 0","44307","3","6","2","04","18","5","0","0","0","1","0","0"
"POINT (9.200431291000029 49.151953381000055)","Unfall 44375 (2017) Kat:3, Licht: 0","44375","3","3","5","04","17","4","0","0","0","1","0","0"
"POINT (9.228189841000074 49.133532071000047)","Unfall 44500 (2017) Kat:3, Licht: 0","44500","3","3","5","04","09","2","0","0","0","1","0","0"
"POINT (9.225045207000051 49.169902588000070)","Unfall 44501 (2017) Kat:3, Licht: 0","44501","3","6","2","04","15","2","0","0","0","1","0","0"
"POINT (9.229640145000076 49.141399036000053)","Unfall 44510 (2017) Kat:3, Licht: 0","44510","3","6","2","04","16","7","0","0","0","1","0","1"
"POINT (9.198501531000034 49.184605353000052)","Unfall 44525 (2017) Kat:3, Licht: 0","44525","3","6","2","04","11","7","0","0","0","1","0","0"
"POINT (9.219168907000039 49.167311775000030)","Unfall 44561 (2017) Kat:2, Licht: 0","44561","2","7","4","04","10","5","0","0","0","1","0","0"
"POINT (9.195300635000024 49.152207061000070)","Unfall 44579 (2017) Kat:3, Licht: 0","44579","3","6","3","04","13","1","0","0","0","1","0","1"
"POINT (9.218412857000033 49.133169301000066)","Unfall 44580 (2017) Kat:3, Licht: 0","44580","3","3","5","04","16","1","0","0","0","1","0","1"
"POINT (9.190973746000054 49.120243483000081)","Unfall 44648 (2017) Kat:3, Licht: 0","44648","3","6","2","04","16","4","0","0","0","1","0","0"
"POINT (9.227764638000053 49.132904428000074)","Unfall 44718 (2017) Kat:3, Licht: 0","44718","3","7","0","04","15","3","0","0","1","1","0","0"
"POINT (9.132647249000058 49.179782381000052)","Unfall 44785 (2017) Kat:3, Licht: 0","44785","3","2","4","04","19","2","0","0","0","1","0","0"
"POINT (9.218858952000062 49.134415883000031)","Unfall 44786 (2017) Kat:2, Licht: 2","44786","2","2","6","04","21","2","0","2","0","1","1","0"
"POINT (9.199937059000035 49.149510091000082)","Unfall 44995 (2017) Kat:2, Licht: 0","44995","2","6","4","04","11","6","0","0","0","1","0","0"
"POINT (9.163095475000034 49.190132926000047)","Unfall 44998 (2017) Kat:3, Licht: 2","44998","3","1","8","04","21","6","0","2","0","1","0","0"
"POINT (9.201236807000043 49.168947285000058)","Unfall 45053 (2017) Kat:3, Licht: 1","45053","3","6","2","04","07","5","0","1","0","1","0","0"
"POINT (9.221456747000048 49.149764487000027)","Unfall 45165 (2017) Kat:3, Licht: 0","45165","3","6","2","04","15","3","0","0","0","1","0","1"
"POINT (9.214065167000058 49.148189272000081)","Unfall 45318 (2017) Kat:3, Licht: 2","45318","3","6","1","04","23","7","0","2","0","1","0","0"
"POINT (9.189080955000065 49.141153883000072)","Unfall 45398 (2017) Kat:3, Licht: 0","45398","3","6","3","04","13","6","0","0","0","1","0","1"
"POINT (9.228483512000025 49.133723958000076)","Unfall 45571 (2017) Kat:3, Licht: 0","45571","3","1","8","04","14","1","0","0","0","1","0","0"
"POINT (9.233913352000059 49.140990214000055)","Unfall 45633 (2017) Kat:3, Licht: 1","45633","3","3","5","04","05","3","0","1","0","0","0","1"
"POINT (9.229159876000040 49.137192584000047)","Unfall 45717 (2017) Kat:3, Licht: 2","45717","3","1","9","04","23","2","0","2","0","1","0","0"
"POINT (9.206261756000060 49.138558405000026)","Unfall 45719 (2017) Kat:3, Licht: 0","45719","3","6","2","04","08","2","0","0","0","1","0","0"
"POINT (9.132646550000061 49.179782286000034)","Unfall 45756 (2017) Kat:3, Licht: 0","45756","3","3","5","05","05","4","0","0","0","1","0","0"
"POINT (9.240297374000022 49.148780652000028)","Unfall 45757 (2017) Kat:3, Licht: 0","45757","3","6","1","05","16","4","0","0","0","1","0","0"
"POINT (9.219076588000064 49.158797379000077)","Unfall 45758 (2017) Kat:3, Licht: 0","45758","3","6","2","05","18","4","0","0","0","1","0","0"
"POINT (9.162366499000029 49.188552173000062)","Unfall 45928 (2017) Kat:3, Licht: 0","45928","3","6","2","05","13","6","0","0","0","1","0","0"
"POINT (9.193994054000029 49.124178222000069)","Unfall 45981 (2017) Kat:2, Licht: 1","45981","2","3","5","05","05","4","0","1","0","1","0","0"
"POINT (9.209480383000027 49.128462883000054)","Unfall 46018 (2017) Kat:3, Licht: 0","46018","3","3","5","05","11","5","0","0","0","1","0","0"
"POINT (9.225429187000032 49.168695018000051)","Unfall 46019 (2017) Kat:3, Licht: 0","46019","3","6","3","05","17","5","0","0","0","1","0","0"
"POINT (9.208067250000056 49.139168722000079)","Unfall 46215 (2017) Kat:3, Licht: 0","46215","3","7","0","05","06","2","1","0","0","1","0","1"
"POINT (9.218446041000050 49.156922754000050)","Unfall 46406 (2017) Kat:3, Licht: 1","46406","3","7","0","05","05","4","0","1","1","0","0","0"
"POINT (9.225241956000048 49.168454612000062)","Unfall 46630 (2017) Kat:3, Licht: 0","46630","3","1","9","05","07","2","1","0","0","0","0","1"
"POINT (9.090246140000033 49.196690863000072)","Unfall 46674 (2017) Kat:3, Licht: 0","46674","3","3","4","05","16","5","0","0","0","1","0","0"
"POINT (9.199282598000025 49.138106214000061)","Unfall 46685 (2017) Kat:3, Licht: 0","46685","3","6","1","05","08","5","0","0","0","1","0","0"
"POINT (9.214609873000029 49.142754374000049)","Unfall 46686 (2017) Kat:3, Licht: 0","46686","3","3","5","05","11","5","0","0","1","1","0","0"
"POINT (9.250197968000066 49.150691986000027)","Unfall 46714 (2017) Kat:3, Licht: 0","46714","3","6","2","05","14","1","0","0","0","1","0","0"
"POINT (9.225521012000058 49.130096799000057)","Unfall 46814 (2017) Kat:2, Licht: 0","46814","2","7","0","05","13","3","0","0","1","0","0","0"
"POINT (9.218226570000070 49.132381853000027)","Unfall 46876 (2017) Kat:3, Licht: 0","46876","3","2","5","05","20","4","1","0","1","1","0","0"
"POINT (9.221391146000030 49.149711484000079)","Unfall 46877 (2017) Kat:3, Licht: 0","46877","3","6","2","05","12","4","0","0","0","1","0","1"
"POINT (9.210313504000055 49.142702734000068)","Unfall 46888 (2017) Kat:2, Licht: 0","46888","2","7","0","05","11","6","0","0","0","0","0","1"
"POINT (9.159585174000029 49.168237095000052)","Unfall 47092 (2017) Kat:2, Licht: 0","47092","2","2","3","05","13","7","0","0","0","1","0","1"
"POINT (9.124975473000063 49.186707723000040)","Unfall 47208 (2017) Kat:3, Licht: 0","47208","3","1","3","05","14","7","0","0","0","1","0","0"
"POINT (9.202284541000040 49.176403478000054)","Unfall 47236 (2017) Kat:3, Licht: 0","47236","3","6","2","05","10","7","0","0","0","1","0","0"
"POINT (9.227936735000071 49.133123436000062)","Unfall 47338 (2017) Kat:3, Licht: 0","47338","3","3","5","05","18","6","1","0","1","1","0","0"
"POINT (9.134055780000040 49.186270595000053)","Unfall 47614 (2017) Kat:3, Licht: 0","47614","3","6","2","05","17","2","0","0","0","1","0","0"
"POINT (9.208078621000027 49.138680778000037)","Unfall 47671 (2017) Kat:3, Licht: 0","47671","3","3","5","06","06","1","1","0","0","1","0","0"
"POINT (9.176706762000038 49.163352077000070)","Unfall 47676 (2017) Kat:3, Licht: 0","47676","3","2","4","06","17","5","0","0","0","1","0","1"
"POINT (9.194107986000063 49.124290675000054)","Unfall 47781 (2017) Kat:3, Licht: 0","47781","3","6","3","06","10","7","0","0","0","1","0","0"
"POINT (9.213868762000061 49.147897896000075)","Unfall 47782 (2017) Kat:2, Licht: 2","47782","2","1","8","06","01","7","0","2","0","1","0","0"
"POINT (9.172524322000072 49.189242695000075)","Unfall 47912 (2017) Kat:3, Licht: 0","47912","3","6","2","05","08","4","0","0","0","1","0","0"
"POINT (9.116122178000069 49.189906044000054)","Unfall 48010 (2017) Kat:3, Licht: 0","48010","3","6","2","06","12","7","0","0","0","1","0","0"
"POINT (9.222160673000076 49.146295893000058)","Unfall 48028 (2017) Kat:3, Licht: 0","48028","3","1","0","06","19","7","0","0","1","0","0","0"
"POINT (9.211459606000062 49.137242711000056)","Unfall 48212 (2017) Kat:3, Licht: 0","48212","3","7","0","06","15","4","0","0","1","0","0","0"
"POINT (9.098356881000029 49.196854576000078)","Unfall 48264 (2017) Kat:3, Licht: 0","48264","3","1","2","06","11","3","0","0","0","1","0","0"
"POINT (9.217280240000036 49.123150353000028)","Unfall 48383 (2017) Kat:3, Licht: 0","48383","3","7","4","06","16","4","0","0","0","1","0","1"
"POINT (9.217250686000057 49.128307643000028)","Unfall 48384 (2017) Kat:3, Licht: 0","48384","3","6","1","06","10","4","0","0","0","1","0","1"
"POINT (9.212291276000030 49.142687983000030)","Unfall 48486 (2017) Kat:3, Licht: 0","48486","3","2","5","06","16","3","0","0","0","1","0","0"
"POINT (9.137536578000038 49.179808920000028)","Unfall 48562 (2017) Kat:3, Licht: 0","48562","3","6","8","06","06","2","0","0","0","1","0","0"
"POINT (9.218916103000026 49.169310312000050)","Unfall 48638 (2017) Kat:3, Licht: 2","48638","3","1","8","06","03","1","0","2","0","1","0","0"
"POINT (9.110048928000026 49.183297992000064)","Unfall 48685 (2017) Kat:3, Licht: 0","48685","3","6","4","06","14","4","0","0","0","1","0","0"
"POINT (9.186123407000025 49.188506173000064)","Unfall 48767 (2017) Kat:3, Licht: 0","48767","3","6","2","06","12","3","0","0","0","1","0","0"
"POINT (9.232058564000056 49.147818860000029)","Unfall 48788 (2017) Kat:2, Licht: 0","48788","2","3","5","06","13","3","0","0","0","1","0","0"
"POINT (9.172862171000077 49.108699620000039)","Unfall 48882 (2017) Kat:3, Licht: 0","48882","3","3","5","06","18","2","0","0","1","1","0","0"
"POINT (9.104567824000071 49.194739603000073)","Unfall 48962 (2017) Kat:3, Licht: 0","48962","3","6","2","06","12","1","0","0","0","1","0","0"
"POINT (9.229464929000073 49.138855304000060)","Unfall 48975 (2017) Kat:3, Licht: 0","48975","3","5","3","06","11","1","0","0","0","1","0","1"
"POINT (9.226813596000056 49.131713711000032)","Unfall 49037 (2017) Kat:3, Licht: 0","49037","3","6","2","06","17","7","0","0","0","1","0","0"
"POINT (9.216320054000050 49.120810609000046)","Unfall 49038 (2017) Kat:3, Licht: 0","49038","3","6","3","06","13","7","0","0","0","1","0","1"
"POINT (9.225377027000036 49.168295188000059)","Unfall 49080 (2017) Kat:3, Licht: 0","49080","3","6","2","06","08","3","0","0","0","1","0","0"
"POINT (9.208174291000034 49.142032016000030)","Unfall 49082 (2017) Kat:3, Licht: 0","49082","3","3","5","06","18","3","0","0","1","1","0","0"
"POINT (9.213530582000033 49.147923520000063)","Unfall 49265 (2017) Kat:3, Licht: 0","49265","3","1","8","06","21","1","0","0","0","1","0","0"
"POINT (9.220647397000050 49.146303588000080)","Unfall 49458 (2017) Kat:3, Licht: 0","49458","3","3","5","06","15","6","0","0","1","1","0","0"
"POINT (9.224214425000071 49.155364421000058)","Unfall 49526 (2017) Kat:2, Licht: 0","49526","2","3","5","07","14","4","0","0","0","1","0","1"
"POINT (9.163821373000076 49.165797052000073)","Unfall 49577 (2017) Kat:2, Licht: 2","49577","2","1","8","07","23","2","0","2","0","1","0","0"
"POINT (9.200216925000063 49.138224512000079)","Unfall 49578 (2017) Kat:3, Licht: 0","49578","3","6","2","07","08","2","0","0","0","1","0","0"
"POINT (9.224910185000056 49.146183512000050)","Unfall 50099 (2017) Kat:3, Licht: 0","50099","3","6","2","07","17","6","1","0","0","1","0","0"
"POINT (9.216681059000052 49.135063430000059)","Unfall 50148 (2017) Kat:3, Licht: 0","50148","3","6","2","07","12","5","0","0","0","1","0","0"
"POINT (9.208140164000042 49.128003320000062)","Unfall 50390 (2017) Kat:3, Licht: 0","50390","3","3","5","07","17","5","0","0","1","1","0","0"
"POINT (9.225241432000075 49.168338996000045)","Unfall 50460 (2017) Kat:3, Licht: 0","50460","3","6","2","07","07","7","0","0","0","1","0","0"
"POINT (9.208062147000021 49.138989763000041)","Unfall 50461 (2017) Kat:3, Licht: 0","50461","3","6","2","07","17","7","0","0","0","1","0","0"
"POINT (9.226920187000076 49.131842638000080)","Unfall 50739 (2017) Kat:3, Licht: 2","50739","3","5","1","07","00","1","0","2","0","1","0","0"
"POINT (9.217878133000056 49.175086530000044)","Unfall 50796 (2017) Kat:3, Licht: 0","50796","3","2","3","07","12","5","1","0","0","1","0","0"
"POINT (9.190823439000042 49.142571493000048)","Unfall 50798 (2017) Kat:3, Licht: 0","50798","3","2","5","07","09","5","0","0","1","1","0","0"
"POINT (9.181281650000074 49.151206565000052)","Unfall 50799 (2017) Kat:3, Licht: 0","50799","3","6","2","07","07","5","0","0","0","1","0","0"
"POINT (9.214601605000041 49.130279745000053)","Unfall 50813 (2017) Kat:3, Licht: 0","50813","3","2","0","07","09","5","0","0","0","1","0","0"
"POINT (9.208633056000053 49.169358907000060)","Unfall 50897 (2017) Kat:3, Licht: 0","50897","3","6","1","07","08","2","0","0","0","1","0","0"
"POINT (9.202287434000027 49.176394809000044)","Unfall 50976 (2017) Kat:3, Licht: 2","50976","3","6","2","07","00","4","0","2","0","1","0","0"
"POINT (9.118854981000027 49.180340542000067)","Unfall 50977 (2017) Kat:3, Licht: 0","50977","3","6","2","07","14","4","0","0","0","1","0","0"
"POINT (9.190423946000067 49.120021122000026)","Unfall 50978 (2017) Kat:3, Licht: 0","50978","3","6","2","07","08","4","0","0","0","1","0","0"
"POINT (9.213839110000038 49.147892908000074)","Unfall 51096 (2017) Kat:3, Licht: 0","51096","3","6","2","07","15","6","0","0","0","1","0","0"
"POINT (9.193994054000029 49.124178222000069)","Unfall 51259 (2017) Kat:3, Licht: 1","51259","3","3","5","07","19","3","1","1","0","1","0","0"
"POINT (9.204613902000062 49.169006664000051)","Unfall 51423 (2017) Kat:3, Licht: 0","51423","3","6","1","07","17","5","0","0","0","1","0","1"
"POINT (9.211071230000073 49.129001055000060)","Unfall 51424 (2017) Kat:3, Licht: 0","51424","3","2","2","07","15","5","0","0","0","1","0","1"
"POINT (9.242483940000057 49.148829288000059)","Unfall 51425 (2017) Kat:3, Licht: 0","51425","3","6","2","07","07","5","1","0","0","1","0","0"
"POINT (9.238948215000050 49.140166711000063)","Unfall 51498 (2017) Kat:3, Licht: 0","51498","3","6","1","07","11","4","0","0","0","1","1","0"
"POINT (9.201805265000076 49.168917886000031)","Unfall 51706 (2017) Kat:3, Licht: 0","51706","3","4","6","08","18","6","0","0","0","1","1","0"
"POINT (9.213984152000023 49.135980967000080)","Unfall 51707 (2017) Kat:3, Licht: 0","51707","3","6","2","08","15","6","0","0","0","1","0","0"
"POINT (9.203825157000040 49.171293227000035)","Unfall 51715 (2017) Kat:3, Licht: 0","51715","3","6","3","08","18","3","1","0","0","1","0","0"
"POINT (9.228096241000060 49.145994105000057)","Unfall 51716 (2017) Kat:3, Licht: 0","51716","3","6","3","08","16","3","1","0","0","1","0","1"
"POINT (9.226277350000032 49.163117157000045)","Unfall 51818 (2017) Kat:3, Licht: 1","51818","3","7","0","07","21","2","0","1","1","0","0","0"
"POINT (9.203133258000037 49.185730854000042)","Unfall 51823 (2017) Kat:3, Licht: 0","51823","3","6","2","08","19","6","0","0","0","1","0","0"
"POINT (9.223127549000026 49.146170494000046)","Unfall 51902 (2017) Kat:3, Licht: 0","51902","3","6","2","08","18","5","0","0","0","1","0","0"
"POINT (9.195555613000067 49.186690539000040)","Unfall 52137 (2017) Kat:3, Licht: 0","52137","3","6","3","08","15","1","0","0","0","1","0","0"
"POINT (9.197864533000029 49.137876912000081)","Unfall 52148 (2017) Kat:3, Licht: 2","52148","3","1","8","08","04","1","0","2","0","1","0","0"
"POINT (9.237185496000052 49.164556604000040)","Unfall 52391 (2017) Kat:3, Licht: 0","52391","3","7","0","08","16","6","1","0","0","0","0","1"
"POINT (9.211197144000039 49.169623024000032)","Unfall 52459 (2017) Kat:3, Licht: 0","52459","3","2","5","08","14","5","0","0","1","1","0","0"
"POINT (9.218366512000046 49.156683586000042)","Unfall 52546 (2017) Kat:3, Licht: 0","52546","3","7","0","08","09","3","0","0","1","0","0","0"
"POINT (9.174083907000068 49.157099945000027)","Unfall 52900 (2017) Kat:3, Licht: 0","52900","3","6","2","08","07","2","0","0","0","1","0","0"
"POINT (9.217502385000046 49.134875870000030)","Unfall 52908 (2017) Kat:3, Licht: 0","52908","3","3","5","08","14","2","0","0","1","1","0","0"
"POINT (9.225544728000045 49.168124476000060)","Unfall 52909 (2017) Kat:3, Licht: 0","52909","3","2","3","08","15","2","0","0","0","1","0","0"
"POINT (9.209100937000073 49.138249328000029)","Unfall 53325 (2017) Kat:3, Licht: 0","53325","3","3","5","09","14","4","0","0","1","1","0","0"
"POINT (9.192812394000043 49.152084929000068)","Unfall 53339 (2017) Kat:3, Licht: 0","53339","3","7","9","09","12","7","0","0","0","1","1","0"
"POINT (9.214580533000060 49.169708887000070)","Unfall 53414 (2017) Kat:3, Licht: 0","53414","3","2","4","09","13","6","0","0","0","1","0","0"
"POINT (9.226127084000041 49.130897164000032)","Unfall 53415 (2017) Kat:3, Licht: 0","53415","3","6","2","09","15","6","0","0","0","1","0","0"
"POINT (9.225561115000062 49.168072096000060)","Unfall 53488 (2017) Kat:3, Licht: 1","53488","3","6","2","09","05","3","1","1","0","1","0","0"
"POINT (9.159586293000075 49.168236446000037)","Unfall 53663 (2017) Kat:3, Licht: 0","53663","3","6","2","08","12","3","0","0","0","1","0","0"
"POINT (9.198240643000077 49.124502505000066)","Unfall 53664 (2017) Kat:3, Licht: 0","53664","3","6","2","08","16","3","0","0","0","1","0","0"
"POINT (9.222594475000051 49.152891959000044)","Unfall 53671 (2017) Kat:3, Licht: 0","53671","3","3","5","09","16","2","0","0","1","1","0","0"
"POINT (9.211601143000053 49.129169762000060)","Unfall 53762 (2017) Kat:3, Licht: 0","53762","3","5","0","09","18","5","1","0","1","1","0","0"
"POINT (9.193994054000029 49.124178222000069)","Unfall 53810 (2017) Kat:2, Licht: 1","53810","2","3","5","09","05","6","0","1","0","1","0","0"
"POINT (9.200762383000040 49.151965848000032)","Unfall 53813 (2017) Kat:3, Licht: 0","53813","3","6","2","09","14","7","0","0","0","1","0","0"
"POINT (9.204363027000056 49.168753311000046)","Unfall 53835 (2017) Kat:3, Licht: 0","53835","3","6","2","09","17","4","1","0","0","1","0","0"
"POINT (9.229333786000041 49.138907067000048)","Unfall 54061 (2017) Kat:2, Licht: 0","54061","2","6","2","09","10","2","0","0","0","0","0","1"
"POINT (9.177370034000035 49.153515968000079)","Unfall 54064 (2017) Kat:3, Licht: 0","54064","3","6","2","09","07","2","0","0","0","1","0","0"
"POINT (9.223493188000020 49.153947599000048)","Unfall 54403 (2017) Kat:3, Licht: 0","54403","3","3","5","09","16","4","0","0","0","1","0","1"
"POINT (9.148660907000021 49.206148648000067)","Unfall 54446 (2017) Kat:2, Licht: 2","54446","2","1","8","09","23","1","0","2","0","1","0","0"
"POINT (9.198400376000052 49.124569712000039)","Unfall 54448 (2017) Kat:3, Licht: 0","54448","3","6","1","09","14","1","0","0","0","1","0","0"
"POINT (9.222588581000025 49.125042704000066)","Unfall 54635 (2017) Kat:3, Licht: 2","54635","3","6","3","09","05","3","0","2","0","1","0","0"
"POINT (9.150142618000075 49.192872784000031)","Unfall 54702 (2017) Kat:2, Licht: 2","54702","2","7","8","09","01","6","0","2","0","1","0","0"
"POINT (9.193289592000042 49.142165676000047)","Unfall 54854 (2017) Kat:3, Licht: 0","54854","3","6","3","09","07","5","0","0","0","1","0","0"
"POINT (9.222908284000027 49.125789908000058)","Unfall 54919 (2017) Kat:3, Licht: 2","54919","3","7","9","09","02","7","0","2","0","1","0","0"
"POINT (9.221169505000034 49.146278465000080)","Unfall 55068 (2017) Kat:2, Licht: 0","55068","2","4","6","09","07","5","0","0","0","1","1","0"
"POINT (9.220064050000076 49.134407336000038)","Unfall 55074 (2017) Kat:2, Licht: 0","55074","2","7","3","09","07","5","0","0","1","0","0","0"
"POINT (9.229447023000034 49.138705234000042)","Unfall 55138 (2017) Kat:3, Licht: 0","55138","3","6","2","09","16","4","0","0","0","1","0","0"
"POINT (9.243205623000051 49.107645607000052)","Unfall 55202 (2017) Kat:3, Licht: 2","55202","3","6","4","10","19","5","1","2","0","1","0","0"
"POINT (9.228237798000066 49.133498113000030)","Unfall 55208 (2017) Kat:3, Licht: 0","55208","3","6","1","10","16","5","1","0","0","1","0","0"
"POINT (9.217194255000038 49.128068943000073)","Unfall 55270 (2017) Kat:3, Licht: 0","55270","3","6","1","10","08","4","0","0","0","1","0","0"
"POINT (9.147309409000059 49.113812287000030)","Unfall 55423 (2017) Kat:3, Licht: 2","55423","3","6","4","10","19","1","0","2","0","1","0","0"
"POINT (9.203159988000039 49.185727633000056)","Unfall 55477 (2017) Kat:3, Licht: 0","55477","3","6","2","09","11","7","0","0","0","1","0","0"
"POINT (9.202520824000033 49.185800039000071)","Unfall 55478 (2017) Kat:3, Licht: 0","55478","3","6","1","09","10","7","0","0","0","1","0","0"
"POINT (9.188089404000039 49.188304926000058)","Unfall 55506 (2017) Kat:3, Licht: 0","55506","3","6","2","10","18","4","0","0","0","1","0","0"
"POINT (9.172738607000042 49.161236499000040)","Unfall 55562 (2017) Kat:3, Licht: 2","55562","3","6","1","10","18","3","0","2","0","1","0","0"
"POINT (9.204286615000058 49.138163719000033)","Unfall 55615 (2017) Kat:2, Licht: 2","55615","2","2","6","10","00","2","1","2","0","1","1","0"
"POINT (9.217869695000047 49.175126130000081)","Unfall 55761 (2017) Kat:3, Licht: 0","55761","3","2","5","10","10","6","0","0","0","1","0","0"
"POINT (9.190808460000028 49.142578860000071)","Unfall 55766 (2017) Kat:3, Licht: 0","55766","3","2","3","10","08","6","0","0","1","1","0","0"
"POINT (9.202220615000044 49.126059467000061)","Unfall 55915 (2017) Kat:3, Licht: 1","55915","3","6","2","10","18","2","0","1","0","1","0","0"
"POINT (9.191465063000067 49.142388086000039)","Unfall 56183 (2017) Kat:3, Licht: 2","56183","3","2","3","10","20","6","0","2","1","1","0","0"
"POINT (9.111959903000070 49.169500370000037)","Unfall 56243 (2017) Kat:3, Licht: 0","56243","3","1","8","10","14","1","0","0","0","1","0","0"
"POINT (9.202178692000075 49.126045327000043)","Unfall 56358 (2017) Kat:3, Licht: 2","56358","3","2","4","10","19","3","0","2","0","1","0","0"
"POINT (9.214923691000024 49.150078261000033)","Unfall 56393 (2017) Kat:2, Licht: 0","56393","2","2","5","10","11","6","0","0","1","1","0","0"
"POINT (9.222306009000022 49.120726292000029)","Unfall 56394 (2017) Kat:3, Licht: 2","56394","3","6","2","10","19","6","0","2","0","1","0","0"
"POINT (9.225241537000045 49.168362237000053)","Unfall 56489 (2017) Kat:2, Licht: 0","56489","2","7","0","10","14","5","0","0","0","1","0","0"
"POINT (9.225722083000051 49.167552713000077)","Unfall 56646 (2017) Kat:3, Licht: 0","56646","3","6","1","10","07","6","1","0","0","1","0","0"
"POINT (9.225285319000022 49.157510880000075)","Unfall 56648 (2017) Kat:3, Licht: 0","56648","3","5","1","10","15","6","0","0","0","1","0","0"
"POINT (9.222817512000063 49.146267798000054)","Unfall 56650 (2017) Kat:3, Licht: 2","56650","3","4","6","10","23","6","0","2","0","0","1","0"
"POINT (9.202208654000060 49.126055433000033)","Unfall 56742 (2017) Kat:3, Licht: 2","56742","3","3","5","10","21","5","0","2","0","1","0","1"
"POINT (9.218965116000049 49.169029578000050)","Unfall 56918 (2017) Kat:2, Licht: 0","56918","2","6","3","10","12","1","1","0","0","1","0","0"
"POINT (9.215871797000034 49.118747039000027)","Unfall 56978 (2017) Kat:3, Licht: 1","56978","3","1","0","10","06","3","1","1","1","0","0","0"
"POINT (9.200928017000024 49.125644055000066)","Unfall 56979 (2017) Kat:3, Licht: 1","56979","3","6","2","10","07","3","1","1","0","1","0","0"
"POINT (9.224735620000047 49.128853303000028)","Unfall 57070 (2017) Kat:3, Licht: 0","57070","3","6","0","10","16","2","0","0","0","1","0","0"
"POINT (9.225549647000037 49.157944024000074)","Unfall 57127 (2017) Kat:3, Licht: 0","57127","3","6","2","11","09","3","0","0","0","1","0","0"
"POINT (9.221223111000029 49.146587076000060)","Unfall 57250 (2017) Kat:3, Licht: 0","57250","3","6","3","11","15","5","0","0","0","0","0","1"
"POINT (9.145330802000046 49.176645394000047)","Unfall 57546 (2017) Kat:2, Licht: 1","57546","2","2","4","11","06","6","1","1","0","1","0","0"
"POINT (9.218416772000069 49.133185452000077)","Unfall 57567 (2017) Kat:3, Licht: 0","57567","3","6","0","10","14","3","0","0","0","1","0","0"
"POINT (9.219234034000067 49.159259187000032)","Unfall 57568 (2017) Kat:3, Licht: 0","57568","3","3","5","10","15","3","0","0","0","1","0","0"
"POINT (9.218414529000029 49.172140908000074)","Unfall 57723 (2017) Kat:2, Licht: 0","57723","2","3","5","11","16","3","0","0","0","1","0","0"
"POINT (9.199878762000026 49.151177945000029)","Unfall 57727 (2017) Kat:3, Licht: 2","57727","3","6","2","11","17","3","0","2","0","1","0","0"
"POINT (9.193994054000029 49.124178222000069)","Unfall 57737 (2017) Kat:3, Licht: 2","57737","3","3","5","11","06","4","1","2","0","1","0","0"
"POINT (9.246918565000044 49.148919707000061)","Unfall 57945 (2017) Kat:3, Licht: 0","57945","3","6","2","11","12","2","0","0","0","1","0","0"
"POINT (9.221107938000046 49.146281334000037)","Unfall 58099 (2017) Kat:3, Licht: 2","58099","3","6","2","11","19","7","1","2","0","1","0","0"
"POINT (9.230284010000048 49.145748365000031)","Unfall 58101 (2017) Kat:3, Licht: 2","58101","3","6","1","11","20","7","1","2","0","1","0","0"
"POINT (9.219263770000055 49.159346405000065)","Unfall 58123 (2017) Kat:3, Licht: 0","58123","3","2","5","11","13","7","0","0","0","1","0","0"
"POINT (9.229802006000057 49.142577857000049)","Unfall 58292 (2017) Kat:3, Licht: 0","58292","3","2","6","11","17","5","1","0","0","1","1","0"
"POINT (9.168964897000024 49.189158207000048)","Unfall 58459 (2017) Kat:2, Licht: 0","58459","2","6","2","11","07","3","1","0","0","1","0","0"
"POINT (9.218396053000049 49.146256455000071)","Unfall 58474 (2017) Kat:3, Licht: 2","58474","3","6","2","11","17","3","0","2","0","1","0","0"
"POINT (9.182745853000029 49.188900356000033)","Unfall 58591 (2017) Kat:3, Licht: 0","58591","3","6","2","11","08","4","0","0","0","1","0","0"
"POINT (9.203766589000054 49.126570739000044)","Unfall 58619 (2017) Kat:2, Licht: 2","58619","2","2","4","11","21","4","0","2","0","1","0","1"
"POINT (9.183319150000045 49.120535508000046)","Unfall 58673 (2017) Kat:3, Licht: 2","58673","3","1","8","12","00","6","2","2","0","1","0","0"
"POINT (9.199907864000068 49.149829339000064)","Unfall 58788 (2017) Kat:2, Licht: 2","58788","2","4","6","12","07","2","1","2","0","1","1","0"
"POINT (9.193676336000067 49.141630130000067)","Unfall 58794 (2017) Kat:2, Licht: 0","58794","2","7","6","12","10","2","0","0","0","1","1","0"
"POINT (9.112613275000058 49.172880101000032)","Unfall 58839 (2017) Kat:2, Licht: 2","58839","2","1","9","12","19","1","2","2","0","1","0","0"
"POINT (9.226412759000027 49.159966990000044)","Unfall 58872 (2017) Kat:2, Licht: 2","58872","2","2","5","12","20","7","0","2","0","1","0","0"
"POINT (9.141305329000034 49.192720877000056)","Unfall 58941 (2017) Kat:3, Licht: 2","58941","3","6","2","12","00","4","1","2","0","1","0","1"