WKT,Name,OBJECTID,UKATEGORIE,UTYP1,UART,UMONAT,USTUNDE,UWOCHENTAG,STRZUSTAND,ULICHTVERH,ISTRAD,ISTPKW,ISTFUSS,ISTKRAD
"POINT (9.200500239000064 49.152447270000039)","Unfall 59068 (2017) Kat:3, Licht: 2","59068","3","3","5","12","06","3","0","2","0","1","0","0"
"POINT (9.223409553000067 49.126622134000058)","Unfall 59174 (2017) Kat:3, Licht: 0","59174","3","6","2","12","13","5","0","0","0","1","0","0"
"POINT (9.216270440000073 49.152274051000063)","Unfall 59242 (2017) Kat:2, Licht: 0","59242","2","3","5","12","16","4","0","0","0","1","0","1"
"POINT (9.145330802000046 49.176645394000047)","Unfall 59267 (2017) Kat:3, Licht: 2","59267","3","2","4","12","07","2","1","2","0","1","0","0"
"POINT (9.182141271000035 49.151231086000053)","Unfall 59269 (2017) Kat:3, Licht: 0","59269","3","6","1","12","15","2","1","0","0","1","0","0"
"POINT (9.243889853000042 49.148798961000068)","Unfall 59271 (2017) Kat:3, Licht: 1","59271","3","6","2","12","07","2","1","1","0","1","0","0"
"POINT (9.200578844000063 49.154628974000047)","Unfall 59351 (2017) Kat:2, Licht: 1","59351","2","6","2","12","16","5","0","1","0","1","0","0"
"POINT (9.141691079000054 49.194088793000049)","Unfall 59352 (2017) Kat:3, Licht: 2","59352","3","7","0","12","19","5","1","2","0","1","0","1"
"POINT (9.224037853000027 49.168050983000057)","Unfall 59353 (2017) Kat:3, Licht: 0","59353","3","6","1","12","15","5","1","0","0","1","0","0"
"POINT (9.209801880000043 49.184929471000032)","Unfall 59425 (2017) Kat:3, Licht: 2","59425","3","6","2","12","21","4","1","2","0","1","0","0"
"POINT (9.217449614000032 49.169318686000054)","Unfall 59433 (2017) Kat:3, Licht: 0","59433","3","3","2","12","09","4","0","0","0","1","0","0"
"POINT (9.221241967000026 49.146272098000054)","Unfall 59434 (2017) Kat:3, Licht: 0","59434","3","6","2","12","12","4","0","0","0","0","0","1"
"POINT (9.226674359000072 49.133907623000027)","Unfall 59438 (2017) Kat:3, Licht: 2","59438","3","2","5","12","07","4","0","2","0","1","0","0"
"POINT (9.218428114000062 49.156868841000062)","Unfall 59493 (2017) Kat:2, Licht: 1","59493","2","2","3","12","16","3","1","1","0","1","0","0"
"POINT (9.199252617000070 49.137353502000053)","Unfall 59625 (2017) Kat:3, Licht: 2","59625","3","6","2","12","17","4","1","2","0","1","0","0"
"POINT (9.212065237000047 49.136963183000034)","Unfall 59626 (2017) Kat:3, Licht: 0","59626","3","6","2","12","14","4","1","0","0","1","0","0"
"POINT (9.194998200000043 49.125196315000039)","Unfall 59674 (2017) Kat:3, Licht: 0","59674","3","6","1","12","07","3","2","0","0","1","0","0"
"POINT (9.225461916000029 49.157878822000043)","Unfall 59767 (2017) Kat:2, Licht: 2","59767","2","2","5","12","17","1","0","2","0","1","0","0"
"POINT (9.208123416000035 49.141115910000053)","Unfall 59814 (2017) Kat:3, Licht: 2","59814","3","2","4","12","18","7","1","2","0","1","0","0"
"POINT (9.229517831000067 49.139282909000030)","Unfall 59824 (2017) Kat:3, Licht: 1","59824","3","6","2","12","07","5","0","1","0","1","0","0"
"POINT (9.218566199000065 49.157284100000027)","Unfall 60222 (2017) Kat:3, Licht: 2","60222","3","6","2","12","16","6","1","2","0","1","0","0"
"POINT (9.229806841000027 49.140650286000039)","Unfall 60223 (2017) Kat:3, Licht: 2","60223","3","6","1","12","19","6","1","2","0","1","0","0"
"POINT (9.221013949000053 49.139926929000069)","Unfall 145890 (2017) Kat:3, Licht: 2","145890","3","1","8","01","22","5","1","2","0","1","0","0"
"POINT (9.226745172000051 49.134477945000071)","Unfall 145970 (2017) Kat:3, Licht: 2","145970","3","3","6","01","07","2","2","2","0","1","1","0"
"POINT (9.185604272000035 49.184365030000038)","Unfall 146016 (2017) Kat:2, Licht: 2","146016","2","3","5","01","07","5","2","2","0","1","0","0"
"POINT (9.209083885000041 49.165646789000050)","Unfall 146017 (2017) Kat:2, Licht: 0","146017","2","1","4","01","08","5","2","0","0","1","0","0"
"POINT (9.215407343000038 49.142453252000053)","Unfall 146084 (2017) Kat:3, Licht: 2","146084","3","7","6","01","00","1","1","2","0","1","1","0"
"POINT (9.216182806000063 49.156975536000061)","Unfall 146146 (2017) Kat:3, Licht: 0","146146","3","3","5","01","11","7","0","0","0","1","0","0"
"POINT (9.199604279000027 49.164375818000053)","Unfall 146177 (2017) Kat:3, Licht: 0","146177","3","7","8","01","08","6","0","0","0","1","0","0"
"POINT (9.196709273000067 49.149406904000045)","Unfall 146616 (2017) Kat:3, Licht: 2","146616","3","5","1","01","06","2","0","2","0","1","0","0"
"POINT (9.222288639000055 49.141626373000065)","Unfall 146617 (2017) Kat:3, Licht: 0","146617","3","3","5","01","07","2","0","0","0","1","0","0"
"POINT (9.186279221000063 49.118067834000044)","Unfall 146778 (2017) Kat:3, Licht: 0","146778","3","3","5","02","10","3","0","0","0","1","0","0"
"POINT (9.214423249000049 49.133012740000026)","Unfall 146804 (2017) Kat:3, Licht: 0","146804","3","5","1","02","15","2","0","0","0","1","0","0"
"POINT (9.219456790000038 49.137450607000062)","Unfall 146899 (2017) Kat:3, Licht: 0","146899","3","2","3","02","15","5","0","0","1","1","0","0"
"POINT (9.194821992000072 49.142021933000080)","Unfall 146960 (2017) Kat:3, Licht: 2","146960","3","3","5","02","21","2","1","2","0","1","0","0"
"POINT (9.211003079000022 49.137688251000043)","Unfall 147070 (2017) Kat:3, Licht: 0","147070","3","5","1","02","15","5","0","0","1","1","0","0"
"POINT (9.230239033000032 49.132144761000063)","Unfall 147071 (2017) Kat:3, Licht: 1","147071","3","2","6","02","07","5","0","1","0","1","1","0"
"POINT (9.202724578000073 49.125092538000047)","Unfall 147141 (2017) Kat:3, Licht: 1","147141","3","6","1","02","17","3","0","1","1","1","0","0"
"POINT (9.221215392000033 49.137086225000076)","Unfall 147142 (2017) Kat:3, Licht: 0","147142","3","6","1","02","14","3","0","0","0","1","0","0"
"POINT (9.213245424000036 49.133784971000068)","Unfall 147165 (2017) Kat:3, Licht: 0","147165","3","7","0","02","10","2","0","0","0","1","0","0"
"POINT (9.232393461000072 49.132981799000049)","Unfall 147166 (2017) Kat:3, Licht: 0","147166","3","7","0","02","14","2","0","0","0","1","0","0"
"POINT (9.219208970000068 49.143149377000043)","Unfall 147174 (2017) Kat:3, Licht: 0","147174","3","6","1","03","13","7","0","0","1","1","0","0"
"POINT (9.181249854000043 49.149413922000065)","Unfall 147200 (2017) Kat:3, Licht: 0","147200","3","6","6","03","12","6","0","0","0","0","1","1"
"POINT (9.221268946000066 49.137695769000061)","Unfall 147235 (2017) Kat:2, Licht: 2","147235","2","7","0","03","23","5","0","2","0","0","1","0"
"POINT (9.153558830000065 49.181663945000025)","Unfall 147383 (2017) Kat:3, Licht: 0","147383","3","6","3","02","16","6","0","0","1","0","0","0"
"POINT (9.223564132000035 49.131028083000047)","Unfall 147433 (2017) Kat:2, Licht: 2","147433","2","2","2","02","19","4","0","2","1","1","0","0"
"POINT (9.222801673000049 49.157796206000057)","Unfall 147464 (2017) Kat:3, Licht: 0","147464","3","4","6","03","14","2","0","0","1","0","1","0"
"POINT (9.225918200000024 49.144098251000059)","Unfall 147465 (2017) Kat:3, Licht: 0","147465","3","7","1","03","17","2","0","0","1","1","0","0"
"POINT (9.226762734000033 49.150741476000064)","Unfall 147466 (2017) Kat:3, Licht: 1","147466","3","5","1","03","17","2","0","1","0","1","0","0"
"POINT (9.211504744000024 49.121476848000043)","Unfall 147467 (2017) Kat:3, Licht: 0","147467","3","6","2","03","08","2","0","0","0","1","0","0"
"POINT (9.212971983000045 49.133264541000074)","Unfall 147525 (2017) Kat:3, Licht: 2","147525","3","3","5","03","03","7","1","2","0","1","0","0"
"POINT (9.204924079000023 49.149600827000029)","Unfall 147526 (2017) Kat:3, Licht: 1","147526","3","7","6","03","06","7","0","1","0","1","1","0"
"POINT (9.226748555000029 49.142870373000051)","Unfall 147573 (2017) Kat:3, Licht: 0","147573","3","2","3","03","13","6","0","0","1","1","0","0"
"POINT (9.239172721000045 49.138362808000068)","Unfall 147574 (2017) Kat:3, Licht: 0","147574","3","4","6","03","17","6","0","0","0","1","1","0"
"POINT (9.211439689000031 49.121354909000047)","Unfall 147671 (2017) Kat:2, Licht: 0","147671","2","7","1","03","07","2","1","0","1","1","0","0"
"POINT (9.225372662000041 49.146189296000045)","Unfall 147672 (2017) Kat:3, Licht: 0","147672","3","2","5","03","16","2","0","0","0","1","0","0"
"POINT (9.167963181000062 49.184035087000041)","Unfall 147681 (2017) Kat:2, Licht: 0","147681","2","2","5","03","15","1","0","0","0","1","0","1"
"POINT (9.220602617000054 49.134373242000038)","Unfall 147702 (2017) Kat:3, Licht: 2","147702","3","6","2","03","19","3","1","2","0","1","0","0"
"POINT (9.223378587000070 49.145716271000026)","Unfall 147762 (2017) Kat:3, Licht: 1","147762","3","1","0","03","06","7","1","1","0","1","0","0"
"POINT (9.211536549000073 49.121475442000076)","Unfall 147912 (2017) Kat:3, Licht: 0","147912","3","6","2","03","12","3","0","0","0","1","0","0"
"POINT (9.192130013000053 49.136238792000029)","Unfall 147987 (2017) Kat:3, Licht: 0","147987","3","7","0","03","18","3","0","0","0","0","0","0"
"POINT (9.227068442000075 49.138881045000062)","Unfall 148047 (2017) Kat:3, Licht: 0","148047","3","1","0","03","10","1","0","0","0","1","1","0"
"POINT (9.196160449000047 49.118120984000029)","Unfall 148074 (2017) Kat:3, Licht: 0","148074","3","3","5","03","11","7","0","0","1","1","0","0"
"POINT (9.181090811000047 49.145792451000034)","Unfall 148148 (2017) Kat:3, Licht: 0","148148","3","4","6","03","07","5","0","0","0","0","1","1"
"POINT (9.214217304000044 49.142674759000045)","Unfall 148216 (2017) Kat:2, Licht: 0","148216","2","4","6","04","10","2","0","0","0","1","1","0"
"POINT (9.233816913000055 49.142446606000078)","Unfall 148217 (2017) Kat:2, Licht: 0","148217","2","3","5","04","14","2","0","0","1","1","0","0"
"POINT (9.227306448000036 49.138890478000064)","Unfall 148219 (2017) Kat:3, Licht: 0","148219","3","3","5","04","11","2","0","0","0","1","0","0"
"POINT (9.222724676000041 49.143252118000078)","Unfall 148246 (2017) Kat:2, Licht: 2","148246","2","3","5","04","23","1","0","2","0","1","0","0"
"POINT (9.189580178000028 49.135622592000061)","Unfall 148248 (2017) Kat:2, Licht: 2","148248","2","7","0","04","21","1","0","2","0","1","0","0"
"POINT (9.204206659000022 49.137507826000046)","Unfall 148289 (2017) Kat:3, Licht: 0","148289","3","2","3","04","18","7","0","0","0","1","0","1"
"POINT (9.210010839000063 49.128579284000068)","Unfall 148326 (2017) Kat:3, Licht: 0","148326","3","3","5","03","18","6","0","0","1","1","0","0"
"POINT (9.205669620000037 49.140792508000061)","Unfall 148327 (2017) Kat:3, Licht: 0","148327","3","7","7","03","14","6","0","0","0","1","0","0"
"POINT (9.170674798000050 49.163924363000035)","Unfall 148445 (2017) Kat:3, Licht: 0","148445","3","1","0","03","18","4","0","0","0","0","0","1"
"POINT (9.204326937000076 49.138025563000042)","Unfall 148538 (2017) Kat:3, Licht: 0","148538","3","7","0","04","14","6","0","0","0","1","0","0"
"POINT (9.222152768000058 49.120699595000076)","Unfall 148636 (2017) Kat:3, Licht: 0","148636","3","6","2","04","16","4","0","0","0","1","0","0"
"POINT (9.222870087000047 49.143772426000055)","Unfall 148637 (2017) Kat:3, Licht: 0","148637","3","2","3","04","11","4","0","0","0","0","0","0"
"POINT (9.246643362000043 49.138450967000040)","Unfall 148687 (2017) Kat:3, Licht: 2","148687","3","1","8","04","04","3","0","2","0","1","0","0"
"POINT (9.204038149000041 49.138129895000077)","Unfall 148732 (2017) Kat:3, Licht: 0","148732","3","6","2","04","14","2","1","0","0","1","0","0"
"POINT (9.189975851000042 49.107378820000065)","Unfall 148892 (2017) Kat:3, Licht: 0","148892","3","3","5","04","15","3","0","0","1","1","0","0"
"POINT (9.220561680000060 49.142804219000027)","Unfall 149000 (2017) Kat:3, Licht: 0","149000","3","7","6","04","13","4","0","0","1","0","1","0"
"POINT (9.180909539000027 49.145387002000064)","Unfall 149037 (2017) Kat:3, Licht: 0","149037","3","5","1","04","08","3","0","0","0","1","0","0"
"POINT (9.176519016000043 49.118175620000045)","Unfall 149120 (2017) Kat:3, Licht: 0","149120","3","3","5","04","16","1","0","0","0","1","0","0"
"POINT (9.209537215000069 49.169455230000040)","Unfall 149136 (2017) Kat:3, Licht: 0","149136","3","2","5","04","14","7","1","0","0","1","0","0"
"POINT (9.200962787000037 49.132713076000073)","Unfall 149170 (2017) Kat:3, Licht: 0","149170","3","4","6","04","11","6","0","0","0","1","1","0"
"POINT (9.184788261000051 49.110750404000044)","Unfall 149171 (2017) Kat:3, Licht: 0","149171","3","2","2","04","16","6","0","0","0","1","0","0"
"POINT (9.165812847000041 49.163264494000032)","Unfall 149274 (2017) Kat:3, Licht: 0","149274","3","7","0","05","17","5","0","0","0","0","0","1"
"POINT (9.215095459000054 49.137278430000038)","Unfall 149356 (2017) Kat:3, Licht: 0","149356","3","3","5","05","10","3","1","0","1","1","0","0"
"POINT (9.220993025000041 49.136244338000040)","Unfall 149357 (2017) Kat:3, Licht: 0","149357","3","6","1","05","07","3","1","0","0","1","0","0"
"POINT (9.195202578000021 49.144541162000053)","Unfall 149378 (2017) Kat:3, Licht: 0","149378","3","2","5","05","18","2","1","0","1","1","0","0"
"POINT (9.204071736000060 49.146033758000044)","Unfall 149402 (2017) Kat:3, Licht: 0","149402","3","6","2","04","18","1","0","0","0","1","0","0"
"POINT (9.231580632000032 49.142567943000074)","Unfall 149403 (2017) Kat:3, Licht: 0","149403","3","3","5","04","18","1","0","0","0","1","0","0"
"POINT (9.223107273000039 49.136202290000028)","Unfall 149438 (2017) Kat:3, Licht: 0","149438","3","6","4","04","19","7","0","0","1","1","0","0"
"POINT (9.193480333000025 49.130314829000042)","Unfall 149644 (2017) Kat:3, Licht: 0","149644","3","4","6","05","16","3","0","0","0","0","1","0"
"POINT (9.185113138000077 49.146611148000034)","Unfall 149672 (2017) Kat:2, Licht: 0","149672","2","3","5","05","15","2","0","0","0","1","0","1"
"POINT (9.195624193000072 49.120051637000074)","Unfall 149701 (2017) Kat:3, Licht: 0","149701","3","5","1","05","13","1","1","0","0","1","0","0"
"POINT (9.225319512000056 49.146162278000077)","Unfall 149702 (2017) Kat:3, Licht: 2","149702","3","2","6","05","22","1","1","2","0","1","1","0"
"POINT (9.200166403000026 49.168950782000081)","Unfall 149767 (2017) Kat:3, Licht: 0","149767","3","6","1","05","13","6","0","0","0","1","0","0"
"POINT (9.188324604000059 49.154289417000030)","Unfall 149918 (2017) Kat:3, Licht: 0","149918","3","6","2","05","17","2","1","0","0","1","0","0"
"POINT (9.157348231000071 49.137343927000074)","Unfall 149946 (2017) Kat:3, Licht: 0","149946","3","6","2","05","14","1","0","0","1","0","0","0"
"POINT (9.227847767000071 49.147924657000033)","Unfall 149947 (2017) Kat:3, Licht: 0","149947","3","5","1","05","14","1","0","0","1","1","0","0"
"POINT (9.214944944000024 49.152637822000031)","Unfall 150045 (2017) Kat:3, Licht: 0","150045","3","3","5","05","16","2","0","0","1","1","0","0"
"POINT (9.214070336000077 49.172195407000061)","Unfall 150046 (2017) Kat:3, Licht: 0","150046","3","2","3","05","16","2","0","0","0","1","0","1"
"POINT (9.196439038000051 49.158922766000046)","Unfall 150120 (2017) Kat:3, Licht: 0","150120","3","7","5","05","17","7","0","0","1","1","0","0"
"POINT (9.229067687000054 49.132912346000069)","Unfall 150170 (2017) Kat:2, Licht: 0","150170","2","4","6","05","07","6","1","0","0","1","1","0"
"POINT (9.224771016000034 49.128698358000065)","Unfall 150343 (2017) Kat:3, Licht: 0","150343","3","2","5","05","14","6","0","0","1","1","0","0"
"POINT (9.196819442000049 49.151059291000081)","Unfall 150599 (2017) Kat:2, Licht: 0","150599","2","3","0","05","10","4","0","0","1","1","0","0"
"POINT (9.178231626000070 49.139855783000030)","Unfall 150654 (2017) Kat:3, Licht: 0","150654","3","5","1","05","08","3","0","0","0","1","0","0"
"POINT (9.212983638000026 49.133286724000072)","Unfall 150655 (2017) Kat:3, Licht: 0","150655","3","2","3","05","13","3","0","0","0","1","0","0"
"POINT (9.198831446000042 49.160888043000057)","Unfall 150717 (2017) Kat:3, Licht: 0","150717","3","3","0","05","17","2","0","0","1","0","0","0"
"POINT (9.202375684000060 49.125646139000025)","Unfall 150718 (2017) Kat:3, Licht: 0","150718","3","6","2","05","10","2","0","0","0","1","0","0"
"POINT (9.207187869000052 49.125976855000033)","Unfall 150719 (2017) Kat:3, Licht: 0","150719","3","7","0","05","11","2","0","0","0","1","0","0"
"POINT (9.190973531000054 49.136958813000035)","Unfall 150788 (2017) Kat:3, Licht: 0","150788","3","7","0","05","15","7","0","0","0","0","0","1"
"POINT (9.204675725000072 49.126281137000035)","Unfall 150789 (2017) Kat:2, Licht: 0","150789","2","6","1","05","10","7","0","0","0","1","0","0"
"POINT (9.213205441000071 49.150476588000060)","Unfall 150986 (2017) Kat:2, Licht: 0","150986","2","4","6","06","10","6","0","0","0","1","1","0"
"POINT (9.194591756000023 49.142900461000067)","Unfall 151049 (2017) Kat:3, Licht: 0","151049","3","2","4","06","07","5","0","0","1","1","0","0"
"POINT (9.221133524000038 49.136776275000045)","Unfall 151050 (2017) Kat:3, Licht: 0","151050","3","7","0","06","20","5","0","0","0","1","1","0"
"POINT (9.206604429000038 49.121703759000070)","Unfall 151122 (2017) Kat:3, Licht: 0","151122","3","3","5","06","11","3","0","0","1","1","0","0"
"POINT (9.157473031000052 49.136101102000055)","Unfall 151202 (2017) Kat:1, Licht: 0","151202","1","7","0","06","18","1","0","0","1","0","0","0"
"POINT (9.208260021000058 49.137447527000063)","Unfall 151237 (2017) Kat:2, Licht: 0","151237","2","4","6","06","15","7","0","0","0","0","1","1"
"POINT (9.185891682000033 49.129873258000032)","Unfall 151239 (2017) Kat:2, Licht: 0","151239","2","7","0","06","19","7","0","0","1","0","0","0"
"POINT (9.193596742000068 49.131486780000046)","Unfall 151275 (2017) Kat:3, Licht: 0","151275","3","7","8","06","07","6","0","0","0","1","0","0"
"POINT (9.173785965000036 49.115406510000071)","Unfall 151307 (2017) Kat:3, Licht: 0","151307","3","7","0","06","16","5","0","0","1","1","0","0"
"POINT (9.204038149000041 49.138129895000077)","Unfall 151338 (2017) Kat:3, Licht: 2","151338","3","3","5","06","22","3","0","2","0","1","0","0"
"POINT (9.218178761000047 49.172078606000071)","Unfall 151410 (2017) Kat:3, Licht: 0","151410","3","3","5","06","17","2","0","0","1","1","0","0"
"POINT (9.206609747000073 49.128718986000081)","Unfall 151595 (2017) Kat:3, Licht: 0","151595","3","3","5","06","16","1","0","0","0","1","0","1"
"POINT (9.219104420000065 49.136211360000061)","Unfall 151632 (2017) Kat:2, Licht: 2","151632","2","2","3","06","00","7","0","2","0","1","0","1"
"POINT (9.219211633000043 49.159353781000050)","Unfall 151740 (2017) Kat:3, Licht: 0","151740","3","3","5","06","14","5","0","0","0","1","0","0"
"POINT (9.211346943000024 49.129849230000048)","Unfall 151858 (2017) Kat:3, Licht: 0","151858","3","3","5","06","15","1","0","0","1","1","0","0"
"POINT (9.220933813000045 49.139125808000074)","Unfall 151902 (2017) Kat:3, Licht: 0","151902","3","6","2","06","12","5","0","0","0","1","0","0"
"POINT (9.189539754000066 49.131875514000058)","Unfall 151960 (2017) Kat:3, Licht: 0","151960","3","3","5","06","18","4","0","0","1","1","0","0"
"POINT (9.224676733000024 49.131085792000079)","Unfall 151961 (2017) Kat:3, Licht: 0","151961","3","7","0","06","16","4","0","0","0","0","0","1"
"POINT (9.180560731000071 49.184932788000026)","Unfall 152026 (2017) Kat:3, Licht: 2","152026","3","7","0","06","23","3","0","2","1","0","1","0"
"POINT (9.226281180000058 49.123674894000033)","Unfall 152135 (2017) Kat:2, Licht: 0","152135","2","2","1","06","05","6","0","0","0","1","0","1"
"POINT (9.197086506000062 49.121069815000055)","Unfall 152160 (2017) Kat:3, Licht: 0","152160","3","5","1","07","06","4","0","0","1","0","0","0"
"POINT (9.216957429000047 49.125886661000038)","Unfall 152161 (2017) Kat:3, Licht: 0","152161","3","6","2","07","09","4","0","0","0","1","0","0"
"POINT (9.211187191000022 49.150165731000072)","Unfall 152294 (2017) Kat:3, Licht: 0","152294","3","6","3","07","15","2","0","0","0","1","0","1"
"POINT (9.206905546000030 49.142050869000059)","Unfall 152295 (2017) Kat:3, Licht: 0","152295","3","6","2","07","16","2","0","0","0","1","0","0"
"POINT (9.285006946000067 49.118978410000068)","Unfall 152399 (2017) Kat:2, Licht: 0","152399","2","1","9","07","11","2","1","0","0","1","0","0"
"POINT (9.222225863000062 49.148349255000028)","Unfall 152404 (2017) Kat:3, Licht: 0","152404","3","7","6","07","15","2","0","0","0","1","1","0"
"POINT (9.219148210000071 49.121200138000063)","Unfall 152461 (2017) Kat:3, Licht: 0","152461","3","3","5","07","16","7","0","0","0","1","0","1"
"POINT (9.221045017000051 49.139061172000027)","Unfall 152508 (2017) Kat:3, Licht: 0","152508","3","7","1","07","09","6","0","0","0","1","0","0"
"POINT (9.222162950000040 49.141669666000041)","Unfall 152509 (2017) Kat:3, Licht: 0","152509","3","6","2","07","18","6","1","0","0","1","0","1"
"POINT (9.154394956000033 49.181842006000068)","Unfall 152576 (2017) Kat:3, Licht: 0","152576","3","6","4","07","17","5","0","0","0","1","0","1"
"POINT (9.220224929000040 49.133092190000070)","Unfall 152740 (2017) Kat:2, Licht: 0","152740","2","3","5","07","16","5","0","0","1","1","0","0"
"POINT (9.215794195000058 49.158468301000028)","Unfall 152800 (2017) Kat:3, Licht: 0","152800","3","7","0","07","17","4","1","0","1","0","0","0"
"POINT (9.220298437000054 49.138791997000055)","Unfall 152801 (2017) Kat:3, Licht: 0","152801","3","6","3","07","18","4","1","0","0","1","0","1"
"POINT (9.223800186000062 49.123996441000031)","Unfall 152852 (2017) Kat:3, Licht: 0","152852","3","6","1","07","16","3","0","0","0","1","0","1"
"POINT (9.213850908000040 49.135055248000072)","Unfall 152853 (2017) Kat:3, Licht: 0","152853","3","4","6","07","13","3","0","0","0","1","1","0"
"POINT (9.208808025000053 49.118603612000072)","Unfall 152943 (2017) Kat:3, Licht: 0","152943","3","7","0","07","19","4","0","0","0","1","0","0"
"POINT (9.222924937000073 49.139098508000075)","Unfall 153066 (2017) Kat:3, Licht: 0","153066","3","1","2","07","10","2","0","0","0","1","0","0"
"POINT (9.215521052000042 49.120891179000068)","Unfall 153178 (2017) Kat:3, Licht: 0","153178","3","6","3","07","10","3","0","0","0","1","0","0"
"POINT (9.221777672000030 49.140773987000046)","Unfall 153179 (2017) Kat:3, Licht: 0","153179","3","2","3","07","17","3","1","0","0","1","0","0"
"POINT (9.191212022000059 49.140418016000069)","Unfall 153251 (2017) Kat:3, Licht: 0","153251","3","7","0","07","14","1","0","0","0","0","0","0"
"POINT (9.219108355000060 49.143720027000029)","Unfall 153344 (2017) Kat:3, Licht: 0","153344","3","4","6","07","17","6","0","0","0","1","1","0"
"POINT (9.237138025000036 49.133739891000062)","Unfall 153345 (2017) Kat:3, Licht: 0","153345","3","5","1","07","08","6","0","0","1","1","0","0"
"POINT (9.221205779000059 49.151281180000069)","Unfall 153422 (2017) Kat:3, Licht: 0","153422","3","7","6","08","16","3","0","0","1","0","1","0"
"POINT (9.222837629000026 49.136398468000039)","Unfall 153712 (2017) Kat:3, Licht: 0","153712","3","3","5","08","12","2","0","0","1","1","0","0"
"POINT (9.219368376000034 49.137335302000054)","Unfall 153812 (2017) Kat:2, Licht: 2","153812","2","4","6","08","23","6","0","2","0","1","1","0"
"POINT (9.187930294000068 49.154136377000043)","Unfall 153813 (2017) Kat:3, Licht: 0","153813","3","2","5","08","18","6","0","0","0","1","0","1"
"POINT (9.220558196000070 49.134492348000038)","Unfall 153814 (2017) Kat:3, Licht: 2","153814","3","7","0","08","01","6","0","2","0","0","0","1"
"POINT (9.214567124000041 49.139798705000032)","Unfall 153852 (2017) Kat:2, Licht: 0","153852","2","3","5","08","13","5","0","0","1","0","0","0"
"POINT (9.226676294000072 49.142894685000044)","Unfall 153853 (2017) Kat:3, Licht: 0","153853","3","2","0","08","08","5","0","0","0","1","0","0"
"POINT (9.223594546000072 49.135956018000059)","Unfall 153854 (2017) Kat:3, Licht: 0","153854","3","7","1","08","09","5","0","0","1","0","0","0"
"POINT (9.171359911000025 49.112360891000037)","Unfall 154030 (2017) Kat:3, Licht: 0","154030","3","6","3","08","16","2","0","0","1","1","0","0"
"POINT (9.228094103000046 49.159785794000072)","Unfall 154085 (2017) Kat:3, Licht: 0","154085","3","6","4","08","11","7","0","0","0","1","0","0"
"POINT (9.217876948000026 49.130801115000054)","Unfall 154137 (2017) Kat:3, Licht: 1","154137","3","2","0","08","05","5","1","1","1","0","0","0"
"POINT (9.222833902000048 49.136372339000047)","Unfall 154138 (2017) Kat:3, Licht: 0","154138","3","3","5","08","18","5","1","0","1","1","0","0"
"POINT (9.203700491000063 49.123658234000061)","Unfall 154168 (2017) Kat:3, Licht: 2","154168","3","3","5","08","21","4","0","2","0","1","0","0"
"POINT (9.225854047000041 49.149444751000033)","Unfall 154308 (2017) Kat:3, Licht: 0","154308","3","6","2","08","15","3","0","0","0","1","0","0"
"POINT (9.223295651000058 49.146248173000060)","Unfall 154389 (2017) Kat:2, Licht: 2","154389","2","2","5","08","21","7","0","2","0","1","0","1"
"POINT (9.218261982000058 49.130745069000056)","Unfall 154520 (2017) Kat:3, Licht: 0","154520","3","3","5","08","09","5","1","0","0","1","0","0"
"POINT (9.218772221000052 49.134614500000055)","Unfall 154633 (2017) Kat:2, Licht: 2","154633","2","6","2","08","22","2","0","2","0","1","0","1"
"POINT (9.210463657000048 49.151135771000042)","Unfall 154768 (2017) Kat:3, Licht: 0","154768","3","6","3","09","18","5","0","0","0","1","0","0"
"POINT (9.223426504000031 49.145927912000047)","Unfall 154835 (2017) Kat:3, Licht: 0","154835","3","3","4","09","10","3","0","0","1","1","0","0"
"POINT (9.160978101000069 49.143060416000026)","Unfall 154927 (2017) Kat:2, Licht: 0","154927","2","7","0","09","18","7","0","0","0","1","0","0"
"POINT (9.224015917000031 49.129583003000050)","Unfall 155004 (2017) Kat:3, Licht: 0","155004","3","3","5","09","17","6","0","0","0","1","0","0"
"POINT (9.208914161000052 49.138071209000032)","Unfall 155025 (2017) Kat:3, Licht: 0","155025","3","7","6","09","16","5","0","0","0","1","1","0"
"POINT (9.225964345000023 49.142137289000061)","Unfall 155068 (2017) Kat:3, Licht: 0","155068","3","3","5","09","11","4","0","0","1","1","0","0"
"POINT (9.200718149000068 49.163479286000040)","Unfall 155069 (2017) Kat:3, Licht: 0","155069","3","3","5","09","13","4","0","0","1","0","0","0"
"POINT (9.227819546000035 49.133935558000076)","Unfall 155070 (2017) Kat:3, Licht: 0","155070","3","6","2","09","12","4","0","0","0","1","0","0"
"POINT (9.209561293000036 49.171331030000033)","Unfall 155071 (2017) Kat:3, Licht: 0","155071","3","6","2","09","07","4","0","0","0","1","0","0"
"POINT (9.209005443000024 49.165162685000041)","Unfall 155109 (2017) Kat:3, Licht: 2","155109","3","7","8","09","02","3","0","2","0","1","0","0"
"POINT (9.214600294000036 49.169584530000066)","Unfall 155158 (2017) Kat:3, Licht: 0","155158","3","3","5","09","14","2","1","0","1","1","0","0"