WKT,Name,OBJECTID,UKATEGORIE,UTYP1,UART,UMONAT,USTUNDE,UWOCHENTAG,STRZUSTAND,ULICHTVERH,ISTRAD,ISTPKW,ISTFUSS,ISTKRAD
"POINT (9.218362424000077 49.140972485000077)","Unfall 155159 (2017) Kat:3, Licht: 2","155159","3","7","6","09","23","2","0","2","0","1","1","0"
"POINT (9.228419916000064 49.133517162000032)","Unfall 155160 (2017) Kat:3, Licht: 0","155160","3","6","2","09","17","2","0","0","0","1","0","0"
"POINT (9.220107091000045 49.129101277000075)","Unfall 155216 (2017) Kat:3, Licht: 0","155216","3","2","3","09","16","7","0","0","1","1","0","0"
"POINT (9.216366231000052 49.166252104000080)","Unfall 155217 (2017) Kat:3, Licht: 2","155217","3","3","5","09","19","7","1","2","0","1","0","0"
"POINT (9.223062773000038 49.144375653000054)","Unfall 155255 (2017) Kat:2, Licht: 0","155255","2","2","0","09","18","6","0","0","0","1","0","0"
"POINT (9.187260847000061 49.153627749000066)","Unfall 155301 (2017) Kat:3, Licht: 0","155301","3","1","6","09","15","5","0","0","0","0","1","0"
"POINT (9.219439761000047 49.137450141000045)","Unfall 155302 (2017) Kat:3, Licht: 0","155302","3","2","3","09","15","5","0","0","0","1","0","0"
"POINT (9.226263581000069 49.152217032000067)","Unfall 155388 (2017) Kat:3, Licht: 0","155388","3","3","5","09","08","3","1","0","0","1","0","0"
"POINT (9.229252719000044 49.132896001000063)","Unfall 155391 (2017) Kat:3, Licht: 1","155391","3","3","5","09","07","3","1","1","1","0","0","0"
"POINT (9.186169348000021 49.131344408000075)","Unfall 155429 (2017) Kat:2, Licht: 0","155429","2","7","0","09","09","2","1","0","1","0","0","0"
"POINT (9.230326914000045 49.149968077000040)","Unfall 155430 (2017) Kat:3, Licht: 0","155430","3","3","5","09","16","2","0","0","1","0","0","0"
"POINT (9.227051841000048 49.142847133000032)","Unfall 155431 (2017) Kat:3, Licht: 1","155431","3","2","3","09","07","2","0","1","1","0","0","0"
"POINT (9.218818917000021 49.134857797000052)","Unfall 155432 (2017) Kat:3, Licht: 0","155432","3","6","2","09","16","2","1","0","0","1","0","0"
"POINT (9.183085137000035 49.134592894000036)","Unfall 155454 (2017) Kat:2, Licht: 0","155454","2","6","2","09","16","1","0","0","1","0","0","0"
"POINT (9.230352822000043 49.149986647000048)","Unfall 155552 (2017) Kat:3, Licht: 0","155552","3","2","4","09","18","5","0","0","1","1","0","0"
"POINT (9.195416620000060 49.120245964000048)","Unfall 155599 (2017) Kat:3, Licht: 0","155599","3","3","5","09","16","4","0","0","1","1","0","0"
"POINT (9.221040957000071 49.139080236000041)","Unfall 155600 (2017) Kat:3, Licht: 0","155600","3","6","1","09","14","4","0","0","0","1","0","0"
"POINT (9.180671590000031 49.183350404000066)","Unfall 155641 (2017) Kat:3, Licht: 0","155641","3","2","5","09","12","3","0","0","0","1","0","0"
"POINT (9.222905549000075 49.140379506000045)","Unfall 155795 (2017) Kat:2, Licht: 0","155795","2","4","6","10","08","5","0","0","0","1","1","0"
"POINT (9.217107925000050 49.140751446000081)","Unfall 155797 (2017) Kat:3, Licht: 1","155797","3","4","6","10","18","5","1","1","0","1","1","0"
"POINT (9.194230860000062 49.118394061000060)","Unfall 155852 (2017) Kat:3, Licht: 0","155852","3","3","5","10","15","4","0","0","1","1","0","0"
"POINT (9.197809965000033 49.146008958000039)","Unfall 155914 (2017) Kat:3, Licht: 0","155914","3","3","5","10","13","2","1","0","0","1","0","0"
"POINT (9.237363547000030 49.140118283000049)","Unfall 155915 (2017) Kat:3, Licht: 0","155915","3","3","5","10","16","2","1","0","0","1","0","0"
"POINT (9.216323926000030 49.166263516000072)","Unfall 155916 (2017) Kat:3, Licht: 1","155916","3","3","5","10","18","2","1","1","0","1","0","0"
"POINT (9.205704085000036 49.141630729000042)","Unfall 156120 (2017) Kat:3, Licht: 0","156120","3","4","6","10","12","3","0","0","0","1","1","0"
"POINT (9.213886984000055 49.140506253000069)","Unfall 156121 (2017) Kat:3, Licht: 0","156121","3","7","0","10","12","3","0","0","1","0","1","0"
"POINT (9.221854836000034 49.140521998000054)","Unfall 156216 (2017) Kat:3, Licht: 2","156216","3","6","1","10","01","7","0","2","0","1","0","0"
"POINT (9.187227286000052 49.136063701000069)","Unfall 156258 (2017) Kat:3, Licht: 0","156258","3","7","0","10","13","6","1","0","0","1","0","0"
"POINT (9.194373884000072 49.148642743000039)","Unfall 156259 (2017) Kat:3, Licht: 2","156259","3","3","5","10","20","6","0","2","0","1","0","1"
"POINT (9.226819499000044 49.134047205000059)","Unfall 156260 (2017) Kat:3, Licht: 0","156260","3","6","2","10","13","6","1","0","0","1","0","0"
"POINT (9.195714190000047 49.146198527000081)","Unfall 156293 (2017) Kat:2, Licht: 0","156293","2","2","4","10","15","3","0","0","0","1","0","1"
"POINT (9.225313927000059 49.137820056000066)","Unfall 156300 (2017) Kat:3, Licht: 0","156300","3","7","6","10","08","3","0","0","0","1","1","0"
"POINT (9.229449642000077 49.138731743000051)","Unfall 156369 (2017) Kat:3, Licht: 0","156369","3","3","5","10","16","2","0","0","0","1","0","0"
"POINT (9.191267033000031 49.141218509000055)","Unfall 156552 (2017) Kat:3, Licht: 2","156552","3","6","2","10","20","5","0","2","0","1","0","0"
"POINT (9.222293430000036 49.141573747000052)","Unfall 156553 (2017) Kat:3, Licht: 0","156553","3","6","3","10","19","5","0","0","0","1","0","1"
"POINT (9.237363547000030 49.140118283000049)","Unfall 156642 (2017) Kat:3, Licht: 0","156642","3","3","5","10","11","7","0","0","0","1","0","0"
"POINT (9.220745479000073 49.138884039000061)","Unfall 156879 (2017) Kat:2, Licht: 2","156879","2","4","6","10","19","1","0","2","0","1","1","0"
"POINT (9.203512837000062 49.155991106000045)","Unfall 156903 (2017) Kat:3, Licht: 0","156903","3","3","5","10","12","7","0","0","1","1","0","0"
"POINT (9.192010386000050 49.135771897000041)","Unfall 156953 (2017) Kat:3, Licht: 0","156953","3","6","2","10","10","6","0","0","0","1","0","0"
"POINT (9.209067915000048 49.138373545000036)","Unfall 156954 (2017) Kat:3, Licht: 0","156954","3","2","5","10","15","6","0","0","1","1","0","0"
"POINT (9.222163207000051 49.120684411000070)","Unfall 157013 (2017) Kat:3, Licht: 0","157013","3","6","2","10","14","5","0","0","0","1","0","0"
"POINT (9.225306594000074 49.138989740000056)","Unfall 157132 (2017) Kat:2, Licht: 2","157132","2","4","6","11","19","3","0","2","0","1","1","0"
"POINT (9.204286615000058 49.138163719000033)","Unfall 157245 (2017) Kat:3, Licht: 0","157245","3","2","4","11","09","6","0","0","0","1","0","0"
"POINT (9.218250489000070 49.136328222000031)","Unfall 157331 (2017) Kat:3, Licht: 2","157331","3","2","4","10","20","2","0","2","0","1","0","0"
"POINT (9.203733541000077 49.144640216000028)","Unfall 157706 (2017) Kat:3, Licht: 1","157706","3","7","0","11","08","3","1","1","0","1","1","0"
"POINT (9.221243282000046 49.141653115000054)","Unfall 157781 (2017) Kat:3, Licht: 1","157781","3","3","5","11","16","7","0","1","0","1","1","0"
"POINT (9.209436804000063 49.141058073000067)","Unfall 157818 (2017) Kat:3, Licht: 2","157818","3","3","5","11","21","6","0","2","0","1","0","0"
"POINT (9.191289486000073 49.133114113000033)","Unfall 157847 (2017) Kat:3, Licht: 2","157847","3","4","6","11","18","5","0","2","0","1","1","0"
"POINT (9.191423270000030 49.142101390000050)","Unfall 157879 (2017) Kat:2, Licht: 0","157879","2","6","3","11","08","5","1","0","0","1","0","0"
"POINT (9.203330498000071 49.140882259000080)","Unfall 157880 (2017) Kat:2, Licht: 2","157880","2","4","6","11","18","5","1","2","0","1","1","0"
"POINT (9.196779127000070 49.152348498000038)","Unfall 157881 (2017) Kat:3, Licht: 0","157881","3","6","2","11","13","5","0","0","0","1","0","1"
"POINT (9.223476527000059 49.146148870000047)","Unfall 157882 (2017) Kat:3, Licht: 2","157882","3","6","2","11","17","5","1","2","0","1","0","0"
"POINT (9.233326970000064 49.134210764000045)","Unfall 157883 (2017) Kat:3, Licht: 0","157883","3","3","5","11","12","5","1","0","0","1","0","0"
"POINT (9.191264463000039 49.141192740000065)","Unfall 157920 (2017) Kat:3, Licht: 0","157920","3","6","2","11","13","4","0","0","0","1","0","0"
"POINT (9.213841194000054 49.127554381000039)","Unfall 157978 (2017) Kat:3, Licht: 2","157978","3","1","1","11","17","3","1","2","0","1","0","1"
"POINT (9.221254098000031 49.137376715000073)","Unfall 158039 (2017) Kat:3, Licht: 0","158039","3","6","1","11","10","1","0","0","0","1","0","0"
"POINT (9.218838104000042 49.134957770000028)","Unfall 158056 (2017) Kat:3, Licht: 0","158056","3","6","2","11","15","7","1","0","0","1","0","0"
"POINT (9.194483291000040 49.156102327000042)","Unfall 158135 (2017) Kat:3, Licht: 0","158135","3","2","4","12","11","6","0","0","0","1","0","0"
"POINT (9.219060745000036 49.170820036000066)","Unfall 158178 (2017) Kat:3, Licht: 2","158178","3","6","2","12","18","5","0","2","0","1","0","0"
"POINT (9.196697345000075 49.153213168000036)","Unfall 158179 (2017) Kat:3, Licht: 2","158179","3","6","1","12","05","5","0","2","0","1","0","0"
"POINT (9.226202846000035 49.131187276000048)","Unfall 158208 (2017) Kat:2, Licht: 0","158208","2","2","5","12","15","4","0","0","1","1","0","0"
"POINT (9.211713905000067 49.151061406000053)","Unfall 158249 (2017) Kat:2, Licht: 2","158249","2","3","5","12","07","3","0","2","1","1","0","0"
"POINT (9.222302009000032 49.142149504000031)","Unfall 158250 (2017) Kat:3, Licht: 2","158250","3","7","6","12","16","3","0","2","0","0","1","0"
"POINT (9.201795165000021 49.117520750000040)","Unfall 158465 (2017) Kat:3, Licht: 2","158465","3","6","2","12","02","7","0","2","1","1","0","0"
"POINT (9.222107514000072 49.141581266000060)","Unfall 158724 (2017) Kat:3, Licht: 0","158724","3","7","0","12","12","7","1","0","0","0","1","0"
"POINT (9.215667695000036 49.159127597000065)","Unfall 158879 (2017) Kat:2, Licht: 0","158879","2","1","0","12","14","5","1","0","1","0","0","0"
"POINT (9.180168576000028 49.118136113000048)","Unfall 158920 (2017) Kat:2, Licht: 2","158920","2","2","6","12","21","4","1","2","0","1","1","0"
"POINT (9.201230502000044 49.162848098000040)","Unfall 158921 (2017) Kat:3, Licht: 0","158921","3","3","5","12","14","4","1","0","0","1","0","0"
"POINT (9.162232318000065 49.182324933000075)","Unfall 158922 (2017) Kat:3, Licht: 2","158922","3","3","5","12","06","4","0","2","0","1","0","0"
"POINT (9.220622591000051 49.152297033000082)","Unfall 158923 (2017) Kat:3, Licht: 0","158923","3","4","6","12","07","4","1","0","0","1","1","0"
"POINT (9.193151680000028 49.141198960000054)","Unfall 39733 (2018) Kat:2, Licht: 0","39733","2","6","3","01","09","4","1","0","1","1","0","0"
"POINT (9.238528725000037 49.148521233000054)","Unfall 39786 (2018) Kat:3, Licht: 2","39786","3","6","1","01","17","4","0","2","0","1","0","0"
"POINT (9.141051234000031 49.123693584000080)","Unfall 39850 (2018) Kat:3, Licht: 2","39850","3","7","8","01","00","7","1","2","0","1","0","0"
"POINT (9.199177259000066 49.186245625000026)","Unfall 39889 (2018) Kat:3, Licht: 0","39889","3","6","3","01","15","4","0","0","0","1","0","0"
"POINT (9.159650692000071 49.140279318000069)","Unfall 39984 (2018) Kat:3, Licht: 2","39984","3","6","2","01","18","5","1","2","0","1","0","0"
"POINT (9.229453359000047 49.138761784000053)","Unfall 40090 (2018) Kat:3, Licht: 1","40090","3","2","6","01","07","5","1","1","0","1","1","0"
"POINT (9.179147109000041 49.189172941000038)","Unfall 40092 (2018) Kat:3, Licht: 1","40092","3","1","2","01","06","4","1","1","0","1","0","0"
"POINT (9.203538141000024 49.172660910000047)","Unfall 40203 (2018) Kat:3, Licht: 2","40203","3","6","2","01","17","2","1","2","0","1","0","0"
"POINT (9.213895798000067 49.147904374000063)","Unfall 40224 (2018) Kat:2, Licht: 0","40224","2","2","3","01","14","3","0","0","0","1","1","0"
"POINT (9.270817544000067 49.119024359000036)","Unfall 40333 (2018) Kat:3, Licht: 0","40333","3","7","6","01","14","1","0","0","0","1","1","0"
"POINT (9.199910639000052 49.138431517000072)","Unfall 40371 (2018) Kat:3, Licht: 2","40371","3","1","9","01","01","1","1","2","0","1","0","0"
"POINT (9.209044036000023 49.138385562000053)","Unfall 40380 (2018) Kat:3, Licht: 0","40380","3","2","6","01","11","7","1","0","0","1","1","0"
"POINT (9.225530824000032 49.158003725000071)","Unfall 40463 (2018) Kat:3, Licht: 1","40463","3","3","5","01","07","4","0","1","1","1","0","0"
"POINT (9.184896838000043 49.108083587000067)","Unfall 40535 (2018) Kat:3, Licht: 1","40535","3","6","2","01","16","6","1","1","0","1","0","0"
"POINT (9.209433082000032 49.169407143000058)","Unfall 40836 (2018) Kat:3, Licht: 0","40836","3","2","6","02","14","5","0","0","0","1","1","0"
"POINT (9.218857258000071 49.146264259000077)","Unfall 40889 (2018) Kat:2, Licht: 0","40889","2","6","3","02","15","7","0","0","0","1","0","0"
"POINT (9.224783512000045 49.128932478000081)","Unfall 40970 (2018) Kat:3, Licht: 0","40970","3","6","2","02","09","7","0","0","0","1","0","0"
"POINT (9.211479163000035 49.142686009000045)","Unfall 40975 (2018) Kat:3, Licht: 2","40975","3","6","2","01","23","6","1","2","0","1","0","0"
"POINT (9.186806859000058 49.188409079000053)","Unfall 41008 (2018) Kat:3, Licht: 0","41008","3","6","2","01","07","4","0","0","0","1","0","0"
"POINT (9.128409798000064 49.186226125000076)","Unfall 41116 (2018) Kat:3, Licht: 0","41116","3","6","2","02","15","2","0","0","0","1","0","0"
"POINT (9.229954882000072 49.142706484000030)","Unfall 41155 (2018) Kat:3, Licht: 0","41155","3","6","3","02","10","2","1","0","0","1","0","0"
"POINT (9.154378310000027 49.119390424000073)","Unfall 41330 (2018) Kat:3, Licht: 0","41330","3","3","5","02","09","2","1","0","0","1","0","0"
"POINT (9.172204599000054 49.156356491000054)","Unfall 41651 (2018) Kat:3, Licht: 0","41651","3","6","1","02","13","6","0","0","0","1","0","0"
"POINT (9.178681109000024 49.189290047000043)","Unfall 41667 (2018) Kat:3, Licht: 1","41667","3","6","2","02","18","3","0","1","0","1","0","0"
"POINT (9.184919482000055 49.108044588000041)","Unfall 41940 (2018) Kat:3, Licht: 2","41940","3","2","4","02","22","6","0","2","0","1","0","0"
"POINT (9.187667912000052 49.151527559000044)","Unfall 41974 (2018) Kat:2, Licht: 1","41974","2","2","4","02","06","4","0","1","0","1","0","0"
"POINT (9.201602167000033 49.182639430000052)","Unfall 41975 (2018) Kat:2, Licht: 0","41975","2","3","5","02","10","3","0","0","0","1","0","0"
"POINT (9.176605040000027 49.188414898000076)","Unfall 42257 (2018) Kat:3, Licht: 0","42257","3","1","8","03","06","7","2","0","0","1","0","0"
"POINT (9.196792063000032 49.152262780000058)","Unfall 42442 (2018) Kat:3, Licht: 0","42442","3","3","5","03","10","1","0","0","0","1","0","0"
"POINT (9.190830672000061 49.142567936000034)","Unfall 42464 (2018) Kat:2, Licht: 0","42464","2","2","4","03","08","3","0","0","1","1","0","0"
"POINT (9.223434312000052 49.126665912000078)","Unfall 42466 (2018) Kat:3, Licht: 0","42466","3","6","2","03","11","7","0","0","0","1","0","0"
"POINT (9.209100937000073 49.138249328000029)","Unfall 42590 (2018) Kat:2, Licht: 0","42590","2","3","6","03","08","4","0","0","0","1","1","0"
"POINT (9.221812274000058 49.150953424000079)","Unfall 42605 (2018) Kat:3, Licht: 0","42605","3","3","5","03","16","7","1","0","1","1","0","0"
"POINT (9.197115194000048 49.152270300000055)","Unfall 42646 (2018) Kat:3, Licht: 0","42646","3","6","2","03","11","4","0","0","0","1","0","0"
"POINT (9.199525319000031 49.152531643000032)","Unfall 42701 (2018) Kat:3, Licht: 0","42701","3","3","5","03","15","6","1","0","0","1","0","0"
"POINT (9.222597790000066 49.152896210000051)","Unfall 42774 (2018) Kat:2, Licht: 0","42774","2","3","5","03","13","5","0","0","1","1","0","0"
"POINT (9.230182344000070 49.144919679000054)","Unfall 42919 (2018) Kat:3, Licht: 2","42919","3","6","2","03","18","6","0","2","0","1","0","0"
"POINT (9.209972046000075 49.128636999000037)","Unfall 42965 (2018) Kat:3, Licht: 0","42965","3","3","5","03","09","2","0","0","1","1","0","0"
"POINT (9.216438901000061 49.146521930000063)","Unfall 43124 (2018) Kat:3, Licht: 0","43124","3","3","5","03","13","4","0","0","1","1","0","0"
"POINT (9.210105143000021 49.128681271000062)","Unfall 43127 (2018) Kat:3, Licht: 0","43127","3","6","2","03","14","1","0","0","0","1","0","0"
"POINT (9.194177944000046 49.124359719000040)","Unfall 43174 (2018) Kat:3, Licht: 1","43174","3","6","2","03","19","6","0","1","0","1","0","0"
"POINT (9.209514524000042 49.169412052000041)","Unfall 43198 (2018) Kat:3, Licht: 0","43198","3","2","0","03","10","7","0","0","0","0","0","1"
"POINT (9.226370206000070 49.131188855000062)","Unfall 43267 (2018) Kat:3, Licht: 0","43267","3","6","1","03","17","4","1","0","0","1","0","0"
"POINT (9.213826531000052 49.147890791000066)","Unfall 43411 (2018) Kat:3, Licht: 0","43411","3","3","3","03","13","4","0","0","0","1","0","0"
"POINT (9.164839487000052 49.188680147000071)","Unfall 43478 (2018) Kat:3, Licht: 0","43478","3","1","1","04","13","6","0","0","0","1","0","0"
"POINT (9.202901062000024 49.152031704000080)","Unfall 43506 (2018) Kat:3, Licht: 2","43506","3","6","4","04","20","1","1","2","0","1","0","0"
"POINT (9.203444295000054 49.126470786000027)","Unfall 43556 (2018) Kat:3, Licht: 0","43556","3","1","0","04","13","5","0","0","1","0","0","0"
"POINT (9.222603971000069 49.134148318000030)","Unfall 43664 (2018) Kat:3, Licht: 0","43664","3","6","2","04","18","3","0","0","0","1","0","0"
"POINT (9.210130493000065 49.184988062000059)","Unfall 43680 (2018) Kat:3, Licht: 0","43680","3","6","2","04","14","2","0","0","0","1","0","0"
"POINT (9.196637578000036 49.141824140000040)","Unfall 43729 (2018) Kat:3, Licht: 0","43729","3","7","5","04","16","2","0","0","0","1","0","0"
"POINT (9.218979477000062 49.168948937000039)","Unfall 43816 (2018) Kat:3, Licht: 0","43816","3","2","2","03","13","5","0","0","0","1","0","0"
"POINT (9.225111760000061 49.168183840000040)","Unfall 43846 (2018) Kat:3, Licht: 0","43846","3","6","3","04","11","4","0","0","0","1","0","1"
"POINT (9.199220444000048 49.186238668000044)","Unfall 43898 (2018) Kat:3, Licht: 0","43898","3","6","2","04","17","4","0","0","0","1","0","0"
"POINT (9.134118667000053 49.186171295000065)","Unfall 44043 (2018) Kat:3, Licht: 0","44043","3","1","8","04","08","7","0","0","0","1","0","0"
"POINT (9.218974520000074 49.168981264000081)","Unfall 44073 (2018) Kat:3, Licht: 2","44073","3","2","5","04","05","7","0","2","0","1","0","0"
"POINT (9.229741153000020 49.145991426000080)","Unfall 44074 (2018) Kat:3, Licht: 0","44074","3","3","3","04","17","4","0","0","0","1","0","0"
"POINT (9.221822169000063 49.151039560000072)","Unfall 44079 (2018) Kat:3, Licht: 0","44079","3","6","3","04","12","7","0","0","0","1","0","0"
"POINT (9.201098146000049 49.138135501000079)","Unfall 44083 (2018) Kat:3, Licht: 0","44083","3","6","2","04","16","7","0","0","0","1","0","0"
"POINT (9.200332486000036 49.168960627000047)","Unfall 44259 (2018) Kat:3, Licht: 0","44259","3","6","1","04","08","3","0","0","0","1","0","0"
"POINT (9.243114804000072 49.107691983000052)","Unfall 44424 (2018) Kat:2, Licht: 0","44424","2","6","3","04","16","6","1","0","0","1","0","0"
"POINT (9.140359661000048 49.178788312000052)","Unfall 44428 (2018) Kat:3, Licht: 0","44428","3","6","2","04","10","6","0","0","0","1","0","0"
"POINT (9.205417392000072 49.169081908000067)","Unfall 44594 (2018) Kat:3, Licht: 0","44594","3","6","3","04","08","5","0","0","0","1","0","1"
"POINT (9.184575872000039 49.146005640000055)","Unfall 44771 (2018) Kat:2, Licht: 0","44771","2","3","5","04","16","2","0","0","1","1","0","0"
"POINT (9.217881062000060 49.130918174000044)","Unfall 44774 (2018) Kat:2, Licht: 0","44774","2","4","6","04","12","7","0","0","0","1","1","0"
"POINT (9.213817814000038 49.147889325000051)","Unfall 44792 (2018) Kat:3, Licht: 0","44792","3","6","3","04","13","7","0","0","0","1","0","1"
"POINT (9.199439248000033 49.138650496000025)","Unfall 44904 (2018) Kat:3, Licht: 0","44904","3","6","2","04","16","5","0","0","0","1","0","1"
"POINT (9.200186559000031 49.138227617000041)","Unfall 44905 (2018) Kat:3, Licht: 0","44905","3","6","2","04","16","5","0","0","0","1","0","0"
"POINT (9.229790825000066 49.142496434000066)","Unfall 45123 (2018) Kat:3, Licht: 0","45123","3","6","1","04","14","7","0","0","0","1","0","0"
"POINT (9.179370793000032 49.189160999000080)","Unfall 45264 (2018) Kat:3, Licht: 0","45264","3","6","2","04","11","6","0","0","0","1","0","0"
"POINT (9.229455545000064 49.138779461000070)","Unfall 45266 (2018) Kat:2, Licht: 0","45266","2","3","6","04","07","5","0","0","0","1","1","0"
"POINT (9.218417123000052 49.172125804000075)","Unfall 45287 (2018) Kat:2, Licht: 0","45287","2","2","5","04","06","6","0","0","0","1","0","1"
"POINT (9.218753095000068 49.157624883000040)","Unfall 45295 (2018) Kat:3, Licht: 0","45295","3","7","0","04","13","7","0","0","1","0","0","0"
"POINT (9.222319238000068 49.120953221000036)","Unfall 45658 (2018) Kat:2, Licht: 2","45658","2","3","5","05","23","4","0","2","0","1","0","0"
"POINT (9.214548819000072 49.169620734000034)","Unfall 45663 (2018) Kat:3, Licht: 0","45663","3","6","2","05","16","7","0","0","0","1","0","0"
"POINT (9.219988213000022 49.132187387000045)","Unfall 45664 (2018) Kat:3, Licht: 0","45664","3","7","8","05","07","2","0","0","0","0","0","1"
"POINT (9.200499100000059 49.152450832000056)","Unfall 45676 (2018) Kat:3, Licht: 1","45676","3","3","5","05","17","5","1","1","0","1","0","0"
"POINT (9.225202670000044 49.168095936000043)","Unfall 45698 (2018) Kat:3, Licht: 0","45698","3","6","2","05","12","7","0","0","0","1","0","1"
"POINT (9.199981377000029 49.145834121000064)","Unfall 45738 (2018) Kat:3, Licht: 0","45738","3","2","5","05","07","4","0","0","0","1","0","1"
"POINT (9.218821183000046 49.169005694000077)","Unfall 45845 (2018) Kat:3, Licht: 0","45845","3","6","2","05","10","4","0","0","0","1","0","0"
"POINT (9.204616217000023 49.168996915000037)","Unfall 45894 (2018) Kat:3, Licht: 0","45894","3","6","1","05","09","6","0","0","0","1","0","0"
"POINT (9.196486644000061 49.124809625000069)","Unfall 45986 (2018) Kat:3, Licht: 0","45986","3","6","2","05","16","4","0","0","0","1","0","0"
"POINT (9.189975144000073 49.187882580000064)","Unfall 46023 (2018) Kat:3, Licht: 0","46023","3","6","2","05","16","3","0","0","0","1","0","0"
"POINT (9.209478323000042 49.169509635000054)","Unfall 46071 (2018) Kat:3, Licht: 0","46071","3","6","3","05","07","4","0","0","0","1","0","0"
"POINT (9.199388730000067 49.152008244000058)","Unfall 46172 (2018) Kat:3, Licht: 0","46172","3","6","3","05","05","1","0","0","0","1","0","0"
"POINT (9.223302252000053 49.126432417000046)","Unfall 46452 (2018) Kat:3, Licht: 0","46452","3","6","2","05","14","6","0","0","0","1","0","0"
"POINT (9.225234665000073 49.157407901000056)","Unfall 46454 (2018) Kat:3, Licht: 0","46454","3","6","3","05","19","6","0","0","0","1","0","0"
"POINT (9.090246140000033 49.196690863000072)","Unfall 46591 (2018) Kat:3, Licht: 0","46591","3","6","2","05","17","5","0","0","0","1","0","0"
"POINT (9.213904906000039 49.147906556000066)","Unfall 46592 (2018) Kat:3, Licht: 0","46592","3","2","3","05","17","5","0","0","0","1","0","1"
"POINT (9.218928451000068 49.169239613000059)","Unfall 46777 (2018) Kat:3, Licht: 0","46777","3","6","1","05","14","5","0","0","0","1","0","0"
"POINT (9.216232854000054 49.152212773000031)","Unfall 46817 (2018) Kat:3, Licht: 0","46817","3","6","3","05","19","6","0","0","0","1","0","1"
"POINT (9.214061302000062 49.142545251000058)","Unfall 46949 (2018) Kat:3, Licht: 0","46949","3","7","6","05","12","6","0","0","0","1","1","0"
"POINT (9.218445823000025 49.156700716000046)","Unfall 47005 (2018) Kat:3, Licht: 0","47005","3","7","0","05","11","3","0","0","1","0","0","0"
"POINT (9.216269230000023 49.152272078000067)","Unfall 47018 (2018) Kat:3, Licht: 2","47018","3","3","5","05","22","6","0","2","0","1","0","0"
"POINT (9.221194939000043 49.146276066000041)","Unfall 47129 (2018) Kat:2, Licht: 0","47129","2","4","6","05","12","3","0","0","0","1","1","0"
"POINT (9.216269869000030 49.152273118000039)","Unfall 47135 (2018) Kat:3, Licht: 0","47135","3","6","1","05","17","3","0","0","0","1","0","0"
"POINT (9.211854578000043 49.151179752000075)","Unfall 47138 (2018) Kat:3, Licht: 0","47138","3","6","2","05","15","3","0","0","0","1","0","0"
"POINT (9.217075340000065 49.125864697000054)","Unfall 47156 (2018) Kat:3, Licht: 2","47156","3","2","4","05","22","5","0","2","0","1","0","1"
"POINT (9.192210381000052 49.141123495000045)","Unfall 47295 (2018) Kat:3, Licht: 1","47295","3","3","5","05","20","2","0","1","1","1","0","0"
"POINT (9.167857476000052 49.121922674000075)","Unfall 47298 (2018) Kat:3, Licht: 0","47298","3","6","2","05","16","2","0","0","0","1","0","0"
"POINT (9.258937717000038 49.134756323000033)","Unfall 47303 (2018) Kat:3, Licht: 2","47303","3","1","8","05","00","5","0","2","0","1","0","0"
"POINT (9.199064134000025 49.152070153000068)","Unfall 47307 (2018) Kat:3, Licht: 0","47307","3","6","3","05","15","4","0","0","0","1","0","0"
"POINT (9.220387703000029 49.134301404000041)","Unfall 47312 (2018) Kat:3, Licht: 2","47312","3","7","5","05","22","4","0","2","1","1","0","0"
"POINT (9.182546637000030 49.125610820000077)","Unfall 47440 (2018) Kat:3, Licht: 0","47440","3","6","2","06","07","6","0","0","0","1","0","0"
"POINT (9.225389028000052 49.158009420000042)","Unfall 47646 (2018) Kat:3, Licht: 0","47646","3","6","2","06","06","3","0","0","0","1","0","0"
"POINT (9.176019657000040 49.189267537000035)","Unfall 47661 (2018) Kat:3, Licht: 0","47661","3","6","2","06","17","6","0","0","0","1","0","0"
"POINT (9.209972046000075 49.128636999000037)","Unfall 47693 (2018) Kat:3, Licht: 2","47693","3","3","5","06","23","6","0","2","1","1","0","0"
"POINT (9.196152836000067 49.168620761000057)","Unfall 47871 (2018) Kat:3, Licht: 0","47871","3","6","2","06","14","1","0","0","0","1","0","0"
"POINT (9.225962441000036 49.146121413000060)","Unfall 47914 (2018) Kat:3, Licht: 0","47914","3","6","2","06","13","3","0","0","0","1","0","0"
"POINT (9.189983465000069 49.107365510000079)","Unfall 48065 (2018) Kat:3, Licht: 0","48065","3","3","5","06","07","5","0","0","0","1","0","0"
"POINT (9.203081489000056 49.137990224000077)","Unfall 48165 (2018) Kat:3, Licht: 0","48165","3","6","3","06","06","6","0","0","0","1","0","1"
"POINT (9.218115446000070 49.131871572000080)","Unfall 48207 (2018) Kat:2, Licht: 2","48207","2","3","5","06","22","7","1","2","0","1","0","0"
"POINT (9.197605761000034 49.130098674000067)","Unfall 48214 (2018) Kat:2, Licht: 1","48214","2","6","4","06","20","7","1","1","0","1","0","0"
"POINT (9.179280430000063 49.189260562000072)","Unfall 48408 (2018) Kat:3, Licht: 0","48408","3","6","3","06","11","2","0","0","0","1","0","0"
"POINT (9.225459960000023 49.157875222000030)","Unfall 48613 (2018) Kat:3, Licht: 2","48613","3","2","5","06","23","6","0","2","0","1","0","0"