WKT,Name,OBJECTID,UKATEGORIE,UTYP1,UART,UMONAT,USTUNDE,UWOCHENTAG,STRZUSTAND,ULICHTVERH,ISTRAD,ISTPKW,ISTFUSS,ISTKRAD
"POINT (9.220122220000064 49.133095044000072)","Unfall 160906 (2018) Kat:3, Licht: 2","160906","3","2","6","11","18","6","0","2","0","1","1","0"
"POINT (9.148559318000025 49.198397496000041)","Unfall 160984 (2018) Kat:3, Licht: 0","160984","3","6","4","11","15","5","0","0","0","1","0","0"
"POINT (9.219320552000056 49.121130987000072)","Unfall 161043 (2018) Kat:3, Licht: 0","161043","3","3","5","11","07","5","0","0","0","1","0","1"
"POINT (9.230723864000026 49.132188835000079)","Unfall 161045 (2018) Kat:3, Licht: 0","161045","3","5","0","11","11","5","0","0","0","1","0","0"
"POINT (9.222802782000031 49.136138724000034)","Unfall 161136 (2018) Kat:3, Licht: 1","161136","3","5","1","11","17","1","0","1","1","1","0","0"
"POINT (9.161984898000071 49.141357883000069)","Unfall 161166 (2018) Kat:3, Licht: 0","161166","3","3","5","11","11","7","1","0","0","1","0","0"
"POINT (9.226033506000022 49.150608527000031)","Unfall 161168 (2018) Kat:3, Licht: 2","161168","3","5","1","11","02","7","1","2","0","1","0","0"
"POINT (9.222632817000033 49.143191463000051)","Unfall 161190 (2018) Kat:2, Licht: 0","161190","2","2","5","11","07","3","0","0","0","1","0","1"
"POINT (9.229839752000032 49.142643229000043)","Unfall 161194 (2018) Kat:3, Licht: 0","161194","3","6","1","11","13","3","0","0","0","1","0","0"
"POINT (9.217147608000062 49.172114653000051)","Unfall 161327 (2018) Kat:2, Licht: 0","161327","2","2","4","12","15","2","1","0","0","1","0","1"
"POINT (9.221093020000069 49.139168158000075)","Unfall 161329 (2018) Kat:3, Licht: 2","161329","3","3","5","12","19","2","1","2","0","1","0","0"
"POINT (9.220384765000063 49.170887755000081)","Unfall 161330 (2018) Kat:3, Licht: 0","161330","3","6","1","12","12","2","1","0","0","1","0","0"
"POINT (9.176038182000070 49.139937466000049)","Unfall 161529 (2018) Kat:3, Licht: 0","161529","3","7","2","11","13","3","1","0","0","1","0","0"
"POINT (9.216954448000024 49.142456940000045)","Unfall 161530 (2018) Kat:3, Licht: 0","161530","3","7","1","11","14","3","0","0","0","0","1","0"
"POINT (9.234192677000067 49.144907510000053)","Unfall 161589 (2018) Kat:3, Licht: 2","161589","3","3","5","12","06","2","1","2","1","1","0","0"
"POINT (9.196772522000060 49.152405039000030)","Unfall 161732 (2018) Kat:3, Licht: 0","161732","3","6","2","12","10","1","1","0","0","1","0","0"
"POINT (9.248122213000045 49.147981858000037)","Unfall 161826 (2018) Kat:3, Licht: 2","161826","3","5","1","12","07","7","0","2","1","1","0","0"
"POINT (9.190349121000054 49.130020354000067)","Unfall 161911 (2018) Kat:3, Licht: 1","161911","3","6","1","12","07","2","1","1","0","1","0","0"
"POINT (9.198713959000031 49.184931813000048)","Unfall 161987 (2018) Kat:3, Licht: 0","161987","3","6","2","12","14","1","1","0","0","1","0","0"
"POINT (9.203912000000059 49.145375628000068)","Unfall 161988 (2018) Kat:2, Licht: 2","161988","2","7","0","12","21","4","0","2","0","1","0","0"
"POINT (9.145419566000044 49.176700103000030)","Unfall 162072 (2018) Kat:3, Licht: 1","162072","3","3","5","12","07","5","1","1","0","1","0","0"
"POINT (9.219432003000065 49.145789115000071)","Unfall 162073 (2018) Kat:3, Licht: 0","162073","3","3","5","12","14","5","1","0","1","0","0","0"
"POINT (9.230301575000055 49.150024010000038)","Unfall 162075 (2018) Kat:3, Licht: 1","162075","3","7","0","12","07","5","0","1","1","1","0","0"
"POINT (9.212178251000069 49.151781076000077)","Unfall 162172 (2018) Kat:3, Licht: 0","162172","3","3","5","12","11","4","1","0","0","1","0","0"
"POINT (9.184690964000026 49.183125216000064)","Unfall 162179 (2018) Kat:3, Licht: 2","162179","3","3","5","12","06","6","0","2","0","1","0","0"
"POINT (9.208189027000060 49.125744243000042)","Unfall 162280 (2018) Kat:3, Licht: 0","162280","3","3","5","12","09","7","1","0","1","1","0","0"
"POINT (9.225475886000027 49.157904533000078)","Unfall 21695 (2019) Kat:3, Licht: 0","21695","3","2","4","01","09","4","0","0","0","1","0","0"
"POINT (9.227335357000072 49.146032826000067)","Unfall 21718 (2019) Kat:3, Licht: 2","21718","3","7","1","01","19","3","1","2","0","1","0","0"
"POINT (9.104552760000047 49.194744840000055)","Unfall 21959 (2019) Kat:3, Licht: 2","21959","3","1","2","01","20","4","0","2","0","1","0","0"
"POINT (9.225521777000040 49.168237811000040)","Unfall 22103 (2019) Kat:3, Licht: 0","22103","3","6","1","01","07","2","1","0","0","1","0","0"
"POINT (9.214540065000051 49.130249228000025)","Unfall 22304 (2019) Kat:3, Licht: 2","22304","3","3","5","01","17","2","1","2","0","1","0","0"
"POINT (9.223275862000037 49.146164011000053)","Unfall 22334 (2019) Kat:3, Licht: 2","22334","3","2","5","01","19","1","1","2","0","1","0","0"
"POINT (9.222316520000049 49.120912047000047)","Unfall 22335 (2019) Kat:3, Licht: 0","22335","3","6","1","01","15","1","1","0","0","1","0","0"
"POINT (9.230273144000023 49.113310764000062)","Unfall 22781 (2019) Kat:3, Licht: 0","22781","3","1","0","01","15","6","1","0","0","1","0","0"
"POINT (9.202291647000038 49.176382189000037)","Unfall 22810 (2019) Kat:3, Licht: 2","22810","3","3","5","01","18","5","1","2","0","1","0","0"
"POINT (9.181621177000068 49.164530118000073)","Unfall 23042 (2019) Kat:3, Licht: 0","23042","3","3","5","01","16","2","1","0","1","1","0","0"
"POINT (9.171808774000056 49.189220855000030)","Unfall 23050 (2019) Kat:3, Licht: 0","23050","3","6","2","02","15","6","0","0","0","1","0","0"
"POINT (9.186467747000052 49.116618940000080)","Unfall 23223 (2019) Kat:3, Licht: 0","23223","3","1","0","02","08","5","2","0","0","0","0","1"
"POINT (9.233620775000077 49.148520328000075)","Unfall 23386 (2019) Kat:3, Licht: 1","23386","3","2","4","02","07","3","0","1","0","1","0","0"
"POINT (9.202291647000038 49.176382189000037)","Unfall 23550 (2019) Kat:2, Licht: 0","23550","2","6","4","02","10","7","0","0","0","1","0","0"
"POINT (9.226360108000051 49.134011976000068)","Unfall 23555 (2019) Kat:2, Licht: 2","23555","2","4","6","02","18","7","1","2","0","1","1","0"
"POINT (9.251751897000077 49.107497344000080)","Unfall 23665 (2019) Kat:2, Licht: 2","23665","2","4","6","02","03","1","0","2","0","1","1","0"
"POINT (9.200134160000062 49.147259066000061)","Unfall 23724 (2019) Kat:3, Licht: 0","23724","3","6","2","02","13","6","0","0","0","1","0","0"
"POINT (9.238089358000025 49.148453790000076)","Unfall 23738 (2019) Kat:3, Licht: 0","23738","3","6","4","02","15","3","0","0","0","1","0","0"
"POINT (9.212950440000043 49.136478181000030)","Unfall 23852 (2019) Kat:3, Licht: 2","23852","3","6","2","02","18","5","0","2","0","1","0","0"
"POINT (9.145343917000048 49.176639239000053)","Unfall 23963 (2019) Kat:3, Licht: 0","23963","3","2","4","02","07","4","0","0","0","1","0","0"
"POINT (9.199249035000037 49.152008924000029)","Unfall 24000 (2019) Kat:3, Licht: 0","24000","3","6","2","02","08","2","0","0","0","1","0","0"
"POINT (9.222322297000062 49.120999583000071)","Unfall 24072 (2019) Kat:2, Licht: 2","24072","2","2","5","02","19","3","0","2","0","1","0","0"
"POINT (9.215773792000050 49.184104792000028)","Unfall 24298 (2019) Kat:3, Licht: 0","24298","3","6","2","03","11","6","1","0","0","1","0","0"
"POINT (9.209005778000062 49.142568334000032)","Unfall 24301 (2019) Kat:2, Licht: 2","24301","2","7","6","02","06","2","0","2","0","0","1","0"
"POINT (9.229618835000053 49.141239857000073)","Unfall 24326 (2019) Kat:3, Licht: 0","24326","3","6","2","03","13","6","1","0","0","1","0","0"
"POINT (9.232054767000022 49.147817147000069)","Unfall 24328 (2019) Kat:3, Licht: 1","24328","3","3","5","03","20","6","1","1","0","1","0","0"
"POINT (9.194136195000056 49.142052076000027)","Unfall 24465 (2019) Kat:3, Licht: 0","24465","3","3","4","02","07","7","0","0","0","1","0","0"
"POINT (9.177804746000049 49.124549292000040)","Unfall 24654 (2019) Kat:3, Licht: 0","24654","3","6","2","03","13","3","0","0","0","1","0","1"
"POINT (9.199486190000073 49.152512745000081)","Unfall 24775 (2019) Kat:3, Licht: 0","24775","3","3","5","03","15","6","0","0","0","1","0","0"
"POINT (9.200119357000062 49.146893279000039)","Unfall 24866 (2019) Kat:3, Licht: 2","24866","3","7","8","03","21","3","0","2","0","1","0","0"
"POINT (9.210453310000048 49.151150014000052)","Unfall 24878 (2019) Kat:3, Licht: 0","24878","3","6","1","03","16","5","0","0","0","1","0","0"
"POINT (9.180497618000061 49.164268612000058)","Unfall 24922 (2019) Kat:2, Licht: 2","24922","2","3","5","03","18","4","1","2","1","1","0","0"
"POINT (9.199523359000068 49.152573487000041)","Unfall 25095 (2019) Kat:3, Licht: 0","25095","3","3","5","03","16","7","0","0","0","1","0","0"
"POINT (9.197403070000064 49.168333056000051)","Unfall 25199 (2019) Kat:2, Licht: 0","25199","2","4","6","03","14","4","0","0","0","1","1","0"
"POINT (9.228015206000066 49.133951150000030)","Unfall 25246 (2019) Kat:3, Licht: 0","25246","3","7","0","03","12","3","0","0","0","1","0","0"
"POINT (9.224144929000033 49.155511384000079)","Unfall 25313 (2019) Kat:3, Licht: 0","25313","3","7","1","03","12","2","0","0","0","1","0","0"
"POINT (9.214516171000071 49.130237378000061)","Unfall 25354 (2019) Kat:3, Licht: 0","25354","3","3","5","03","15","1","1","0","0","1","0","0"
"POINT (9.198860030000049 49.136367879000034)","Unfall 25711 (2019) Kat:2, Licht: 2","25711","2","6","3","04","23","2","0","2","0","0","0","1"
"POINT (9.211332157000072 49.169633734000058)","Unfall 25860 (2019) Kat:2, Licht: 0","25860","2","2","5","03","14","6","0","0","0","1","0","0"
"POINT (9.229740280000044 49.141107920000081)","Unfall 25864 (2019) Kat:3, Licht: 0","25864","3","6","2","03","17","6","0","0","0","1","0","0"
"POINT (9.215180582000073 49.147166661000028)","Unfall 25928 (2019) Kat:2, Licht: 0","25928","2","6","0","03","13","1","0","0","1","0","0","0"
"POINT (9.148387470000046 49.188051820000055)","Unfall 25947 (2019) Kat:3, Licht: 0","25947","3","1","3","03","11","5","0","0","0","0","0","0"
"POINT (9.182753441000045 49.188899333000052)","Unfall 26050 (2019) Kat:3, Licht: 2","26050","3","1","2","04","06","6","1","2","0","1","0","0"
"POINT (9.183086307000053 49.188862620000066)","Unfall 26122 (2019) Kat:3, Licht: 0","26122","3","6","3","04","07","5","0","0","0","1","0","0"
"POINT (9.174163920000069 49.157105027000057)","Unfall 26285 (2019) Kat:2, Licht: 1","26285","2","3","4","04","20","3","1","1","1","1","0","0"
"POINT (9.195952941000030 49.124944235000044)","Unfall 26287 (2019) Kat:3, Licht: 0","26287","3","7","2","04","16","3","0","0","0","1","0","0"
"POINT (9.226409578000073 49.131235442000047)","Unfall 26289 (2019) Kat:3, Licht: 0","26289","3","2","5","04","14","3","0","0","0","1","0","0"
"POINT (9.159512676000077 49.140283894000049)","Unfall 26372 (2019) Kat:3, Licht: 0","26372","3","1","2","04","12","7","0","0","0","1","0","0"
"POINT (9.221557195000059 49.146334789000036)","Unfall 26430 (2019) Kat:3, Licht: 0","26430","3","7","2","04","16","6","0","0","0","1","0","1"
"POINT (9.217323733000058 49.134937672000035)","Unfall 26432 (2019) Kat:3, Licht: 0","26432","3","6","3","04","09","6","0","0","0","1","0","1"
"POINT (9.204370162000032 49.138176019000070)","Unfall 26505 (2019) Kat:3, Licht: 0","26505","3","6","3","04","16","3","0","0","0","1","0","0"
"POINT (9.203717283000060 49.126555447000044)","Unfall 26605 (2019) Kat:3, Licht: 0","26605","3","2","6","04","16","4","0","0","0","1","1","0"
"POINT (9.199939190000066 49.149486781000064)","Unfall 26661 (2019) Kat:3, Licht: 0","26661","3","6","2","04","17","3","0","0","0","1","0","1"
"POINT (9.222319831000050 49.120962217000056)","Unfall 26750 (2019) Kat:3, Licht: 0","26750","3","2","5","04","16","3","0","0","0","1","0","0"
"POINT (9.201785445000041 49.137980047000042)","Unfall 26817 (2019) Kat:3, Licht: 2","26817","3","6","3","04","00","2","0","2","0","1","0","1"
"POINT (9.209215138000047 49.138300644000026)","Unfall 26823 (2019) Kat:3, Licht: 0","26823","3","7","2","04","19","2","0","0","0","1","0","0"
"POINT (9.250202981000030 49.150874643000066)","Unfall 26827 (2019) Kat:3, Licht: 0","26827","3","6","4","04","19","2","0","0","0","1","0","0"
"POINT (9.261277202000031 49.156592473000046)","Unfall 27145 (2019) Kat:2, Licht: 0","27145","2","1","2","04","17","4","0","0","0","1","0","0"
"POINT (9.198290968000038 49.124518441000077)","Unfall 27395 (2019) Kat:2, Licht: 0","27395","2","7","0","04","09","5","0","0","1","0","0","0"
"POINT (9.194104851000077 49.142030404000081)","Unfall 27401 (2019) Kat:3, Licht: 0","27401","3","7","2","04","15","5","0","0","0","1","0","0"
"POINT (9.217151941000054 49.182683782000026)","Unfall 27494 (2019) Kat:2, Licht: 0","27494","2","1","8","04","12","4","0","0","0","0","0","1"
"POINT (9.197198057000037 49.152272228000072)","Unfall 27500 (2019) Kat:3, Licht: 0","27500","3","7","2","04","13","4","0","0","0","1","0","0"
"POINT (9.198238379000031 49.186297211000067)","Unfall 27688 (2019) Kat:3, Licht: 0","27688","3","6","3","05","09","3","0","0","0","1","0","0"
"POINT (9.156731916000069 49.119546071000059)","Unfall 27705 (2019) Kat:3, Licht: 1","27705","3","6","2","05","20","3","0","1","0","1","0","0"
"POINT (9.225418648000073 49.168104571000072)","Unfall 27773 (2019) Kat:3, Licht: 2","27773","3","3","5","05","00","4","0","2","0","1","0","0"
"POINT (9.218240955000056 49.180836755000030)","Unfall 27975 (2019) Kat:3, Licht: 0","27975","3","6","2","05","15","4","1","0","0","1","0","1"
"POINT (9.216508831000056 49.135219570000061)","Unfall 28038 (2019) Kat:3, Licht: 0","28038","3","7","2","05","11","6","0","0","0","1","0","0"
"POINT (9.213886687000070 49.147902191000071)","Unfall 28065 (2019) Kat:3, Licht: 0","28065","3","6","3","05","14","7","0","0","0","1","0","1"
"POINT (9.114924843000040 49.190323346000071)","Unfall 28134 (2019) Kat:3, Licht: 0","28134","3","6","9","05","06","5","0","0","0","1","0","0"
"POINT (9.198647140000048 49.184565624000072)","Unfall 28217 (2019) Kat:3, Licht: 0","28217","3","3","0","05","15","5","0","0","1","0","0","0"
"POINT (9.221313469000052 49.147063474000049)","Unfall 28245 (2019) Kat:3, Licht: 0","28245","3","6","2","05","07","3","1","0","0","1","0","0"
"POINT (9.176560370000061 49.124243217000071)","Unfall 28329 (2019) Kat:2, Licht: 0","28329","2","6","2","05","07","3","1","0","0","1","0","0"
"POINT (9.204714265000064 49.169034716000056)","Unfall 28348 (2019) Kat:3, Licht: 0","28348","3","3","5","05","17","4","0","0","1","1","0","0"
"POINT (9.189390163000041 49.187990387000070)","Unfall 28652 (2019) Kat:3, Licht: 0","28652","3","1","3","05","18","3","1","0","0","1","0","0"
"POINT (9.169394233000048 49.155346066000050)","Unfall 28744 (2019) Kat:3, Licht: 2","28744","3","6","5","05","23","1","0","2","0","1","0","0"
"POINT (9.267715566000049 49.115224437000052)","Unfall 28747 (2019) Kat:3, Licht: 2","28747","3","1","9","05","03","1","1","2","0","1","0","0"
"POINT (9.207595551000054 49.151433064000059)","Unfall 28776 (2019) Kat:2, Licht: 2","28776","2","2","3","05","22","1","0","2","0","1","0","1"
"POINT (9.148352194000040 49.188154265000037)","Unfall 28816 (2019) Kat:3, Licht: 0","28816","3","1","1","05","11","7","0","0","0","1","0","0"
"POINT (9.218738317000032 49.146341130000053)","Unfall 28823 (2019) Kat:3, Licht: 0","28823","3","6","3","05","19","7","0","0","0","1","0","0"
"POINT (9.203032878000045 49.152018873000031)","Unfall 28897 (2019) Kat:3, Licht: 0","28897","3","1","2","05","17","6","0","0","0","1","0","0"
"POINT (9.152477970000064 49.188183071000026)","Unfall 28960 (2019) Kat:3, Licht: 0","28960","3","6","1","05","12","5","0","0","0","0","0","0"
"POINT (9.237484052000070 49.164617201000056)","Unfall 29103 (2019) Kat:2, Licht: 0","29103","2","7","9","05","20","5","0","0","1","0","0","0"
"POINT (9.204040249000059 49.160149171000057)","Unfall 29303 (2019) Kat:3, Licht: 0","29303","3","6","2","05","16","2","0","0","0","1","0","0"
"POINT (9.194524953000041 49.142018277000034)","Unfall 29417 (2019) Kat:3, Licht: 0","29417","3","1","1","06","10","2","0","0","0","1","0","0"
"POINT (9.257073247000051 49.156210028000032)","Unfall 29419 (2019) Kat:3, Licht: 2","29419","3","1","8","06","21","2","0","2","0","1","0","0"
"POINT (9.200542457000040 49.154536760000042)","Unfall 29727 (2019) Kat:3, Licht: 0","29727","3","6","3","06","14","7","0","0","0","1","0","0"
"POINT (9.215730272000030 49.184112039000070)","Unfall 29825 (2019) Kat:3, Licht: 0","29825","3","6","2","06","17","6","0","0","0","1","0","0"
"POINT (9.220892556000024 49.146372556000074)","Unfall 29933 (2019) Kat:3, Licht: 0","29933","3","1","2","06","13","5","0","0","0","1","0","1"
"POINT (9.141211102000057 49.123668031000079)","Unfall 30056 (2019) Kat:3, Licht: 1","30056","3","1","0","06","21","1","0","1","0","1","0","0"
"POINT (9.185285283000042 49.151373271000068)","Unfall 30211 (2019) Kat:2, Licht: 0","30211","2","1","0","06","20","6","0","0","0","0","0","1"
"POINT (9.218965116000049 49.169029578000050)","Unfall 30213 (2019) Kat:3, Licht: 2","30213","3","3","5","06","22","6","0","2","0","1","0","0"
"POINT (9.199757659000056 49.140403853000066)","Unfall 30515 (2019) Kat:2, Licht: 1","30515","2","1","8","06","05","7","0","1","0","0","0","1"
"POINT (9.162084690000029 49.188422433000028)","Unfall 30754 (2019) Kat:3, Licht: 0","30754","3","6","1","06","09","4","0","0","0","1","0","0"
"POINT (9.216314041000032 49.120720413000072)","Unfall 30810 (2019) Kat:3, Licht: 0","30810","3","6","2","06","15","3","0","0","0","1","0","1"
"POINT (9.221776740000053 49.150260559000060)","Unfall 30925 (2019) Kat:3, Licht: 0","30925","3","1","2","06","17","6","0","0","0","1","0","1"
"POINT (9.238247329000046 49.148478039000054)","Unfall 30926 (2019) Kat:3, Licht: 0","30926","3","6","2","06","09","6","0","0","0","1","0","0"
"POINT (9.214363967000054 49.149197185000048)","Unfall 30939 (2019) Kat:2, Licht: 2","30939","2","1","9","06","03","1","0","2","0","1","0","0"
"POINT (9.199371815000063 49.152062841000031)","Unfall 30968 (2019) Kat:3, Licht: 0","30968","3","6","1","07","08","2","0","0","0","1","0","0"
"POINT (9.198129043000051 49.186314851000077)","Unfall 30996 (2019) Kat:3, Licht: 0","30996","3","3","3","07","21","2","0","0","0","1","0","0"
"POINT (9.232702578000044 49.148110010000039)","Unfall 31046 (2019) Kat:3, Licht: 0","31046","3","3","5","06","12","1","0","0","0","1","0","0"
"POINT (9.195930752000038 49.126438672000063)","Unfall 31195 (2019) Kat:3, Licht: 0","31195","3","6","2","06","07","4","0","0","0","1","0","1"
"POINT (9.224475257000051 49.155874417000064)","Unfall 31199 (2019) Kat:3, Licht: 0","31199","3","2","4","06","15","4","0","0","1","1","0","0"
"POINT (9.201763617000040 49.185126202000049)","Unfall 31213 (2019) Kat:3, Licht: 0","31213","3","6","2","07","17","2","0","0","0","1","0","0"
"POINT (9.213985037000043 49.148255913000071)","Unfall 31215 (2019) Kat:2, Licht: 2","31215","2","1","9","06","23","7","0","2","0","0","0","1"
"POINT (9.210210501000063 49.128716316000066)","Unfall 31226 (2019) Kat:3, Licht: 0","31226","3","7","0","06","17","1","0","0","1","1","0","0"
"POINT (9.211257158000024 49.169627784000056)","Unfall 31232 (2019) Kat:3, Licht: 0","31232","3","6","2","07","17","2","0","0","0","1","0","0"
"POINT (9.230039406000060 49.144865541000058)","Unfall 31695 (2019) Kat:3, Licht: 0","31695","3","7","7","07","16","3","0","0","1","0","0","0"
"POINT (9.218415925000045 49.146336628000029)","Unfall 31733 (2019) Kat:2, Licht: 0","31733","2","6","3","07","18","6","0","0","0","1","0","1"
"POINT (9.202956410000070 49.152026317000036)","Unfall 31759 (2019) Kat:3, Licht: 0","31759","3","6","1","07","17","6","0","0","0","1","0","0"
"POINT (9.147011097000075 49.187981870000044)","Unfall 32050 (2019) Kat:1, Licht: 0","32050","1","6","2","07","18","4","0","0","0","0","0","0"
"POINT (9.186506809000036 49.144693390000043)","Unfall 32159 (2019) Kat:2, Licht: 0","32159","2","3","5","07","09","3","0","0","1","1","0","0"
"POINT (9.224608571000033 49.156135028000051)","Unfall 32161 (2019) Kat:3, Licht: 0","32161","3","6","2","07","16","4","0","0","0","1","0","0"
"POINT (9.182173812000031 49.116622957000061)","Unfall 32369 (2019) Kat:3, Licht: 0","32369","3","6","2","07","17","7","0","0","0","1","0","0"
"POINT (9.217000378000023 49.127076834000036)","Unfall 32627 (2019) Kat:2, Licht: 0","32627","2","3","6","07","12","2","0","0","0","1","1","0"
"POINT (9.090246140000033 49.196690863000072)","Unfall 32630 (2019) Kat:3, Licht: 0","32630","3","1","1","07","08","2","0","0","0","1","0","0"
"POINT (9.199713587000076 49.144774902000051)","Unfall 32654 (2019) Kat:3, Licht: 0","32654","3","6","2","07","12","5","0","0","0","1","0","0"
"POINT (9.206362535000039 49.169161343000042)","Unfall 32989 (2019) Kat:3, Licht: 0","32989","3","6","1","07","14","3","0","0","0","1","0","0"
"POINT (9.209635292000030 49.169519623000042)","Unfall 33078 (2019) Kat:3, Licht: 0","33078","3","6","1","07","11","2","0","0","0","1","0","0"
"POINT (9.203983573000073 49.138122790000068)","Unfall 33123 (2019) Kat:3, Licht: 0","33123","3","3","5","07","17","4","0","0","0","1","0","0"
"POINT (9.203751302000057 49.126565998000046)","Unfall 33353 (2019) Kat:3, Licht: 0","33353","3","3","5","08","19","2","0","0","1","1","0","0"
"POINT (9.229470205000041 49.140010127000039)","Unfall 33502 (2019) Kat:3, Licht: 0","33502","3","7","8","08","06","7","0","0","0","1","0","0"
"POINT (9.175642549000031 49.139988290000076)","Unfall 33584 (2019) Kat:3, Licht: 0","33584","3","7","0","08","13","6","0","0","0","1","0","0"
"POINT (9.241270151000038 49.148846388000038)","Unfall 33586 (2019) Kat:2, Licht: 0","33586","2","1","0","08","16","6","0","0","0","0","0","1"
"POINT (9.180715384000052 49.140497011000036)","Unfall 33900 (2019) Kat:3, Licht: 2","33900","3","6","4","08","21","4","0","2","0","1","0","0"
"POINT (9.218598250000071 49.146336146000067)","Unfall 33941 (2019) Kat:3, Licht: 2","33941","3","6","1","08","23","7","0","2","0","1","0","0"
"POINT (9.145208980000064 49.176696096000057)","Unfall 33979 (2019) Kat:2, Licht: 2","33979","2","3","4","08","05","4","0","2","0","1","0","1"
"POINT (9.228392593000024 49.133605191000072)","Unfall 34050 (2019) Kat:3, Licht: 0","34050","3","3","5","08","15","6","0","0","0","1","0","0"
"POINT (9.209488727000064 49.169410497000058)","Unfall 34162 (2019) Kat:3, Licht: 0","34162","3","2","5","08","08","4","0","0","0","1","0","0"
"POINT (9.184745621000047 49.109332708000068)","Unfall 34164 (2019) Kat:3, Licht: 0","34164","3","6","2","08","10","4","0","0","0","1","0","0"
"POINT (9.222304217000044 49.120678121000026)","Unfall 34540 (2019) Kat:3, Licht: 0","34540","3","6","2","08","09","6","0","0","0","1","0","0"
"POINT (9.203269533000025 49.151995836000026)","Unfall 34560 (2019) Kat:3, Licht: 0","34560","3","6","2","09","16","3","0","0","0","1","0","0"
"POINT (9.214516171000071 49.130237378000061)","Unfall 34582 (2019) Kat:3, Licht: 0","34582","3","6","2","09","16","2","0","0","1","1","0","0"
"POINT (9.201598051000076 49.182730344000049)","Unfall 34722 (2019) Kat:3, Licht: 0","34722","3","6","2","09","14","3","0","0","0","1","0","0"
"POINT (9.193067870000050 49.125702840000031)","Unfall 34742 (2019) Kat:3, Licht: 2","34742","3","2","4","09","21","1","0","2","0","1","0","0"
"POINT (9.201658152000050 49.181187722000061)","Unfall 34773 (2019) Kat:2, Licht: 0","34773","2","6","9","09","16","2","0","0","0","1","0","1"
"POINT (9.201877367000066 49.185823722000066)","Unfall 34787 (2019) Kat:3, Licht: 0","34787","3","6","2","08","16","7","0","0","0","1","0","0"
"POINT (9.105823395000073 49.194287020000047)","Unfall 34834 (2019) Kat:3, Licht: 0","34834","3","6","2","08","08","3","0","0","0","1","0","0"
"POINT (9.139111230000026 49.186841933000039)","Unfall 34976 (2019) Kat:2, Licht: 0","34976","2","1","2","09","15","2","0","0","0","0","0","0"
"POINT (9.218752699000049 49.134512778000044)","Unfall 35318 (2019) Kat:3, Licht: 0","35318","3","3","5","09","08","3","0","0","0","0","0","0"
"POINT (9.140974191000055 49.123701655000048)","Unfall 35446 (2019) Kat:3, Licht: 2","35446","3","6","0","09","21","2","0","2","0","1","0","0"
"POINT (9.202759622000031 49.152045473000044)","Unfall 35448 (2019) Kat:2, Licht: 2","35448","2","1","0","09","23","5","0","2","1","0","0","0"
"POINT (9.156578465000052 49.188116593000075)","Unfall 35695 (2019) Kat:2, Licht: 0","35695","2","1","2","09","13","6","0","0","0","0","0","0"
"POINT (9.232710050000037 49.148114639000028)","Unfall 36044 (2019) Kat:3, Licht: 0","36044","3","3","5","09","08","5","0","0","0","1","0","0"
"POINT (9.199914708000051 49.152006745000051)","Unfall 36084 (2019) Kat:3, Licht: 2","36084","3","7","8","09","19","4","1","2","0","1","0","0"
"POINT (9.229590090000045 49.141001929000026)","Unfall 36085 (2019) Kat:3, Licht: 0","36085","3","3","5","09","11","4","1","0","1","1","0","0"
"POINT (9.202197479000063 49.126051664000045)","Unfall 36139 (2019) Kat:3, Licht: 0","36139","3","3","5","09","15","3","0","0","1","1","0","0"
"POINT (9.181851234000021 49.148231290000069)","Unfall 36322 (2019) Kat:3, Licht: 2","36322","3","6","2","09","00","7","0","2","0","1","0","0"
"POINT (9.218529579000062 49.169052152000063)","Unfall 36569 (2019) Kat:3, Licht: 0","36569","3","6","3","09","15","5","1","0","0","1","0","0"
"POINT (9.229802280000058 49.142579862000048)","Unfall 36859 (2019) Kat:2, Licht: 2","36859","2","4","6","10","19","1","1","2","0","1","1","0"
"POINT (9.145298769000021 49.176658726000028)","Unfall 37043 (2019) Kat:2, Licht: 1","37043","2","2","4","10","07","5","1","1","0","1","0","0"
"POINT (9.228136093000046 49.133969844000035)","Unfall 37223 (2019) Kat:3, Licht: 0","37223","3","6","2","10","07","3","0","0","0","1","0","0"
"POINT (9.218821969000032 49.169005569000035)","Unfall 37352 (2019) Kat:3, Licht: 0","37352","3","6","2","10","13","4","0","0","0","1","0","0"
"POINT (9.221786345000055 49.150357098000029)","Unfall 37692 (2019) Kat:3, Licht: 0","37692","3","4","6","10","10","1","0","0","0","0","1","0"
"POINT (9.250787295000066 49.152709886000082)","Unfall 37769 (2019) Kat:3, Licht: 0","37769","3","3","5","10","16","3","0","0","1","1","0","0"
"POINT (9.189452175000042 49.188077037000028)","Unfall 38363 (2019) Kat:3, Licht: 0","38363","3","6","2","11","11","2","1","0","0","1","0","0"
"POINT (9.132623419000026 49.179779162000045)","Unfall 38428 (2019) Kat:3, Licht: 0","38428","3","3","5","10","12","2","0","0","0","1","0","0"
"POINT (9.213503897000066 49.148284051000076)","Unfall 38508 (2019) Kat:2, Licht: 2","38508","2","1","9","10","02","1","0","2","0","1","0","0"
"POINT (9.201739267000050 49.138071083000057)","Unfall 38512 (2019) Kat:3, Licht: 0","38512","3","6","1","10","12","1","0","0","0","1","0","0"
"POINT (9.217727079000042 49.155037709000055)","Unfall 38514 (2019) Kat:3, Licht: 0","38514","3","7","0","10","12","1","0","0","1","0","0","0"