WKT,Name,OBJECTID,UKATEGORIE,UTYP1,UART,UMONAT,USTUNDE,UWOCHENTAG,STRZUSTAND,ULICHTVERH,ISTRAD,ISTPKW,ISTFUSS,ISTKRAD
"POINT (9.216317804000028 49.120752646000028)","Unfall 38623 (2019) Kat:3, Licht: 0","38623","3","6","2","11","13","7","0","0","0","1","0","0"
"POINT (9.204703697000070 49.169023607000042)","Unfall 38720 (2019) Kat:3, Licht: 2","38720","3","3","5","11","06","3","1","2","1","1","0","0"
"POINT (9.115030989000047 49.181333361000043)","Unfall 38746 (2019) Kat:3, Licht: 2","38746","3","3","5","11","06","6","1","2","0","0","0","1"
"POINT (9.222431084000050 49.123023464000028)","Unfall 38869 (2019) Kat:3, Licht: 1","38869","3","6","2","11","17","5","1","1","0","1","0","0"
"POINT (9.135057331000041 49.186351175000027)","Unfall 38948 (2019) Kat:3, Licht: 2","38948","3","1","2","11","17","4","0","2","0","1","0","0"
"POINT (9.145344087000069 49.176639159000047)","Unfall 39013 (2019) Kat:3, Licht: 0","39013","3","2","4","11","08","3","0","0","0","1","0","0"
"POINT (9.202700716000038 49.157961142000033)","Unfall 39083 (2019) Kat:3, Licht: 2","39083","3","6","2","11","17","3","1","2","0","1","0","0"
"POINT (9.225336919000029 49.157909221000068)","Unfall 39251 (2019) Kat:3, Licht: 0","39251","3","3","5","11","13","7","0","0","0","1","0","0"
"POINT (9.199873797000066 49.184257632000026)","Unfall 39273 (2019) Kat:2, Licht: 0","39273","2","3","5","11","12","3","1","0","0","1","0","1"
"POINT (9.162090470000067 49.188422953000043)","Unfall 39288 (2019) Kat:3, Licht: 0","39288","3","6","2","11","07","4","1","0","0","1","0","0"
"POINT (9.215597894000041 49.151177533000066)","Unfall 39366 (2019) Kat:2, Licht: 1","39366","2","3","5","11","16","3","0","1","0","1","0","0"
"POINT (9.195802271000048 49.124983620000080)","Unfall 39582 (2019) Kat:3, Licht: 2","39582","3","6","1","11","17","2","0","2","0","1","0","0"
"POINT (9.159340499000052 49.188332393000053)","Unfall 39612 (2019) Kat:3, Licht: 2","39612","3","1","2","11","17","6","0","2","0","1","0","0"
"POINT (9.152592004000042 49.190505888000075)","Unfall 39690 (2019) Kat:3, Licht: 2","39690","3","3","5","11","19","2","1","2","0","1","0","0"
"POINT (9.222928802000070 49.125822277000054)","Unfall 39810 (2019) Kat:2, Licht: 2","39810","2","2","6","11","05","6","1","2","0","1","1","0"
"POINT (9.226753523000070 49.131641347000027)","Unfall 40132 (2019) Kat:3, Licht: 2","40132","3","3","5","12","19","1","1","2","0","1","0","0"
"POINT (9.202441668000063 49.157629111000062)","Unfall 40181 (2019) Kat:3, Licht: 2","40181","3","6","2","12","18","4","0","2","0","1","0","0"
"POINT (9.203334174000077 49.173385852000081)","Unfall 40182 (2019) Kat:3, Licht: 0","40182","3","6","2","12","12","4","0","0","0","1","0","0"
"POINT (9.189400760000069 49.187988444000041)","Unfall 40262 (2019) Kat:3, Licht: 2","40262","3","6","2","12","19","3","0","2","0","0","0","0"
"POINT (9.222314584000060 49.120882700000038)","Unfall 40273 (2019) Kat:3, Licht: 2","40273","3","6","3","12","20","7","1","2","0","1","0","0"
"POINT (9.199421627000049 49.140865180000048)","Unfall 40325 (2019) Kat:3, Licht: 2","40325","3","1","9","12","20","6","1","2","0","1","0","0"
"POINT (9.218136913000024 49.132195037000031)","Unfall 40346 (2019) Kat:3, Licht: 2","40346","3","6","8","12","17","5","1","2","1","0","0","0"
"POINT (9.213819935000061 49.147889682000027)","Unfall 40347 (2019) Kat:3, Licht: 0","40347","3","6","3","12","11","5","0","0","0","1","0","0"
"POINT (9.225327977000063 49.157891030000030)","Unfall 40499 (2019) Kat:3, Licht: 2","40499","3","6","2","12","22","3","0","2","0","1","0","0"
"POINT (9.225539569000034 49.158019218000049)","Unfall 40508 (2019) Kat:2, Licht: 2","40508","2","3","4","12","19","6","1","2","0","1","0","0"
"POINT (9.225401495000028 49.168180476000032)","Unfall 40831 (2019) Kat:3, Licht: 0","40831","3","6","2","12","08","2","0","0","0","1","0","0"
"POINT (9.262650262000022 49.135303095000040)","Unfall 40834 (2019) Kat:3, Licht: 0","40834","3","6","4","12","09","2","1","0","0","1","0","0"
"POINT (9.225544728000045 49.168124476000060)","Unfall 40891 (2019) Kat:3, Licht: 2","40891","3","3","8","12","05","1","1","2","0","0","0","0"
"POINT (9.218413623000060 49.133172463000051)","Unfall 41096 (2019) Kat:3, Licht: 2","41096","3","3","5","12","19","3","0","2","0","1","0","0"
"POINT (9.202199695000047 49.126052411000046)","Unfall 41232 (2019) Kat:3, Licht: 2","41232","3","3","5","12","19","2","1","2","0","1","0","1"
"POINT (9.182426411000051 49.144021658000042)","Unfall 172305 (2019) Kat:3, Licht: 0","172305","3","6","1","01","13","2","1","0","0","1","0","0"
"POINT (9.197626186000036 49.131118339000068)","Unfall 172340 (2019) Kat:3, Licht: 2","172340","3","6","1","01","19","7","1","2","0","1","0","1"
"POINT (9.219662733000064 49.145330838000064)","Unfall 172341 (2019) Kat:3, Licht: 0","172341","3","7","6","01","12","7","1","0","0","1","1","0"
"POINT (9.219667082000058 49.140861519000055)","Unfall 172342 (2019) Kat:3, Licht: 0","172342","3","7","6","01","19","7","1","0","0","1","1","0"
"POINT (9.204179972000077 49.138191865000067)","Unfall 172360 (2019) Kat:3, Licht: 2","172360","3","2","4","01","22","6","1","2","0","1","0","0"
"POINT (9.217775074000031 49.130387325000072)","Unfall 172506 (2019) Kat:2, Licht: 0","172506","2","3","5","01","08","2","0","0","1","1","0","0"
"POINT (9.208797027000060 49.167531286000042)","Unfall 172596 (2019) Kat:3, Licht: 1","172596","3","6","4","01","17","4","0","1","0","1","0","0"
"POINT (9.222861299000044 49.143740982000054)","Unfall 172597 (2019) Kat:3, Licht: 2","172597","3","2","5","01","07","4","0","2","1","1","0","0"
"POINT (9.203962605000072 49.138971328000082)","Unfall 172631 (2019) Kat:3, Licht: 1","172631","3","4","6","01","07","3","0","1","0","1","1","0"
"POINT (9.231353436000063 49.145905920000075)","Unfall 172660 (2019) Kat:3, Licht: 0","172660","3","7","6","01","13","2","1","0","0","1","1","0"
"POINT (9.222861507000062 49.143172618000051)","Unfall 172689 (2019) Kat:3, Licht: 2","172689","3","1","9","01","20","7","1","2","0","1","0","0"
"POINT (9.206691946000035 49.121952181000040)","Unfall 172736 (2019) Kat:3, Licht: 0","172736","3","3","5","01","09","5","1","0","0","1","0","0"
"POINT (9.204408412000021 49.121491381000055)","Unfall 172786 (2019) Kat:2, Licht: 2","172786","2","4","6","01","07","5","1","2","0","1","1","0"
"POINT (9.227633093000065 49.147005411000066)","Unfall 172791 (2019) Kat:3, Licht: 0","172791","3","3","5","01","08","5","1","0","1","1","0","0"
"POINT (9.219338583000024 49.138014930000054)","Unfall 172811 (2019) Kat:3, Licht: 2","172811","3","6","2","01","18","3","1","2","0","1","0","0"
"POINT (9.222564039000076 49.143226046000052)","Unfall 172812 (2019) Kat:3, Licht: 0","172812","3","2","5","01","09","3","1","0","0","1","0","0"
"POINT (9.232765069000038 49.148103289000062)","Unfall 172887 (2019) Kat:3, Licht: 2","172887","3","2","5","01","18","5","1","2","0","1","0","0"
"POINT (9.150761532000047 49.214892811000027)","Unfall 172913 (2019) Kat:2, Licht: 2","172913","2","1","9","01","07","4","2","2","0","1","0","0"
"POINT (9.214309176000029 49.135994605000064)","Unfall 173096 (2019) Kat:3, Licht: 0","173096","3","3","5","02","07","2","0","0","1","0","0","0"
"POINT (9.196906915000056 49.142381327000066)","Unfall 173129 (2019) Kat:2, Licht: 0","173129","2","3","5","02","08","7","0","0","1","1","0","0"
"POINT (9.216326960000060 49.142390428000056)","Unfall 173130 (2019) Kat:3, Licht: 0","173130","3","7","6","02","10","7","0","0","0","1","1","0"
"POINT (9.217911331000039 49.159537750000027)","Unfall 173131 (2019) Kat:3, Licht: 2","173131","3","7","3","02","21","7","0","2","0","1","0","1"
"POINT (9.209029276000024 49.138180988000045)","Unfall 173216 (2019) Kat:3, Licht: 0","173216","3","7","6","01","14","5","1","0","0","0","1","0"
"POINT (9.216062884000053 49.157481019000045)","Unfall 173254 (2019) Kat:3, Licht: 0","173254","3","3","5","01","10","4","0","0","1","1","0","0"
"POINT (9.217797415000064 49.130383469000037)","Unfall 173405 (2019) Kat:3, Licht: 0","173405","3","4","6","02","13","3","0","0","0","0","1","0"
"POINT (9.206136947000061 49.152970640000035)","Unfall 173484 (2019) Kat:3, Licht: 0","173484","3","6","2","02","10","5","0","0","0","1","0","0"
"POINT (9.221879524000030 49.140518650000047)","Unfall 173577 (2019) Kat:2, Licht: 0","173577","2","7","6","02","11","4","0","0","0","0","1","0"
"POINT (9.219527615000061 49.170829598000068)","Unfall 173700 (2019) Kat:3, Licht: 0","173700","3","3","5","02","14","6","0","0","0","1","0","0"
"POINT (9.217689003000032 49.154154597000058)","Unfall 173711 (2019) Kat:3, Licht: 1","173711","3","1","2","02","18","4","0","1","1","0","0","0"
"POINT (9.188094336000063 49.127257240000063)","Unfall 173717 (2019) Kat:3, Licht: 2","173717","3","2","4","02","22","3","0","2","0","1","0","1"
"POINT (9.182417456000053 49.147774755000057)","Unfall 173884 (2019) Kat:3, Licht: 0","173884","3","6","2","03","10","2","1","0","0","1","0","0"
"POINT (9.219820544000072 49.145736658000033)","Unfall 173930 (2019) Kat:3, Licht: 0","173930","3","6","2","03","14","7","0","0","0","1","0","0"
"POINT (9.221757213000046 49.127033866000033)","Unfall 174025 (2019) Kat:3, Licht: 0","174025","3","1","0","02","07","4","0","0","1","1","0","0"
"POINT (9.221186208000063 49.139165167000044)","Unfall 174066 (2019) Kat:3, Licht: 0","174066","3","7","0","02","13","3","0","0","1","0","0","0"
"POINT (9.204269125000053 49.167452883000067)","Unfall 174118 (2019) Kat:3, Licht: 2","174118","3","3","5","02","05","1","0","2","0","1","0","0"
"POINT (9.226932641000076 49.131628174000070)","Unfall 174157 (2019) Kat:3, Licht: 0","174157","3","2","3","03","08","5","1","0","1","1","0","0"
"POINT (9.204068806000066 49.146021684000061)","Unfall 174158 (2019) Kat:3, Licht: 0","174158","3","6","1","03","13","5","1","0","0","1","0","0"
"POINT (9.206581420000020 49.121783560000040)","Unfall 174221 (2019) Kat:3, Licht: 0","174221","3","6","2","03","16","3","0","0","0","1","0","0"
"POINT (9.146849624000026 49.193897402000061)","Unfall 174278 (2019) Kat:3, Licht: 2","174278","3","1","4","03","19","1","1","2","0","1","0","0"
"POINT (9.191251518000058 49.138791663000063)","Unfall 174352 (2019) Kat:3, Licht: 2","174352","3","4","6","03","22","5","1","2","0","1","1","0"
"POINT (9.231753453000067 49.143691083000078)","Unfall 174353 (2019) Kat:3, Licht: 0","174353","3","3","5","03","17","5","0","0","0","1","0","0"
"POINT (9.210125583000036 49.128358634000051)","Unfall 174525 (2019) Kat:3, Licht: 0","174525","3","3","5","03","14","3","0","0","0","1","0","0"
"POINT (9.215539736000039 49.158226355000068)","Unfall 174526 (2019) Kat:3, Licht: 0","174526","3","6","2","03","07","3","0","0","0","1","0","0"
"POINT (9.190972382000041 49.136948964000055)","Unfall 174653 (2019) Kat:2, Licht: 0","174653","2","3","0","03","15","6","0","0","0","1","0","0"
"POINT (9.222459797000056 49.142779077000057)","Unfall 174654 (2019) Kat:3, Licht: 0","174654","3","6","6","03","11","6","0","0","0","1","1","0"
"POINT (9.217068542000050 49.125893053000027)","Unfall 174655 (2019) Kat:3, Licht: 2","174655","3","2","5","03","21","6","0","2","0","1","0","0"
"POINT (9.210007518000055 49.128584227000033)","Unfall 174693 (2019) Kat:3, Licht: 0","174693","3","3","5","03","12","5","0","0","1","1","0","0"
"POINT (9.191028999000025 49.138799932000040)","Unfall 174732 (2019) Kat:2, Licht: 0","174732","2","3","5","03","06","4","0","0","1","1","0","0"
"POINT (9.220924427000057 49.135980091000079)","Unfall 174734 (2019) Kat:3, Licht: 0","174734","3","2","3","03","18","4","0","0","0","1","0","0"
"POINT (9.221032031000050 49.139122158000077)","Unfall 174779 (2019) Kat:2, Licht: 2","174779","2","3","5","03","19","3","0","2","0","1","0","0"
"POINT (9.222818326000038 49.144135865000067)","Unfall 174868 (2019) Kat:3, Licht: 0","174868","3","6","2","03","12","7","0","0","0","1","0","0"
"POINT (9.215957419000063 49.164312628000062)","Unfall 174961 (2019) Kat:3, Licht: 0","174961","3","7","0","04","07","4","0","0","1","0","0","0"
"POINT (9.216963774000021 49.141612686000030)","Unfall 174962 (2019) Kat:3, Licht: 0","174962","3","3","6","04","10","4","0","0","0","1","1","0"
"POINT (9.172403489000033 49.116368103000070)","Unfall 175005 (2019) Kat:3, Licht: 0","175005","3","3","5","04","18","3","1","0","1","1","0","0"
"POINT (9.226684837000050 49.137349475000065)","Unfall 175118 (2019) Kat:3, Licht: 0","175118","3","7","0","03","12","7","0","0","1","0","0","0"
"POINT (9.204166584000063 49.138233619000061)","Unfall 175169 (2019) Kat:3, Licht: 0","175169","3","3","5","04","16","6","0","0","0","1","0","0"
"POINT (9.197485586000028 49.167576081000050)","Unfall 175209 (2019) Kat:3, Licht: 0","175209","3","7","2","04","07","5","0","0","0","1","0","0"
"POINT (9.204038149000041 49.138129895000077)","Unfall 175281 (2019) Kat:3, Licht: 0","175281","3","2","5","04","11","3","0","0","0","1","0","0"
"POINT (9.180893324000067 49.144684448000078)","Unfall 175319 (2019) Kat:3, Licht: 0","175319","3","2","3","04","17","2","0","0","0","1","1","0"
"POINT (9.217603362000034 49.130403713000078)","Unfall 175320 (2019) Kat:3, Licht: 0","175320","3","2","6","04","08","2","0","0","0","1","1","0"
"POINT (9.211439596000048 49.121355736000055)","Unfall 175349 (2019) Kat:3, Licht: 2","175349","3","1","9","04","01","1","0","2","0","1","0","0"
"POINT (9.201895383000021 49.119282297000041)","Unfall 175405 (2019) Kat:3, Licht: 0","175405","3","3","5","04","07","6","1","0","0","1","0","0"
"POINT (9.223291394000057 49.146248348000029)","Unfall 175438 (2019) Kat:2, Licht: 0","175438","2","1","5","04","16","6","0","0","0","1","0","0"
"POINT (9.190970818000039 49.136935553000058)","Unfall 175477 (2019) Kat:2, Licht: 0","175477","2","4","6","04","14","5","0","0","0","1","1","0"
"POINT (9.214376716000061 49.155372093000040)","Unfall 175478 (2019) Kat:3, Licht: 2","175478","3","2","5","04","22","5","0","2","0","1","0","0"
"POINT (9.229095332000043 49.145867124000063)","Unfall 175566 (2019) Kat:2, Licht: 0","175566","2","3","5","04","07","3","0","0","1","1","0","0"
"POINT (9.216424956000026 49.120948058000067)","Unfall 175567 (2019) Kat:3, Licht: 0","175567","3","3","5","04","16","3","0","0","1","1","0","0"
"POINT (9.181936239000038 49.117165330000034)","Unfall 175903 (2019) Kat:3, Licht: 0","175903","3","6","4","04","14","1","0","0","0","1","0","0"
"POINT (9.213949689000060 49.154625922000037)","Unfall 175961 (2019) Kat:3, Licht: 2","175961","3","7","4","05","23","2","0","2","0","1","0","0"
"POINT (9.191716323000037 49.143170337000072)","Unfall 176004 (2019) Kat:3, Licht: 0","176004","3","4","6","05","13","7","1","0","0","1","1","0"
"POINT (9.221106110000051 49.136672484000030)","Unfall 176032 (2019) Kat:3, Licht: 0","176032","3","6","0","05","13","6","0","0","0","1","0","0"
"POINT (9.248769648000064 49.135734741000078)","Unfall 176068 (2019) Kat:3, Licht: 0","176068","3","4","6","05","19","5","1","0","0","1","1","0"
"POINT (9.211357716000066 49.129847214000051)","Unfall 176198 (2019) Kat:3, Licht: 0","176198","3","3","5","04","17","1","0","0","0","1","0","0"
"POINT (9.209075800000051 49.165625653000063)","Unfall 176460 (2019) Kat:2, Licht: 0","176460","2","1","4","05","08","3","0","0","0","1","0","0"
"POINT (9.196084229000064 49.131268347000059)","Unfall 176461 (2019) Kat:3, Licht: 0","176461","3","3","5","05","18","3","0","0","0","1","0","1"
"POINT (9.215549275000058 49.139100297000027)","Unfall 176462 (2019) Kat:3, Licht: 0","176462","3","1","0","05","11","3","0","0","0","0","0","1"
"POINT (9.226633934000063 49.150745929000038)","Unfall 176463 (2019) Kat:3, Licht: 0","176463","3","1","4","05","07","3","0","0","0","1","0","0"
"POINT (9.225905344000069 49.125257610000062)","Unfall 176464 (2019) Kat:3, Licht: 0","176464","3","1","4","05","09","3","0","0","0","1","0","1"
"POINT (9.188052024000058 49.144014739000056)","Unfall 176621 (2019) Kat:3, Licht: 0","176621","3","3","5","05","07","3","0","0","0","1","0","0"
"POINT (9.192480617000058 49.118621050000058)","Unfall 176705 (2019) Kat:2, Licht: 0","176705","2","6","3","05","14","4","0","0","1","1","0","0"
"POINT (9.212601647000042 49.179278877000058)","Unfall 176706 (2019) Kat:2, Licht: 0","176706","2","1","7","05","18","4","0","0","0","0","0","1"
"POINT (9.193152146000045 49.114914317000057)","Unfall 176707 (2019) Kat:3, Licht: 0","176707","3","2","4","05","17","4","0","0","0","0","0","1"
"POINT (9.209785484000065 49.125419473000079)","Unfall 176873 (2019) Kat:3, Licht: 0","176873","3","6","1","05","13","5","0","0","0","1","0","1"
"POINT (9.217770776000066 49.172092762000034)","Unfall 176930 (2019) Kat:3, Licht: 0","176930","3","2","5","05","17","4","0","0","0","1","0","0"
"POINT (9.200194879000037 49.132664544000079)","Unfall 176931 (2019) Kat:3, Licht: 0","176931","3","1","0","05","06","4","1","0","0","0","0","1"
"POINT (9.216668374000051 49.125869706000060)","Unfall 176970 (2019) Kat:3, Licht: 0","176970","3","1","2","05","14","3","1","0","0","1","0","0"
"POINT (9.219065065000052 49.136040404000028)","Unfall 177026 (2019) Kat:3, Licht: 0","177026","3","7","6","05","15","6","0","0","0","1","1","0"
"POINT (9.228237798000066 49.133498113000030)","Unfall 177112 (2019) Kat:3, Licht: 2","177112","3","2","5","05","23","4","0","2","0","1","0","0"
"POINT (9.223385631000042 49.146226484000067)","Unfall 177368 (2019) Kat:3, Licht: 2","177368","3","3","0","06","23","3","0","2","0","1","0","1"
"POINT (9.222998286000063 49.144231133000062)","Unfall 177546 (2019) Kat:3, Licht: 0","177546","3","4","0","06","11","3","0","0","0","1","1","0"
"POINT (9.212980959000049 49.133281624000062)","Unfall 177626 (2019) Kat:3, Licht: 0","177626","3","3","5","06","20","7","0","0","0","1","0","0"
"POINT (9.222311929000057 49.141699159000041)","Unfall 177844 (2019) Kat:3, Licht: 2","177844","3","6","9","06","04","1","1","2","0","1","0","0"
"POINT (9.184698476000051 49.183134674000030)","Unfall 177982 (2019) Kat:3, Licht: 0","177982","3","3","5","06","20","5","0","0","0","1","0","1"
"POINT (9.219769518000021 49.137459146000026)","Unfall 178019 (2019) Kat:3, Licht: 0","178019","3","2","1","06","08","4","1","0","1","1","0","0"
"POINT (9.235328668000022 49.142305205000071)","Unfall 178025 (2019) Kat:2, Licht: 0","178025","2","3","5","06","07","2","0","0","1","1","0","0"
"POINT (9.226236138000047 49.140198579000071)","Unfall 178028 (2019) Kat:3, Licht: 0","178028","3","4","6","06","09","2","0","0","0","1","1","0"
"POINT (9.221987603000059 49.141592419000062)","Unfall 178080 (2019) Kat:3, Licht: 2","178080","3","1","0","06","23","1","0","2","1","0","0","0"
"POINT (9.217528919000074 49.124050921000048)","Unfall 178120 (2019) Kat:3, Licht: 0","178120","3","2","1","06","12","7","0","0","0","1","0","0"
"POINT (9.222715752000056 49.125756216000070)","Unfall 178155 (2019) Kat:3, Licht: 0","178155","3","7","0","06","18","6","0","0","1","0","0","0"
"POINT (9.195773528000075 49.131208182000080)","Unfall 178296 (2019) Kat:3, Licht: 0","178296","3","3","5","06","12","6","0","0","0","1","0","1"
"POINT (9.118049882000037 49.184061207000070)","Unfall 178494 (2019) Kat:3, Licht: 0","178494","3","2","5","06","18","3","0","0","0","1","0","0"
"POINT (9.219543708000060 49.159302688000025)","Unfall 178673 (2019) Kat:3, Licht: 0","178673","3","1","2","07","08","2","0","0","0","1","0","0"
"POINT (9.233971572000030 49.143499818000066)","Unfall 178757 (2019) Kat:3, Licht: 0","178757","3","3","5","06","14","7","0","0","0","1","0","0"
"POINT (9.191333866000036 49.143289156000037)","Unfall 178929 (2019) Kat:3, Licht: 0","178929","3","7","6","07","07","6","0","0","0","1","1","0"
"POINT (9.224546783000051 49.133029962000080)","Unfall 178930 (2019) Kat:3, Licht: 0","178930","3","3","5","07","07","6","0","0","1","1","0","0"
"POINT (9.180518638000024 49.142072795000047)","Unfall 179161 (2019) Kat:3, Licht: 0","179161","3","6","4","07","18","4","0","0","1","1","0","0"
"POINT (9.222258297000053 49.120546097000044)","Unfall 179162 (2019) Kat:3, Licht: 0","179162","3","6","2","07","05","4","0","0","0","1","0","0"
"POINT (9.222120528000062 49.125863672000037)","Unfall 179163 (2019) Kat:3, Licht: 0","179163","3","3","5","07","13","4","0","0","1","1","0","0"
"POINT (9.222766397000044 49.143179082000074)","Unfall 179164 (2019) Kat:3, Licht: 0","179164","3","6","3","07","09","4","0","0","0","1","0","0"
"POINT (9.197625322000022 49.163236768000047)","Unfall 179226 (2019) Kat:2, Licht: 0","179226","2","6","4","07","12","3","0","0","0","1","0","0"
"POINT (9.190698789000066 49.131230849000076)","Unfall 179287 (2019) Kat:3, Licht: 0","179287","3","5","1","07","11","2","0","0","1","1","0","0"
"POINT (9.194043712000052 49.127382022000063)","Unfall 179288 (2019) Kat:3, Licht: 0","179288","3","6","4","07","18","2","0","0","1","0","0","0"
"POINT (9.234200751000060 49.144843011000034)","Unfall 179289 (2019) Kat:3, Licht: 0","179289","3","7","1","07","07","2","0","0","1","1","0","0"
"POINT (9.193689080000070 49.186046875000045)","Unfall 179346 (2019) Kat:3, Licht: 0","179346","3","2","4","07","06","4","0","0","0","1","0","0"
"POINT (9.190827098000057 49.142537604000040)","Unfall 179412 (2019) Kat:3, Licht: 0","179412","3","2","5","07","07","3","0","0","1","1","0","0"
"POINT (9.204633877000049 49.135931193000033)","Unfall 179467 (2019) Kat:3, Licht: 0","179467","3","7","0","07","19","2","0","0","0","0","0","1"
"POINT (9.230819453000038 49.150676464000071)","Unfall 179521 (2019) Kat:3, Licht: 0","179521","3","7","5","07","15","7","0","0","1","1","0","0"
"POINT (9.206746085000077 49.121868356000050)","Unfall 179577 (2019) Kat:3, Licht: 0","179577","3","3","5","07","07","3","0","0","1","1","0","0"
"POINT (9.203588079000042 49.171163162000028)","Unfall 179639 (2019) Kat:3, Licht: 0","179639","3","5","1","07","11","2","0","0","1","1","0","0"
"POINT (9.146022153000047 49.199524476000079)","Unfall 179640 (2019) Kat:3, Licht: 0","179640","3","3","5","07","13","2","0","0","0","1","0","0"
"POINT (9.221105267000041 49.130625050000049)","Unfall 179757 (2019) Kat:3, Licht: 0","179757","3","7","6","07","18","6","0","0","0","1","1","0"
"POINT (9.191198959000076 49.140170048000073)","Unfall 179812 (2019) Kat:3, Licht: 0","179812","3","7","0","07","12","5","0","0","1","0","0","0"
"POINT (9.190572785000029 49.134771221000051)","Unfall 179836 (2019) Kat:3, Licht: 0","179836","3","4","6","07","15","7","0","0","0","1","1","0"
"POINT (9.207826915000055 49.125830571000051)","Unfall 179837 (2019) Kat:3, Licht: 0","179837","3","6","2","07","18","7","0","0","0","1","0","1"
"POINT (9.194542922000039 49.132499962000054)","Unfall 180136 (2019) Kat:3, Licht: 0","180136","3","3","5","08","08","5","0","0","1","1","0","0"
"POINT (9.223275100000024 49.145273942000074)","Unfall 180387 (2019) Kat:3, Licht: 0","180387","3","3","5","08","15","5","0","0","1","1","0","0"
"POINT (9.164366252000036 49.140099490000068)","Unfall 180437 (2019) Kat:3, Licht: 0","180437","3","7","0","08","07","4","0","0","0","1","0","1"
"POINT (9.150724767000042 49.214843429000041)","Unfall 180477 (2019) Kat:3, Licht: 0","180477","3","1","8","08","13","3","0","0","0","1","0","0"
"POINT (9.221094225000059 49.136627487000055)","Unfall 180484 (2019) Kat:3, Licht: 0","180484","3","7","6","08","16","2","0","0","0","1","1","0"
"POINT (9.222078027000066 49.120803847000047)","Unfall 180544 (2019) Kat:3, Licht: 0","180544","3","6","2","08","19","1","0","0","0","1","0","0"
"POINT (9.203689994000058 49.170549494000056)","Unfall 180758 (2019) Kat:3, Licht: 0","180758","3","3","5","08","06","2","0","0","1","1","0","0"
"POINT (9.217233707000048 49.142975151000030)","Unfall 180759 (2019) Kat:3, Licht: 0","180759","3","2","4","08","17","2","0","0","0","1","0","1"
"POINT (9.245013255000060 49.140977917000043)","Unfall 180867 (2019) Kat:3, Licht: 0","180867","3","3","5","08","13","6","0","0","1","1","0","0"
"POINT (9.217237125000054 49.138965295000048)","Unfall 180941 (2019) Kat:3, Licht: 0","180941","3","3","5","08","16","5","0","0","0","1","0","1"
"POINT (9.223753513000077 49.137495340000044)","Unfall 180977 (2019) Kat:3, Licht: 2","180977","3","5","1","08","02","4","0","2","1","1","0","0"
"POINT (9.222506183000064 49.133058145000064)","Unfall 181008 (2019) Kat:3, Licht: 0","181008","3","3","6","08","12","3","0","0","0","0","1","0"
"POINT (9.222936216000051 49.137861459000078)","Unfall 181076 (2019) Kat:2, Licht: 0","181076","2","4","6","08","15","7","0","0","1","0","1","0"
"POINT (9.187686975000077 49.151570477000064)","Unfall 181132 (2019) Kat:3, Licht: 2","181132","3","7","1","08","22","6","0","2","0","1","0","0"
"POINT (9.216284765000069 49.152297404000080)","Unfall 181428 (2019) Kat:3, Licht: 0","181428","3","3","5","09","12","5","0","0","1","1","0","0"
"POINT (9.221145639000042 49.139166469000031)","Unfall 181429 (2019) Kat:3, Licht: 0","181429","3","1","0","09","15","5","0","0","0","0","0","0"
"POINT (9.215192356000046 49.139404067000044)","Unfall 181479 (2019) Kat:3, Licht: 0","181479","3","7","0","09","16","4","0","0","1","0","0","0"
"POINT (9.222023498000056 49.148363092000068)","Unfall 181581 (2019) Kat:3, Licht: 0","181581","3","7","0","09","07","2","0","0","1","0","0","0"
"POINT (9.215700587000072 49.138575388000049)","Unfall 181679 (2019) Kat:3, Licht: 0","181679","3","3","5","09","14","5","0","0","1","1","0","0"
"POINT (9.233841304000066 49.138477295000030)","Unfall 181680 (2019) Kat:3, Licht: 0","181680","3","3","5","09","15","5","0","0","0","1","0","0"
"POINT (9.194459233000032 49.156103615000063)","Unfall 181731 (2019) Kat:3, Licht: 0","181731","3","3","5","09","17","4","0","0","0","1","0","0"
"POINT (9.218233938000026 49.145056579000027)","Unfall 181732 (2019) Kat:3, Licht: 0","181732","3","3","5","09","17","4","0","0","0","0","0","1"
"POINT (9.219556090000026 49.138660343000026)","Unfall 181786 (2019) Kat:3, Licht: 0","181786","3","6","3","09","08","3","0","0","1","0","0","0"
"POINT (9.192467441000076 49.138016001000040)","Unfall 181849 (2019) Kat:3, Licht: 2","181849","3","5","1","09","05","1","1","2","0","1","0","0"
"POINT (9.196452432000058 49.121761761000073)","Unfall 181880 (2019) Kat:3, Licht: 0","181880","3","3","5","09","19","7","0","0","0","1","0","0"
"POINT (9.193696657000032 49.186058824000042)","Unfall 181954 (2019) Kat:3, Licht: 2","181954","3","3","5","09","22","3","0","2","0","1","0","0"
"POINT (9.231507305000037 49.138606787000072)","Unfall 181955 (2019) Kat:3, Licht: 0","181955","3","3","5","09","17","3","0","0","1","1","0","0"
"POINT (9.202097962000039 49.126093593000064)","Unfall 181956 (2019) Kat:3, Licht: 0","181956","3","3","5","09","15","3","0","0","0","1","0","0"
"POINT (9.219159113000046 49.144553237000082)","Unfall 182019 (2019) Kat:3, Licht: 0","182019","3","7","6","09","16","2","0","0","0","1","1","0"
"POINT (9.223379974000068 49.146217899000078)","Unfall 182020 (2019) Kat:3, Licht: 0","182020","3","3","5","09","14","2","0","0","0","1","0","0"