WKT,Name,OBJECTID,UKATEGORIE,UTYP1,UART,UMONAT,USTUNDE,UWOCHENTAG,STRZUSTAND,ULICHTVERH,ISTRAD,ISTPKW,ISTFUSS,ISTKRAD
"POINT (9.218752699000049 49.134512778000044)","Unfall 182021 (2019) Kat:3, Licht: 2","182021","3","2","3","09","01","2","0","2","0","1","0","0"
"POINT (9.208152550000023 49.141099353000072)","Unfall 182172 (2019) Kat:3, Licht: 0","182172","3","3","5","09","12","2","1","0","0","1","0","0"
"POINT (9.239267986000073 49.140237708000029)","Unfall 182301 (2019) Kat:3, Licht: 0","182301","3","3","5","09","07","6","0","0","1","1","0","0"
"POINT (9.226941101000023 49.131628501000080)","Unfall 182302 (2019) Kat:3, Licht: 0","182302","3","7","0","09","07","6","0","0","1","0","0","0"
"POINT (9.200376942000048 49.165813279000076)","Unfall 182352 (2019) Kat:3, Licht: 0","182352","3","4","6","09","16","5","0","0","0","1","1","0"
"POINT (9.218905232000054 49.157901328000037)","Unfall 182353 (2019) Kat:3, Licht: 0","182353","3","7","1","09","12","5","0","0","1","1","0","0"
"POINT (9.217997917000048 49.139007351000032)","Unfall 182412 (2019) Kat:3, Licht: 0","182412","3","3","5","09","18","4","0","0","0","1","0","1"
"POINT (9.218236077000029 49.145060713000078)","Unfall 182413 (2019) Kat:2, Licht: 0","182413","2","3","5","09","09","4","0","0","1","1","0","0"
"POINT (9.190075208000053 49.136734142000080)","Unfall 182453 (2019) Kat:3, Licht: 0","182453","3","3","5","09","16","2","0","0","0","1","0","0"
"POINT (9.203983058000063 49.138897264000036)","Unfall 182552 (2019) Kat:3, Licht: 0","182552","3","2","5","09","16","6","1","0","0","1","0","0"
"POINT (9.197073465000074 49.152163323000082)","Unfall 182590 (2019) Kat:3, Licht: 0","182590","3","6","1","09","12","5","0","0","0","0","0","0"
"POINT (9.225384145000021 49.138964642000076)","Unfall 182618 (2019) Kat:3, Licht: 0","182618","3","6","1","09","09","4","1","0","0","1","0","1"
"POINT (9.218316384000048 49.119835309000052)","Unfall 182745 (2019) Kat:3, Licht: 0","182745","3","2","5","10","08","2","1","0","1","1","0","0"
"POINT (9.222352490000048 49.121054524000044)","Unfall 182746 (2019) Kat:3, Licht: 0","182746","3","5","1","10","16","2","0","0","0","1","0","0"
"POINT (9.191258275000052 49.141130689000079)","Unfall 182825 (2019) Kat:3, Licht: 1","182825","3","3","8","10","17","6","1","1","1","0","0","0"
"POINT (9.194117856000048 49.129565286000059)","Unfall 182849 (2019) Kat:3, Licht: 2","182849","3","5","1","10","03","5","0","2","0","1","0","0"
"POINT (9.212177804000021 49.151780383000073)","Unfall 182887 (2019) Kat:3, Licht: 0","182887","3","6","3","10","12","4","0","0","0","1","0","0"
"POINT (9.206187313000044 49.153400266000062)","Unfall 182940 (2019) Kat:2, Licht: 0","182940","2","3","5","10","11","2","0","0","0","1","0","1"
"POINT (9.221478222000030 49.139157398000066)","Unfall 182941 (2019) Kat:3, Licht: 0","182941","3","2","6","10","08","2","0","0","0","1","1","0"
"POINT (9.220918605000065 49.151497849000066)","Unfall 182942 (2019) Kat:3, Licht: 0","182942","3","7","6","10","08","2","0","0","1","0","1","0"
"POINT (9.212995452000030 49.153073252000070)","Unfall 183050 (2019) Kat:3, Licht: 0","183050","3","6","2","10","17","6","0","0","0","1","0","0"
"POINT (9.206207138000025 49.153580294000051)","Unfall 183089 (2019) Kat:3, Licht: 0","183089","3","3","5","10","16","6","0","0","0","1","0","0"
"POINT (9.216608633000021 49.142294051000079)","Unfall 183242 (2019) Kat:3, Licht: 0","183242","3","6","1","10","13","6","1","0","0","1","0","0"
"POINT (9.141251315000034 49.142625596000073)","Unfall 183261 (2019) Kat:3, Licht: 2","183261","3","1","8","10","02","7","0","2","0","1","0","0"
"POINT (9.190879901000074 49.136896791000026)","Unfall 183265 (2019) Kat:3, Licht: 2","183265","3","4","6","10","19","3","1","2","0","1","1","0"
"POINT (9.219941713000026 49.138736695000034)","Unfall 183271 (2019) Kat:3, Licht: 2","183271","3","6","3","10","20","3","1","2","0","1","0","0"
"POINT (9.221127641000066 49.139167047000058)","Unfall 183274 (2019) Kat:3, Licht: 2","183274","3","3","5","10","21","3","1","2","0","1","0","0"
"POINT (9.196993291000069 49.152441213000031)","Unfall 183354 (2019) Kat:3, Licht: 2","183354","3","6","1","10","05","6","1","2","0","1","0","0"
"POINT (9.217182280000031 49.125888954000061)","Unfall 183494 (2019) Kat:3, Licht: 0","183494","3","3","4","10","12","7","0","0","0","1","0","0"
"POINT (9.193373917000031 49.118451278000066)","Unfall 183574 (2019) Kat:3, Licht: 1","183574","3","4","6","10","18","5","0","1","0","1","1","0"
"POINT (9.208258355000055 49.128768268000044)","Unfall 183576 (2019) Kat:3, Licht: 1","183576","3","5","1","10","07","5","1","1","1","1","0","0"
"POINT (9.228237798000066 49.133498113000030)","Unfall 183697 (2019) Kat:2, Licht: 2","183697","2","2","5","10","20","2","1","2","0","1","0","0"
"POINT (9.218984624000029 49.143219812000041)","Unfall 183702 (2019) Kat:3, Licht: 2","183702","3","2","6","10","02","1","1","2","0","0","1","0"
"POINT (9.231104277000043 49.151425433000043)","Unfall 183712 (2019) Kat:3, Licht: 0","183712","3","6","4","10","15","1","2","0","0","0","0","1"
"POINT (9.191931233000048 49.117840958000045)","Unfall 183852 (2019) Kat:3, Licht: 0","183852","3","3","5","10","07","4","0","0","1","1","0","0"
"POINT (9.221665518000066 49.150985318000039)","Unfall 183853 (2019) Kat:3, Licht: 0","183853","3","3","5","10","16","4","0","0","0","1","0","0"
"POINT (9.228559185000052 49.134373373000074)","Unfall 183926 (2019) Kat:3, Licht: 1","183926","3","7","5","10","17","2","0","1","1","1","0","0"
"POINT (9.186691017000044 49.144746212000030)","Unfall 183952 (2019) Kat:3, Licht: 0","183952","3","7","6","10","13","1","0","0","0","1","1","0"
"POINT (9.110848191000059 49.183008642000061)","Unfall 183953 (2019) Kat:3, Licht: 2","183953","3","7","8","10","05","1","1","2","0","1","0","0"
"POINT (9.176970848000053 49.183303503000047)","Unfall 184043 (2019) Kat:3, Licht: 2","184043","3","3","5","11","17","6","1","2","0","1","0","1"
"POINT (9.195703458000025 49.142611113000044)","Unfall 184044 (2019) Kat:3, Licht: 2","184044","3","3","5","11","17","6","1","2","0","1","0","0"
"POINT (9.191086468000037 49.138087111000061)","Unfall 184128 (2019) Kat:3, Licht: 0","184128","3","7","6","11","12","4","0","0","1","0","1","0"
"POINT (9.221639480000022 49.127006319000031)","Unfall 184129 (2019) Kat:3, Licht: 0","184129","3","3","5","11","14","4","1","0","0","1","0","0"
"POINT (9.230099437000035 49.138702562000049)","Unfall 184233 (2019) Kat:3, Licht: 0","184233","3","3","5","11","15","2","1","0","0","1","0","0"
"POINT (9.214487580000025 49.130285861000061)","Unfall 184234 (2019) Kat:3, Licht: 0","184234","3","3","5","11","14","2","0","0","0","1","0","0"
"POINT (9.179046783000047 49.141481412000076)","Unfall 184263 (2019) Kat:3, Licht: 2","184263","3","7","1","11","04","1","0","2","0","1","0","0"
"POINT (9.222502809000048 49.139124473000038)","Unfall 184326 (2019) Kat:3, Licht: 2","184326","3","4","6","11","23","6","1","2","0","1","1","0"
"POINT (9.207644364000032 49.124271751000038)","Unfall 184358 (2019) Kat:3, Licht: 2","184358","3","4","6","11","18","5","0","2","0","1","1","0"
"POINT (9.207973715000037 49.120424344000071)","Unfall 184359 (2019) Kat:3, Licht: 0","184359","3","3","6","11","13","5","0","0","0","1","1","0"
"POINT (9.234006879000049 49.143513913000049)","Unfall 184360 (2019) Kat:3, Licht: 0","184360","3","3","5","11","13","5","0","0","1","1","0","0"
"POINT (9.216237393000029 49.152309441000057)","Unfall 184403 (2019) Kat:3, Licht: 0","184403","3","3","5","11","14","4","0","0","1","1","0","0"
"POINT (9.213387104000049 49.141389633000074)","Unfall 184404 (2019) Kat:3, Licht: 0","184404","3","6","1","11","15","4","0","0","1","1","0","0"
"POINT (9.203916276000030 49.145393247000072)","Unfall 184440 (2019) Kat:3, Licht: 0","184440","3","6","2","11","14","3","0","0","0","1","0","0"
"POINT (9.219327946000021 49.145789914000034)","Unfall 184469 (2019) Kat:3, Licht: 2","184469","3","2","6","11","07","2","0","2","0","1","1","0"
"POINT (9.193077271000050 49.125736986000049)","Unfall 184486 (2019) Kat:3, Licht: 0","184486","3","6","2","11","12","1","0","0","0","1","0","0"
"POINT (9.203784480000024 49.126576287000034)","Unfall 184571 (2019) Kat:3, Licht: 2","184571","3","3","5","11","00","7","0","2","0","1","0","0"
"POINT (9.239990756000054 49.140083716000049)","Unfall 184682 (2019) Kat:3, Licht: 0","184682","3","7","5","11","15","4","0","0","1","1","0","0"
"POINT (9.203403087000027 49.140759857000035)","Unfall 184775 (2019) Kat:3, Licht: 2","184775","3","4","6","12","06","4","0","2","0","1","1","0"
"POINT (9.218987013000060 49.147512670000026)","Unfall 184776 (2019) Kat:3, Licht: 2","184776","3","3","5","12","18","4","0","2","0","1","0","0"
"POINT (9.201465119000034 49.132816417000072)","Unfall 184777 (2019) Kat:3, Licht: 0","184777","3","1","8","12","08","4","2","0","0","1","0","0"
"POINT (9.129980170000067 49.181293888000027)","Unfall 184815 (2019) Kat:3, Licht: 2","184815","3","7","1","12","17","3","0","2","1","1","0","0"
"POINT (9.225376583000070 49.146215767000058)","Unfall 184892 (2019) Kat:3, Licht: 0","184892","3","4","6","11","17","7","0","0","0","1","1","0"
"POINT (9.218752699000049 49.134512778000044)","Unfall 184897 (2019) Kat:3, Licht: 1","184897","3","6","1","11","07","6","1","1","0","1","0","0"
"POINT (9.218618114000037 49.125881836000076)","Unfall 184898 (2019) Kat:3, Licht: 0","184898","3","4","6","11","15","6","1","0","0","1","1","0"
"POINT (9.226301092000028 49.144061730000033)","Unfall 184988 (2019) Kat:3, Licht: 1","184988","3","5","1","11","16","4","1","1","1","1","0","0"
"POINT (9.222798256000033 49.135853921000034)","Unfall 185026 (2019) Kat:3, Licht: 2","185026","3","3","5","11","18","3","0","2","0","1","0","0"
"POINT (9.221172326000044 49.136923182000032)","Unfall 185027 (2019) Kat:3, Licht: 0","185027","3","6","1","11","16","3","0","0","0","1","0","0"
"POINT (9.220981706000032 49.136201482000047)","Unfall 185080 (2019) Kat:3, Licht: 2","185080","3","6","5","12","17","3","0","2","0","1","0","0"
"POINT (9.209225645000061 49.169296356000075)","Unfall 185081 (2019) Kat:3, Licht: 2","185081","3","6","2","12","16","3","0","2","0","1","0","0"
"POINT (9.204254349000053 49.126356589000068)","Unfall 185124 (2019) Kat:3, Licht: 2","185124","3","2","4","12","16","2","1","2","1","1","0","0"
"POINT (9.221425675000035 49.128609206000078)","Unfall 185125 (2019) Kat:3, Licht: 1","185125","3","3","5","12","16","2","1","1","0","1","0","0"
"POINT (9.219748372000026 49.154476622000061)","Unfall 185181 (2019) Kat:3, Licht: 2","185181","3","6","8","12","17","7","1","2","1","1","0","0"
"POINT (9.235409642000036 49.140138375000049)","Unfall 185262 (2019) Kat:3, Licht: 0","185262","3","3","6","12","11","5","0","0","0","1","1","0"
"POINT (9.170717715000023 49.116084017000048)","Unfall 185355 (2019) Kat:3, Licht: 0","185355","3","2","6","12","11","3","0","0","0","1","1","0"
"POINT (9.229647839000052 49.139274868000030)","Unfall 185401 (2019) Kat:3, Licht: 1","185401","3","4","6","12","07","2","0","1","0","0","1","0"
"POINT (9.201929056000040 49.117581691000055)","Unfall 185402 (2019) Kat:3, Licht: 0","185402","3","3","5","12","11","2","1","0","0","1","0","0"
"POINT (9.228725471000075 49.138778123000066)","Unfall 185572 (2019) Kat:3, Licht: 2","185572","3","6","2","12","21","4","1","2","1","0","0","0"
"POINT (9.232616443000040 49.142465643000037)","Unfall 185688 (2019) Kat:3, Licht: 0","185688","3","3","5","12","10","3","1","0","1","1","0","0"
"POINT (9.231750130000023 49.143673102000037)","Unfall 185711 (2019) Kat:3, Licht: 2","185711","3","3","5","12","20","2","0","2","0","1","0","0"
"POINT (9.171214785000075 49.115239585000040)","Unfall 185746 (2019) Kat:3, Licht: 0","185746","3","7","0","12","08","7","2","0","1","0","0","0"
"POINT (9.219309742000064 49.139764397000079)","Unfall 185817 (2019) Kat:3, Licht: 0","185817","3","7","6","12","16","5","0","0","0","1","1","0"
"POINT (9.227963614000032 49.148111871000026)","Unfall 185818 (2019) Kat:3, Licht: 2","185818","3","3","5","12","07","5","0","2","1","1","0","0"
"POINT (9.218718628000033 49.134430921000046)","Unfall 5208 (2020) Kat:3, Licht: 0","5208","3","6","6","01","12","6","0","0","0","1","1","0"
"POINT (9.117136813000059 49.189302635000047)","Unfall 5802 (2020) Kat:3, Licht: 2","5802","3","6","2","01","22","4","0","2","0","1","0","0"
"POINT (9.207196779000071 49.127686983000046)","Unfall 6734 (2020) Kat:3, Licht: 2","6734","3","7","1","01","21","7","1","2","1","1","0","0"
"POINT (9.222455286000070 49.123476300000050)","Unfall 6790 (2020) Kat:3, Licht: 0","6790","3","6","1","01","13","6","0","0","0","1","0","0"
"POINT (9.199901305000026 49.149927861000037)","Unfall 7102 (2020) Kat:2, Licht: 2","7102","2","6","3","01","21","7","0","2","0","1","0","0"
"POINT (9.196224835000066 49.141899261000049)","Unfall 7148 (2020) Kat:3, Licht: 2","7148","3","7","0","01","20","6","0","2","1","1","0","0"
"POINT (9.214347788000055 49.135979226000075)","Unfall 7190 (2020) Kat:3, Licht: 2","7190","3","4","6","01","21","5","0","2","0","0","1","0"
"POINT (9.128407556000070 49.186226353000052)","Unfall 7295 (2020) Kat:3, Licht: 0","7295","3","1","2","01","10","3","0","0","0","1","0","0"
"POINT (9.135160091000046 49.186257725000075)","Unfall 7388 (2020) Kat:3, Licht: 2","7388","3","1","3","01","18","2","1","2","0","1","0","0"
"POINT (9.232734421000032 49.148111765000067)","Unfall 7525 (2020) Kat:3, Licht: 2","7525","3","3","4","01","19","6","0","2","0","1","0","0"
"POINT (9.132655202000024 49.179783454000074)","Unfall 8035 (2020) Kat:3, Licht: 2","8035","3","2","5","02","20","6","0","2","0","1","0","0"
"POINT (9.133282898000061 49.179866690000040)","Unfall 8153 (2020) Kat:2, Licht: 2","8153","2","4","6","02","06","4","0","2","0","0","1","0"
"POINT (9.208953106000024 49.151269495000065)","Unfall 8154 (2020) Kat:3, Licht: 0","8154","3","6","2","02","07","4","0","0","0","1","0","0"
"POINT (9.169738377000044 49.115928584000073)","Unfall 8155 (2020) Kat:3, Licht: 2","8155","3","4","6","02","21","4","1","2","0","1","1","0"
"POINT (9.144481497000072 49.192873097000074)","Unfall 8218 (2020) Kat:3, Licht: 0","8218","3","6","2","02","08","3","1","0","0","1","0","0"
"POINT (9.151860570000054 49.173579093000058)","Unfall 8321 (2020) Kat:3, Licht: 0","8321","3","1","9","02","07","3","1","0","0","1","0","0"
"POINT (9.145299579000039 49.176658389000067)","Unfall 8375 (2020) Kat:3, Licht: 2","8375","3","2","5","02","06","2","1","2","0","1","0","0"
"POINT (9.157958673000053 49.188261446000070)","Unfall 8572 (2020) Kat:3, Licht: 1","8572","3","1","2","02","17","4","1","1","0","1","0","0"
"POINT (9.172179868000058 49.159665690000054)","Unfall 8675 (2020) Kat:2, Licht: 2","8675","2","3","5","03","05","6","1","2","1","1","0","0"
"POINT (9.228053340000031 49.133271827000044)","Unfall 8688 (2020) Kat:3, Licht: 0","8688","3","3","6","03","14","4","0","0","0","1","1","0"
"POINT (9.090246140000033 49.196690863000072)","Unfall 8914 (2020) Kat:2, Licht: 0","8914","2","6","2","02","17","7","1","0","0","1","0","1"
"POINT (9.214018048000071 49.148403078000058)","Unfall 8915 (2020) Kat:3, Licht: 2","8915","3","6","3","02","00","7","0","2","0","1","0","0"
"POINT (9.225544728000045 49.168124476000060)","Unfall 9224 (2020) Kat:3, Licht: 0","9224","3","6","3","03","08","4","0","0","0","1","0","0"
"POINT (9.128707488000032 49.186198293000075)","Unfall 9374 (2020) Kat:2, Licht: 0","9374","2","1","8","03","12","2","0","0","0","1","0","0"
"POINT (9.222696121000070 49.153022302000068)","Unfall 9436 (2020) Kat:3, Licht: 2","9436","3","6","2","03","22","1","1","2","0","1","0","0"
"POINT (9.209630059000062 49.169519317000038)","Unfall 9478 (2020) Kat:3, Licht: 0","9478","3","6","1","03","14","2","0","0","0","1","0","0"
"POINT (9.201660062000030 49.156566448000035)","Unfall 9527 (2020) Kat:2, Licht: 0","9527","2","6","2","03","18","6","0","0","0","1","0","1"
"POINT (9.267833729000074 49.110947491000047)","Unfall 9613 (2020) Kat:3, Licht: 0","9613","3","6","4","03","13","6","0","0","0","1","0","0"
"POINT (9.202215453000065 49.126057726000056)","Unfall 9646 (2020) Kat:3, Licht: 0","9646","3","2","5","03","13","4","0","0","0","1","0","1"
"POINT (9.205492261000074 49.185378068000034)","Unfall 9679 (2020) Kat:3, Licht: 0","9679","3","6","2","03","11","5","0","0","0","0","0","0"
"POINT (9.199575992000064 49.152538348000064)","Unfall 9839 (2020) Kat:3, Licht: 0","9839","3","3","5","03","18","3","0","0","0","1","0","0"
"POINT (9.214727285000038 49.135835844000042)","Unfall 10088 (2020) Kat:3, Licht: 0","10088","3","6","3","04","14","4","0","0","0","1","0","0"
"POINT (9.250550335000071 49.152400900000032)","Unfall 10090 (2020) Kat:3, Licht: 0","10090","3","6","2","04","15","4","0","0","0","1","0","0"
"POINT (9.218956379000076 49.169079698000075)","Unfall 10160 (2020) Kat:3, Licht: 0","10160","3","2","4","04","11","7","0","0","0","1","0","0"
"POINT (9.223397177000038 49.146244006000074)","Unfall 10345 (2020) Kat:3, Licht: 0","10345","3","3","5","04","11","7","0","0","0","1","0","0"
"POINT (9.223091576000059 49.153501125000048)","Unfall 10391 (2020) Kat:3, Licht: 2","10391","3","2","0","04","21","6","0","2","1","0","0","0"
"POINT (9.225196930000038 49.169826641000043)","Unfall 10663 (2020) Kat:3, Licht: 0","10663","3","6","2","04","13","2","0","0","0","1","0","0"
"POINT (9.222895042000062 49.125769018000028)","Unfall 10839 (2020) Kat:3, Licht: 0","10839","3","6","1","04","17","6","0","0","0","1","0","0"
"POINT (9.225161246000027 49.129553241000053)","Unfall 10965 (2020) Kat:3, Licht: 0","10965","3","6","2","04","11","7","0","0","0","1","0","0"
"POINT (9.220078887000057 49.132422893000069)","Unfall 11022 (2020) Kat:3, Licht: 0","11022","3","3","5","05","09","5","0","0","1","1","0","0"
"POINT (9.214150031000031 49.148855702000048)","Unfall 11177 (2020) Kat:2, Licht: 2","11177","2","1","9","05","02","7","1","2","0","1","0","0"
"POINT (9.199001541000030 49.141566912000030)","Unfall 11234 (2020) Kat:3, Licht: 0","11234","3","6","3","04","08","5","0","0","0","1","0","0"
"POINT (9.218406195000057 49.156581520000032)","Unfall 11334 (2020) Kat:3, Licht: 0","11334","3","7","0","05","14","6","0","0","1","0","0","0"
"POINT (9.225403543000027 49.168170876000033)","Unfall 11349 (2020) Kat:3, Licht: 0","11349","3","6","2","05","14","7","0","0","0","1","0","0"
"POINT (9.177749168000048 49.124536204000037)","Unfall 11401 (2020) Kat:3, Licht: 0","11401","3","6","2","05","13","6","0","0","0","1","0","0"
"POINT (9.217936431000055 49.131059797000034)","Unfall 11495 (2020) Kat:3, Licht: 0","11495","3","3","5","05","13","5","0","0","1","1","0","0"
"POINT (9.196509531000061 49.141847624000036)","Unfall 11839 (2020) Kat:3, Licht: 0","11839","3","3","5","05","17","4","0","0","1","1","0","0"
"POINT (9.229951006000022 49.142668799000035)","Unfall 11857 (2020) Kat:2, Licht: 0","11857","2","2","5","05","15","5","0","0","1","1","0","0"
"POINT (9.218709074000060 49.157492484000045)","Unfall 11968 (2020) Kat:3, Licht: 0","11968","3","7","0","05","15","6","0","0","1","0","0","0"
"POINT (9.225598427000023 49.167952835000051)","Unfall 11979 (2020) Kat:3, Licht: 0","11979","3","6","3","05","12","6","0","0","1","0","0","0"
"POINT (9.229834162000032 49.142868305000036)","Unfall 12280 (2020) Kat:3, Licht: 0","12280","3","6","2","06","14","4","0","0","0","1","0","0"
"POINT (9.203649960000064 49.172104931000035)","Unfall 12491 (2020) Kat:3, Licht: 0","12491","3","7","5","06","20","6","1","0","0","1","0","0"
"POINT (9.171437985000068 49.139787811000076)","Unfall 12525 (2020) Kat:3, Licht: 0","12525","3","6","2","05","16","1","0","0","0","1","0","1"
"POINT (9.228985253000076 49.135770535000063)","Unfall 12670 (2020) Kat:3, Licht: 0","12670","3","7","9","06","20","7","0","0","0","0","0","0"
"POINT (9.218558420000022 49.133769737000080)","Unfall 12737 (2020) Kat:3, Licht: 0","12737","3","6","3","06","06","2","0","0","0","1","0","0"
"POINT (9.229057010000076 49.145868974000052)","Unfall 12742 (2020) Kat:3, Licht: 0","12742","3","3","5","06","11","2","0","0","1","1","0","0"
"POINT (9.217960269000059 49.181932869000036)","Unfall 12819 (2020) Kat:3, Licht: 2","12819","3","1","8","06","00","6","0","2","0","1","0","0"
"POINT (9.203545948000055 49.151968929000077)","Unfall 12884 (2020) Kat:2, Licht: 2","12884","2","3","5","06","22","6","0","2","1","1","0","0"
"POINT (9.203800284000067 49.171413232000077)","Unfall 12930 (2020) Kat:3, Licht: 1","12930","3","6","3","06","20","1","0","1","0","1","0","0"
"POINT (9.189963000000034 49.151799920000030)","Unfall 12942 (2020) Kat:3, Licht: 0","12942","3","3","5","06","10","4","1","0","0","1","0","0"
"POINT (9.203198110000074 49.173952809000070)","Unfall 12972 (2020) Kat:3, Licht: 0","12972","3","7","0","06","16","3","0","0","0","1","0","0"
"POINT (9.203140034000057 49.152008442000067)","Unfall 13155 (2020) Kat:3, Licht: 0","13155","3","6","2","06","12","7","0","0","0","1","0","0"
"POINT (9.188486248000061 49.119635267000035)","Unfall 13207 (2020) Kat:3, Licht: 0","13207","3","2","5","06","14","4","0","0","1","1","0","0"
"POINT (9.222625306000055 49.152931493000040)","Unfall 13334 (2020) Kat:3, Licht: 0","13334","3","6","1","06","14","4","0","0","0","1","0","0"
"POINT (9.214215856000067 49.136036958000034)","Unfall 13479 (2020) Kat:3, Licht: 0","13479","3","3","5","06","15","5","0","0","1","1","0","0"
"POINT (9.223350378000021 49.168114717000037)","Unfall 13531 (2020) Kat:3, Licht: 0","13531","3","7","2","06","13","4","0","0","0","1","0","0"
"POINT (9.121896679000031 49.187587176000079)","Unfall 13621 (2020) Kat:3, Licht: 0","13621","3","1","3","06","13","2","0","0","0","1","0","0"
"POINT (9.128468375000068 49.186324817000070)","Unfall 13637 (2020) Kat:3, Licht: 2","13637","3","6","2","06","23","2","0","2","0","0","0","0"
"POINT (9.182758655000043 49.188898630000040)","Unfall 13856 (2020) Kat:3, Licht: 0","13856","3","1","2","06","16","3","0","0","0","1","0","0"
"POINT (9.196066864000045 49.123112968000044)","Unfall 13867 (2020) Kat:3, Licht: 0","13867","3","6","6","06","15","6","0","0","1","0","1","0"
"POINT (9.146037046000060 49.199566502000039)","Unfall 13986 (2020) Kat:2, Licht: 0","13986","2","2","5","06","10","3","0","0","0","1","0","0"
"POINT (9.222844826000028 49.168207597000048)","Unfall 14052 (2020) Kat:3, Licht: 0","14052","3","6","2","07","07","4","0","0","0","1","0","0"
"POINT (9.221806880000031 49.150886744000047)","Unfall 14072 (2020) Kat:3, Licht: 0","14072","3","6","1","07","14","7","0","0","0","1","0","0"
"POINT (9.173791648000076 49.156948385000078)","Unfall 14134 (2020) Kat:3, Licht: 0","14134","3","4","6","07","17","5","0","0","0","1","1","0"
"POINT (9.203741563000051 49.126562978000038)","Unfall 14182 (2020) Kat:3, Licht: 0","14182","3","3","5","07","09","2","0","0","0","1","0","0"
"POINT (9.219566766000071 49.164045079000061)","Unfall 14227 (2020) Kat:2, Licht: 2","14227","2","5","1","07","21","2","0","2","1","0","0","0"
"POINT (9.214023229000077 49.148497002000056)","Unfall 14269 (2020) Kat:2, Licht: 2","14269","2","1","9","07","02","7","1","2","0","1","0","0"
"POINT (9.174784424000052 49.156540774000064)","Unfall 14325 (2020) Kat:3, Licht: 0","14325","3","2","5","07","16","6","0","0","1","0","0","0"
"POINT (9.181470215000047 49.140576995000060)","Unfall 14451 (2020) Kat:3, Licht: 0","14451","3","6","2","07","15","3","0","0","0","1","0","0"
"POINT (9.196322117000022 49.141881994000073)","Unfall 14511 (2020) Kat:2, Licht: 2","14511","2","6","3","07","02","7","1","2","0","1","0","1"
"POINT (9.220810931000074 49.146376376000035)","Unfall 14777 (2020) Kat:3, Licht: 2","14777","3","6","3","07","02","6","1","2","1","1","0","0"
"POINT (9.199758181000050 49.140403129000049)","Unfall 15176 (2020) Kat:3, Licht: 0","15176","3","6","2","07","13","4","0","0","0","1","0","1"
"POINT (9.200386136000077 49.142268484000056)","Unfall 15268 (2020) Kat:3, Licht: 0","15268","3","7","7","07","20","4","0","0","0","0","0","1"
"POINT (9.145864539000058 49.176394896000033)","Unfall 15273 (2020) Kat:3, Licht: 0","15273","3","1","8","07","16","2","0","0","0","1","0","0"
"POINT (9.203682749000052 49.171959394000055)","Unfall 15275 (2020) Kat:3, Licht: 0","15275","3","6","2","07","13","2","0","0","0","1","0","0"
"POINT (9.223091576000059 49.153501125000048)","Unfall 15277 (2020) Kat:2, Licht: 0","15277","2","6","2","07","13","2","0","0","0","1","0","0"
"POINT (9.202510141000062 49.185801208000044)","Unfall 15371 (2020) Kat:3, Licht: 0","15371","3","1","2","07","14","6","0","0","0","1","0","0"
"POINT (9.201934981000022 49.187078649000057)","Unfall 15380 (2020) Kat:3, Licht: 2","15380","3","1","1","07","23","6","0","2","0","1","0","0"
"POINT (9.154047511000044 49.119326232000049)","Unfall 15386 (2020) Kat:3, Licht: 0","15386","3","3","5","07","20","6","0","0","0","1","0","1"
"POINT (9.223551228000076 49.146237955000061)","Unfall 15394 (2020) Kat:3, Licht: 0","15394","3","6","2","07","19","6","0","0","0","1","0","0"
"POINT (9.217001179000022 49.127082980000068)","Unfall 15491 (2020) Kat:2, Licht: 0","15491","2","2","6","07","17","7","0","0","0","1","1","0"
"POINT (9.224063980000040 49.127736833000029)","Unfall 15564 (2020) Kat:3, Licht: 0","15564","3","2","0","07","12","6","0","0","1","1","0","0"
"POINT (9.151984250000055 49.173491673000058)","Unfall 15621 (2020) Kat:2, Licht: 0","15621","2","1","4","07","15","5","0","0","0","1","0","0"
"POINT (9.249445467000044 49.149614959000075)","Unfall 15641 (2020) Kat:3, Licht: 0","15641","3","6","3","08","08","7","0","0","1","0","0","0"
"POINT (9.219947628000057 49.132146178000028)","Unfall 15973 (2020) Kat:2, Licht: 0","15973","2","1","8","08","19","5","0","0","0","0","0","1"
"POINT (9.200334988000066 49.183860934000052)","Unfall 16041 (2020) Kat:2, Licht: 2","16041","2","6","4","08","22","1","0","2","0","1","0","0"
"POINT (9.246709999000075 49.139208208000070)","Unfall 16153 (2020) Kat:3, Licht: 0","16153","3","6","2","08","07","4","0","0","1","1","0","0"
"POINT (9.229833161000045 49.140854600000068)","Unfall 16162 (2020) Kat:2, Licht: 0","16162","2","3","5","08","14","2","0","0","1","1","0","0"
"POINT (9.214068290000057 49.148694131000070)","Unfall 16327 (2020) Kat:2, Licht: 2","16327","2","1","9","08","21","6","0","2","0","1","0","0"
"POINT (9.199550681000062 49.152534998000078)","Unfall 16399 (2020) Kat:3, Licht: 0","16399","3","3","5","08","17","1","0","0","0","1","0","0"
"POINT (9.135959085000025 49.188466231000064)","Unfall 16539 (2020) Kat:3, Licht: 0","16539","3","2","4","08","12","2","0","0","0","1","0","0"
"POINT (9.201504769000053 49.152107038000054)","Unfall 16585 (2020) Kat:3, Licht: 0","16585","3","6","2","08","18","3","0","0","0","1","0","0"