WKT,Name,OBJECTID,UKATEGORIE,UTYP1,UART,UMONAT,USTUNDE,UWOCHENTAG,STRZUSTAND,ULICHTVERH,ISTRAD,ISTPKW,ISTFUSS,ISTKRAD
"POINT (9.173009662000027 49.161174477000031)","Unfall 80562 (2021) Kat:3, Licht: 0","80562","3","7","0","07","10","7","","0","0","0","0","1"
"POINT (9.222728144000030 49.134231046000082)","Unfall 80638 (2021) Kat:2, Licht: 0","80638","2","3","1","08","15","5","","0","0","1","0","0"
"POINT (9.229359001000034 49.137814007000031)","Unfall 80683 (2021) Kat:3, Licht: 0","80683","3","3","5","08","16","5","","0","1","0","0","0"
"POINT (9.194664591000048 49.142006136000077)","Unfall 80737 (2021) Kat:3, Licht: 0","80737","3","6","1","07","15","7","","0","0","1","0","0"
"POINT (9.218069961000026 49.155570204000071)","Unfall 80921 (2021) Kat:3, Licht: 0","80921","3","1","0","08","15","5","","0","1","0","0","0"
"POINT (9.195966998000074 49.186841919000074)","Unfall 81237 (2021) Kat:3, Licht: 0","81237","3","6","2","08","14","5","","0","0","1","0","0"
"POINT (9.232042009000054 49.147811391000062)","Unfall 81553 (2021) Kat:3, Licht: 0","81553","3","3","5","07","05","4","","0","0","1","0","1"
"POINT (9.222484680000036 49.124032464000038)","Unfall 81683 (2021) Kat:3, Licht: 0","81683","3","3","5","08","13","3","","0","0","1","0","0"
"POINT (9.200498560000028 49.152452516000039)","Unfall 81742 (2021) Kat:3, Licht: 0","81742","3","3","5","10","17","1","","0","0","1","0","0"
"POINT (9.208346745000028 49.169341644000042)","Unfall 81834 (2021) Kat:3, Licht: 0","81834","3","6","2","09","07","2","","0","0","1","0","0"
"POINT (9.229793794000045 49.140549010000029)","Unfall 81904 (2021) Kat:3, Licht: 2","81904","3","2","5","10","00","1","","2","1","1","0","0"
"POINT (9.203715519000070 49.126554900000031)","Unfall 82007 (2021) Kat:3, Licht: 0","82007","3","6","2","09","12","6","","0","0","1","0","0"
"POINT (9.225219781000021 49.146086274000027)","Unfall 82049 (2021) Kat:3, Licht: 0","82049","3","6","2","09","14","5","","0","0","1","0","0"
"POINT (9.200730051000050 49.151995100000079)","Unfall 82077 (2021) Kat:3, Licht: 0","82077","3","6","2","10","08","3","","0","0","1","0","1"
"POINT (9.193293577000077 49.141250405000051)","Unfall 82178 (2021) Kat:2, Licht: 2","82178","2","3","5","10","20","7","","2","1","1","0","0"
"POINT (9.213117348000026 49.142645568000034)","Unfall 82180 (2021) Kat:2, Licht: 0","82180","2","1","0","09","15","6","","0","1","0","0","0"
"POINT (9.218555957000035 49.171353470000042)","Unfall 82205 (2021) Kat:3, Licht: 0","82205","3","6","3","09","08","2","","0","0","1","0","1"
"POINT (9.214020263000066 49.148443226000040)","Unfall 82217 (2021) Kat:3, Licht: 2","82217","3","1","9","09","01","4","","2","0","1","0","0"
"POINT (9.193028609000066 49.125667821000036)","Unfall 82290 (2021) Kat:3, Licht: 0","82290","3","6","2","09","08","4","","0","0","1","0","0"
"POINT (9.184699817000023 49.146019692000039)","Unfall 82451 (2021) Kat:3, Licht: 0","82451","3","3","5","10","13","6","","0","1","1","0","0"
"POINT (9.202398123000023 49.152080660000081)","Unfall 82548 (2021) Kat:3, Licht: 0","82548","3","6","2","09","17","6","","0","0","1","0","0"
"POINT (9.220883347000040 49.146291884000050)","Unfall 82556 (2021) Kat:3, Licht: 0","82556","3","6","3","09","17","3","","0","0","1","0","0"
"POINT (9.251258226000061 49.153302018000034)","Unfall 82642 (2021) Kat:3, Licht: 0","82642","3","7","0","09","17","6","","0","0","1","0","0"
"POINT (9.204312620000053 49.138167547000080)","Unfall 82682 (2021) Kat:2, Licht: 1","82682","2","2","5","09","20","4","","1","1","1","0","0"
"POINT (9.216475718000027 49.146645609000075)","Unfall 82694 (2021) Kat:3, Licht: 2","82694","3","7","9","09","20","1","","2","1","0","0","0"
"POINT (9.140407581000034 49.187046546000033)","Unfall 82721 (2021) Kat:3, Licht: 0","82721","3","6","2","09","13","6","","0","0","1","0","0"
"POINT (9.207655065000040 49.151416460000064)","Unfall 82764 (2021) Kat:3, Licht: 0","82764","3","6","2","10","13","2","","0","0","1","0","0"
"POINT (9.226392055000076 49.131214791000048)","Unfall 82869 (2021) Kat:2, Licht: 2","82869","2","3","4","09","20","1","","2","0","1","0","1"
"POINT (9.203966097000034 49.138207569000031)","Unfall 82919 (2021) Kat:3, Licht: 2","82919","3","3","5","10","22","4","","2","0","1","0","0"
"POINT (9.218859327000075 49.169635401000050)","Unfall 82982 (2021) Kat:3, Licht: 0","82982","3","6","2","10","17","4","","0","0","1","0","0"
"POINT (9.148409535000042 49.188020959000028)","Unfall 82987 (2021) Kat:3, Licht: 0","82987","3","6","3","09","11","7","","0","0","1","0","1"
"POINT (9.216332352000052 49.120918786000061)","Unfall 83047 (2021) Kat:3, Licht: 0","83047","3","6","2","09","07","3","","0","0","1","0","0"
"POINT (9.232706587000052 49.148098309000034)","Unfall 83091 (2021) Kat:3, Licht: 0","83091","3","2","4","10","07","4","","0","0","1","0","0"
"POINT (9.140603628000065 49.178701052000065)","Unfall 83175 (2021) Kat:3, Licht: 0","83175","3","1","8","09","17","6","","0","0","1","0","0"
"POINT (9.203581546000066 49.126513351000028)","Unfall 83229 (2021) Kat:3, Licht: 2","83229","3","7","6","09","21","5","","2","0","0","1","0"
"POINT (9.143567292000057 49.195652971000072)","Unfall 83283 (2021) Kat:3, Licht: 0","83283","3","3","5","09","07","2","","0","1","1","0","0"
"POINT (9.193208633000040 49.141198612000039)","Unfall 83335 (2021) Kat:3, Licht: 0","83335","3","3","5","09","18","1","","0","0","1","0","0"
"POINT (9.160623254000029 49.189756146000036)","Unfall 83343 (2021) Kat:3, Licht: 0","83343","3","6","2","09","18","6","","0","0","1","0","0"
"POINT (9.218192573000067 49.132287382000072)","Unfall 83446 (2021) Kat:3, Licht: 1","83446","3","1","0","09","20","6","","1","1","0","0","0"
"POINT (9.221029967000050 49.146366125000043)","Unfall 83451 (2021) Kat:2, Licht: 2","83451","2","3","5","09","04","7","","2","1","1","0","0"
"POINT (9.192573907000053 49.121086471000069)","Unfall 83482 (2021) Kat:3, Licht: 0","83482","3","1","0","09","15","7","","0","1","0","0","0"
"POINT (9.200013328000068 49.148823376000053)","Unfall 83514 (2021) Kat:3, Licht: 0","83514","3","6","2","09","11","2","","0","0","1","0","0"
"POINT (9.213615869000023 49.148375201000079)","Unfall 83610 (2021) Kat:3, Licht: 0","83610","3","6","1","09","16","5","","0","0","1","0","0"
"POINT (9.220462070000053 49.134037777000060)","Unfall 83758 (2021) Kat:3, Licht: 0","83758","3","6","2","10","13","2","","0","0","1","0","0"
"POINT (9.202187546000062 49.126048314000059)","Unfall 83761 (2021) Kat:3, Licht: 0","83761","3","2","5","09","07","3","","0","0","1","0","0"
"POINT (9.184738630000027 49.145980073000032)","Unfall 83768 (2021) Kat:2, Licht: 0","83768","2","4","6","09","13","6","","0","0","1","1","0"
"POINT (9.222192368000037 49.146293850000063)","Unfall 83832 (2021) Kat:3, Licht: 0","83832","3","3","6","09","12","5","","0","0","1","1","0"
"POINT (9.217646494000064 49.176173526000071)","Unfall 83914 (2021) Kat:3, Licht: 0","83914","3","6","2","09","11","4","","0","0","1","0","1"
"POINT (9.226390078000065 49.131212461000075)","Unfall 83944 (2021) Kat:2, Licht: 2","83944","2","2","4","10","19","7","","2","0","1","0","1"
"POINT (9.216977761000066 49.169299372000069)","Unfall 84011 (2021) Kat:3, Licht: 0","84011","3","6","2","09","15","3","","0","0","1","0","0"
"POINT (9.214073839000037 49.148201425000082)","Unfall 84046 (2021) Kat:3, Licht: 2","84046","3","1","0","09","23","3","","2","0","1","0","0"
"POINT (9.229762369000071 49.141287731000034)","Unfall 84086 (2021) Kat:2, Licht: 2","84086","2","3","5","09","01","1","","2","0","0","0","0"
"POINT (9.215383084000052 49.147042836000026)","Unfall 84243 (2021) Kat:3, Licht: 2","84243","3","6","1","10","19","6","","2","0","1","0","0"
"POINT (9.215569516000073 49.151131264000071)","Unfall 84273 (2021) Kat:3, Licht: 0","84273","3","3","5","10","17","4","","0","1","1","0","0"
"POINT (9.218967984000074 49.146271228000046)","Unfall 84331 (2021) Kat:3, Licht: 2","84331","3","6","2","11","19","5","","2","0","1","0","0"
"POINT (9.216331977000038 49.120916239000053)","Unfall 84352 (2021) Kat:3, Licht: 0","84352","3","3","5","10","11","6","","0","0","1","0","0"
"POINT (9.258847618000061 49.134756395000068)","Unfall 84423 (2021) Kat:3, Licht: 2","84423","3","1","9","10","02","7","","2","0","1","0","0"
"POINT (9.219538277000026 49.164252478000037)","Unfall 84435 (2021) Kat:3, Licht: 0","84435","3","6","1","10","14","5","","0","0","1","0","0"
"POINT (9.217155843000057 49.182675687000028)","Unfall 84460 (2021) Kat:3, Licht: 0","84460","3","1","8","10","15","6","","0","0","0","0","1"
"POINT (9.198559032000048 49.135162173000026)","Unfall 84608 (2021) Kat:3, Licht: 1","84608","3","6","2","11","16","3","","1","0","1","0","0"
"POINT (9.196749642000043 49.141840888000047)","Unfall 84676 (2021) Kat:2, Licht: 2","84676","2","2","6","10","05","4","","2","0","1","1","0"
"POINT (9.187595286000033 49.151521794000075)","Unfall 84695 (2021) Kat:3, Licht: 0","84695","3","3","5","10","15","4","","0","1","1","0","0"
"POINT (9.112021241000036 49.169485253000062)","Unfall 84716 (2021) Kat:2, Licht: 2","84716","2","1","8","10","19","3","","2","0","1","0","0"
"POINT (9.184697266000057 49.146022296000069)","Unfall 84816 (2021) Kat:3, Licht: 0","84816","3","3","0","10","12","2","","0","1","1","0","0"
"POINT (9.221392198000046 49.148487255000077)","Unfall 84820 (2021) Kat:3, Licht: 2","84820","3","7","0","10","22","5","","2","0","0","0","0"
"POINT (9.169016951000060 49.189018986000065)","Unfall 84826 (2021) Kat:3, Licht: 0","84826","3","1","2","10","09","7","","0","0","1","0","0"
"POINT (9.199475759000052 49.138178493000055)","Unfall 84937 (2021) Kat:3, Licht: 0","84937","3","6","2","10","12","7","","0","0","1","0","0"
"POINT (9.172626850000029 49.158411788000080)","Unfall 85007 (2021) Kat:3, Licht: 1","85007","3","3","5","10","07","6","","1","0","1","0","1"
"POINT (9.211231348000069 49.137348027000030)","Unfall 85037 (2021) Kat:3, Licht: 0","85037","3","6","2","10","17","3","","0","0","1","0","0"
"POINT (9.213847864000059 49.147894380000025)","Unfall 85067 (2021) Kat:3, Licht: 0","85067","3","6","3","10","13","5","","0","0","1","0","1"
"POINT (9.214564766000024 49.130261477000033)","Unfall 85091 (2021) Kat:3, Licht: 0","85091","3","3","5","10","14","6","","0","0","1","0","0"
"POINT (9.174822021000068 49.156506585000045)","Unfall 85136 (2021) Kat:2, Licht: 0","85136","2","2","5","10","12","4","","0","1","1","0","0"
"POINT (9.206734777000065 49.138532426000040)","Unfall 85225 (2021) Kat:3, Licht: 0","85225","3","6","2","10","16","6","","0","0","1","0","0"
"POINT (9.213147314000025 49.169755405000046)","Unfall 85372 (2021) Kat:3, Licht: 0","85372","3","6","2","10","16","3","","0","0","1","0","0"
"POINT (9.202284767000037 49.126081105000026)","Unfall 85434 (2021) Kat:3, Licht: 0","85434","3","6","2","10","16","4","","0","0","1","0","0"
"POINT (9.194013685000073 49.124197598000080)","Unfall 85494 (2021) Kat:3, Licht: 1","85494","3","7","0","11","06","2","","1","0","0","0","1"
"POINT (9.193958112000075 49.124150863000068)","Unfall 85519 (2021) Kat:3, Licht: 0","85519","3","6","2","11","12","3","","0","0","1","0","0"
"POINT (9.219489227000054 49.131995281000059)","Unfall 85620 (2021) Kat:3, Licht: 0","85620","3","1","0","11","11","2","","0","0","0","0","1"
"POINT (9.155324269000062 49.188064789000066)","Unfall 85654 (2021) Kat:3, Licht: 2","85654","3","6","3","12","19","5","","2","0","1","0","0"
"POINT (9.225406074000034 49.158037499000045)","Unfall 85661 (2021) Kat:3, Licht: 2","85661","3","6","2","11","18","5","","2","0","1","0","0"
"POINT (9.225460796000050 49.157876761000068)","Unfall 85665 (2021) Kat:3, Licht: 2","85665","3","2","5","12","21","6","","2","0","1","0","0"
"POINT (9.239975530000038 49.109050962000026)","Unfall 85683 (2021) Kat:3, Licht: 0","85683","3","6","4","12","09","5","","0","0","1","0","0"
"POINT (9.222320174000060 49.120967414000063)","Unfall 85726 (2021) Kat:3, Licht: 2","85726","3","2","5","12","06","3","","2","0","1","0","0"
"POINT (9.225673585000038 49.158486932000073)","Unfall 85850 (2021) Kat:2, Licht: 0","85850","2","1","8","11","13","2","","0","0","1","0","0"
"POINT (9.182255703000067 49.115321757000061)","Unfall 85885 (2021) Kat:3, Licht: 2","85885","3","6","2","11","17","4","","2","0","1","0","1"
"POINT (9.200114818000031 49.138298837000036)","Unfall 85893 (2021) Kat:2, Licht: 2","85893","2","1","9","11","22","7","","2","0","1","0","0"
"POINT (9.181295447000025 49.118159570000046)","Unfall 85902 (2021) Kat:3, Licht: 2","85902","3","3","5","12","20","4","","2","0","1","0","0"
"POINT (9.216426653000042 49.169382022000036)","Unfall 85909 (2021) Kat:3, Licht: 2","85909","3","6","2","11","17","6","","2","0","1","0","0"
"POINT (9.148373610000021 49.188019899000039)","Unfall 85916 (2021) Kat:3, Licht: 2","85916","3","1","2","11","06","4","","2","0","1","0","0"
"POINT (9.222321735000037 49.120991068000080)","Unfall 85992 (2021) Kat:3, Licht: 0","85992","3","3","5","12","09","7","","0","0","1","0","0"
"POINT (9.218887728000027 49.169472783000060)","Unfall 86126 (2021) Kat:3, Licht: 2","86126","3","2","3","11","16","3","","2","0","1","0","0"
"POINT (9.217887849000022 49.131817852000040)","Unfall 86194 (2021) Kat:3, Licht: 2","86194","3","7","0","11","05","2","","2","1","0","0","0"
"POINT (9.229805637000027 49.140640944000040)","Unfall 86218 (2021) Kat:3, Licht: 2","86218","3","6","2","12","18","1","","2","0","1","0","0"
"POINT (9.209131368000044 49.169388952000077)","Unfall 86286 (2021) Kat:3, Licht: 0","86286","3","6","2","11","18","5","","0","0","1","0","0"
"POINT (9.118282622000038 49.207810196000025)","Unfall 86330 (2021) Kat:3, Licht: 0","86330","3","1","9","11","13","1","","0","0","1","0","0"
"POINT (9.201602142000070 49.182639995000045)","Unfall 86335 (2021) Kat:3, Licht: 2","86335","3","3","5","12","23","5","","2","0","1","0","0"
"POINT (9.182475776000047 49.147729479000077)","Unfall 86535 (2021) Kat:3, Licht: 0","86535","3","4","6","12","08","2","","0","0","1","1","0"
"POINT (9.218569077000041 49.157071422000058)","Unfall 86544 (2021) Kat:3, Licht: 0","86544","3","7","0","11","10","4","","0","0","0","0","1"
"POINT (9.198167930000068 49.137282767000045)","Unfall 86589 (2021) Kat:2, Licht: 2","86589","2","1","0","11","01","2","","2","0","0","0","1"
"POINT (9.189823434000061 49.143063287000075)","Unfall 86607 (2021) Kat:2, Licht: 2","86607","2","4","6","11","17","1","","2","0","1","1","0"
"POINT (9.214576182000030 49.169709196000042)","Unfall 86633 (2021) Kat:3, Licht: 0","86633","3","2","4","11","13","4","","0","0","1","0","0"
"POINT (9.203808711000022 49.126584074000050)","Unfall 86872 (2021) Kat:3, Licht: 0","86872","3","6","2","12","15","2","","0","0","1","0","0"
"POINT (9.226864287000069 49.146063220000030)","Unfall 87030 (2021) Kat:3, Licht: 1","87030","3","2","5","11","07","2","","1","1","1","0","0"
"POINT (9.202291647000038 49.176382189000037)","Unfall 87089 (2021) Kat:3, Licht: 0","87089","3","6","1","12","09","4","","0","0","1","0","0"
"POINT (9.164488377000055 49.140090530000066)","Unfall 87262 (2021) Kat:3, Licht: 0","87262","3","6","2","11","15","5","","0","0","1","0","0"
"POINT (9.225415648000023 49.168114122000077)","Unfall 87741 (2021) Kat:3, Licht: 2","87741","3","2","5","12","22","7","","2","0","1","0","0"
"POINT (9.146137787000043 49.199850761000050)","Unfall 88418 (2021) Kat:3, Licht: 0","88418","3","2","4","12","13","2","","0","0","1","0","1"
"POINT (9.220727329000056 49.135179427000025)","Unfall 178863 (2021) Kat:3, Licht: 0","178863","3","3","6","02","12","4","","0","0","1","1","0"
"POINT (9.210710750000032 49.149506906000056)","Unfall 178918 (2021) Kat:2, Licht: 0","178918","2","1","0","01","08","4","","0","1","0","0","0"
"POINT (9.196785371000033 49.152307121000035)","Unfall 178965 (2021) Kat:3, Licht: 2","178965","3","6","2","01","18","3","","2","0","1","0","0"
"POINT (9.192255855000042 49.136759590000054)","Unfall 178988 (2021) Kat:3, Licht: 0","178988","3","6","2","01","14","1","","0","0","1","0","0"
"POINT (9.184149338000054 49.184606581000025)","Unfall 178990 (2021) Kat:3, Licht: 2","178990","3","2","5","01","05","5","","2","1","1","0","0"
"POINT (9.206854904000068 49.138031582000053)","Unfall 178994 (2021) Kat:3, Licht: 2","178994","3","7","0","01","23","5","","2","0","0","0","0"
"POINT (9.227591939000035 49.146680482000079)","Unfall 179269 (2021) Kat:3, Licht: 0","179269","3","4","6","01","15","6","","0","0","1","1","0"
"POINT (9.191928958000062 49.131665497000029)","Unfall 179552 (2021) Kat:2, Licht: 2","179552","2","4","6","01","18","5","","2","0","1","1","0"
"POINT (9.208568534000051 49.125711548000027)","Unfall 179684 (2021) Kat:3, Licht: 0","179684","3","3","5","02","08","6","","0","1","1","0","0"
"POINT (9.171826236000072 49.113924536000070)","Unfall 179739 (2021) Kat:2, Licht: 0","179739","2","4","6","03","09","4","","0","0","0","1","1"
"POINT (9.195964994000065 49.146873189000075)","Unfall 179744 (2021) Kat:3, Licht: 0","179744","3","3","6","03","12","4","","0","0","1","1","0"
"POINT (9.246071599000061 49.157132520000062)","Unfall 179754 (2021) Kat:3, Licht: 0","179754","3","1","8","03","14","3","","0","0","1","0","0"
"POINT (9.149542381000060 49.120421180000051)","Unfall 179768 (2021) Kat:3, Licht: 0","179768","3","6","1","03","11","6","","0","0","1","0","0"
"POINT (9.189443815000061 49.131840022000063)","Unfall 179769 (2021) Kat:3, Licht: 0","179769","3","7","1","03","13","2","","0","0","1","0","1"
"POINT (9.167992401000049 49.116146393000065)","Unfall 179884 (2021) Kat:3, Licht: 0","179884","3","4","6","03","12","3","","0","0","0","1","0"
"POINT (9.211540173000060 49.121475282000063)","Unfall 179893 (2021) Kat:3, Licht: 0","179893","3","2","2","02","14","5","","0","0","1","0","0"
"POINT (9.182512620000068 49.134716011000080)","Unfall 179966 (2021) Kat:3, Licht: 0","179966","3","1","1","03","16","1","","0","1","1","0","0"
"POINT (9.220813590000034 49.166184952000037)","Unfall 179996 (2021) Kat:2, Licht: 2","179996","2","6","6","02","22","4","","2","0","1","1","0"
"POINT (9.221970585000065 49.140913712000042)","Unfall 180055 (2021) Kat:2, Licht: 0","180055","2","6","6","03","13","2","","0","0","0","1","0"
"POINT (9.187037465000060 49.138203784000041)","Unfall 180069 (2021) Kat:3, Licht: 0","180069","3","3","5","02","13","2","","0","0","1","0","1"
"POINT (9.229031210000073 49.148992473000078)","Unfall 180199 (2021) Kat:3, Licht: 2","180199","3","1","8","03","05","1","","2","0","1","0","0"
"POINT (9.191662444000031 49.133866954000041)","Unfall 180302 (2021) Kat:3, Licht: 0","180302","3","3","5","03","13","6","","0","1","1","0","0"
"POINT (9.204076653000072 49.138558917000069)","Unfall 180354 (2021) Kat:2, Licht: 0","180354","2","2","5","03","14","4","","0","0","1","0","1"
"POINT (9.185884256000065 49.150248363000060)","Unfall 180419 (2021) Kat:3, Licht: 0","180419","3","7","6","02","10","7","","0","0","1","1","0"
"POINT (9.193671670000072 49.186019418000058)","Unfall 180424 (2021) Kat:3, Licht: 0","180424","3","3","4","02","11","3","","0","0","1","0","0"
"POINT (9.212312179000037 49.131844164000029)","Unfall 180452 (2021) Kat:3, Licht: 2","180452","3","7","0","03","23","3","","2","0","0","0","0"
"POINT (9.240545360000056 49.143551001000048)","Unfall 180523 (2021) Kat:2, Licht: 2","180523","2","1","0","03","22","6","","2","1","0","0","0"
"POINT (9.230363200000056 49.131774059000065)","Unfall 180529 (2021) Kat:3, Licht: 0","180529","3","4","6","03","12","3","","0","0","1","1","0"
"POINT (9.196957189000045 49.142371836000052)","Unfall 180622 (2021) Kat:3, Licht: 0","180622","3","3","0","03","10","3","","0","0","1","0","0"
"POINT (9.173083652000059 49.162605113000041)","Unfall 180745 (2021) Kat:2, Licht: 0","180745","2","6","1","04","17","1","","0","1","1","0","0"
"POINT (9.182463099000074 49.144407262000072)","Unfall 180756 (2021) Kat:2, Licht: 0","180756","2","1","3","04","16","5","","0","1","1","0","0"
"POINT (9.187204720000068 49.133720846000074)","Unfall 180761 (2021) Kat:2, Licht: 1","180761","2","7","0","03","20","2","","1","1","0","0","0"
"POINT (9.202885795000043 49.169299304000049)","Unfall 180772 (2021) Kat:3, Licht: 0","180772","3","6","2","04","19","7","","0","0","1","0","0"
"POINT (9.218970517000059 49.135629694000045)","Unfall 180814 (2021) Kat:3, Licht: 0","180814","3","7","0","04","09","2","","0","0","0","0","0"
"POINT (9.193957152000053 49.137983265000059)","Unfall 180830 (2021) Kat:3, Licht: 0","180830","3","7","6","04","15","7","","0","0","1","1","0"
"POINT (9.209516397000073 49.170890729000064)","Unfall 180899 (2021) Kat:3, Licht: 0","180899","3","3","1","04","07","6","","0","0","0","0","0"
"POINT (9.223157769000068 49.143152488000055)","Unfall 180985 (2021) Kat:3, Licht: 0","180985","3","7","0","04","11","2","","0","1","0","0","0"
"POINT (9.185062616000039 49.141060698000047)","Unfall 181020 (2021) Kat:2, Licht: 0","181020","2","7","5","04","17","3","","0","1","1","0","0"
"POINT (9.206114587000059 49.152779904000056)","Unfall 181230 (2021) Kat:3, Licht: 0","181230","3","7","1","04","14","3","","0","0","1","0","0"
"POINT (9.214565065000045 49.142662110000060)","Unfall 181244 (2021) Kat:3, Licht: 0","181244","3","3","5","05","13","2","","0","1","0","0","0"
"POINT (9.222836563000044 49.136390996000046)","Unfall 181319 (2021) Kat:2, Licht: 1","181319","2","3","5","05","06","3","","1","1","0","0","0"
"POINT (9.213192823000043 49.139559637000048)","Unfall 181328 (2021) Kat:3, Licht: 0","181328","3","7","0","05","18","1","","0","1","0","0","0"
"POINT (9.196946824000065 49.142373793000047)","Unfall 181330 (2021) Kat:3, Licht: 0","181330","3","3","5","04","19","3","","0","0","1","0","1"
"POINT (9.203293871000028 49.140935380000030)","Unfall 181376 (2021) Kat:3, Licht: 0","181376","3","3","5","04","09","1","","0","0","1","0","1"
"POINT (9.216549342000064 49.142994190000081)","Unfall 181473 (2021) Kat:2, Licht: 0","181473","2","7","0","04","12","7","","0","1","0","0","0"
"POINT (9.243729564000034 49.127240530000051)","Unfall 181606 (2021) Kat:3, Licht: 0","181606","3","1","1","04","19","1","","0","1","1","0","0"
"POINT (9.214624579000031 49.139782223000054)","Unfall 181666 (2021) Kat:3, Licht: 0","181666","3","3","5","05","16","2","","0","1","0","0","0"
"POINT (9.215139091000026 49.139745110000035)","Unfall 181782 (2021) Kat:3, Licht: 2","181782","3","7","0","06","21","5","","2","1","0","0","0"
"POINT (9.224862289000043 49.141011725000055)","Unfall 181804 (2021) Kat:3, Licht: 0","181804","3","2","4","05","18","2","","0","1","1","0","0"
"POINT (9.166134603000046 49.163674262000029)","Unfall 181840 (2021) Kat:3, Licht: 0","181840","3","7","5","05","17","2","","0","1","1","0","0"
"POINT (9.211078574000055 49.172171323000043)","Unfall 181842 (2021) Kat:3, Licht: 0","181842","3","7","1","05","16","3","","0","1","1","0","0"
"POINT (9.215702092000072 49.158973088000039)","Unfall 181895 (2021) Kat:3, Licht: 0","181895","3","7","0","05","11","5","","0","1","0","0","0"
"POINT (9.221936414000027 49.141129847000059)","Unfall 181919 (2021) Kat:3, Licht: 0","181919","3","6","1","05","17","2","","0","0","1","0","0"
"POINT (9.229500664000057 49.141276403000063)","Unfall 182156 (2021) Kat:3, Licht: 0","182156","3","6","1","06","08","3","","0","0","1","0","0"
"POINT (9.223374108000030 49.145696486000077)","Unfall 182158 (2021) Kat:3, Licht: 0","182158","3","3","5","06","18","5","","0","1","1","0","0"
"POINT (9.246710327000073 49.139044995000063)","Unfall 182256 (2021) Kat:3, Licht: 0","182256","3","3","5","06","15","2","","0","0","1","0","0"
"POINT (9.174730467000074 49.118480338000040)","Unfall 182302 (2021) Kat:3, Licht: 0","182302","3","7","0","05","16","5","","0","1","0","0","0"
"POINT (9.221192858000052 49.137000915000044)","Unfall 182326 (2021) Kat:3, Licht: 0","182326","3","6","1","06","13","4","","0","0","1","0","0"
"POINT (9.176427030000070 49.118157390000079)","Unfall 182330 (2021) Kat:3, Licht: 0","182330","3","6","2","05","15","3","","0","1","1","0","0"
"POINT (9.210136776000070 49.147500711000077)","Unfall 182395 (2021) Kat:3, Licht: 0","182395","3","1","6","05","19","5","","0","0","0","1","0"
"POINT (9.256916411000077 49.136069144000032)","Unfall 182519 (2021) Kat:3, Licht: 0","182519","3","6","4","05","15","4","","0","1","0","0","0"
"POINT (9.210160036000048 49.139987701000052)","Unfall 182529 (2021) Kat:3, Licht: 0","182529","3","3","5","05","10","1","","0","0","1","0","1"
"POINT (9.231135541000071 49.145888813000056)","Unfall 182542 (2021) Kat:3, Licht: 2","182542","3","7","0","05","23","2","","2","1","0","0","0"
"POINT (9.222179387000040 49.141726462000065)","Unfall 182612 (2021) Kat:3, Licht: 0","182612","3","5","1","06","17","5","","0","0","1","0","0"
"POINT (9.203061403000049 49.153843454000025)","Unfall 182653 (2021) Kat:1, Licht: 0","182653","1","3","5","05","14","3","","0","0","0","0","0"
"POINT (9.218944869000040 49.121037404000049)","Unfall 182972 (2021) Kat:3, Licht: 0","182972","3","5","3","06","16","3","","0","1","1","0","0"
"POINT (9.220957191000025 49.136108668000077)","Unfall 182980 (2021) Kat:3, Licht: 0","182980","3","7","0","06","13","7","","0","1","0","0","0"
"POINT (9.190934040000059 49.136572614000045)","Unfall 183045 (2021) Kat:3, Licht: 0","183045","3","4","6","06","11","7","","0","1","1","1","0"
"POINT (9.195329515000026 49.147515023000039)","Unfall 183067 (2021) Kat:3, Licht: 0","183067","3","6","3","06","13","3","","0","0","0","0","0"
"POINT (9.202883980000024 49.169314048000047)","Unfall 183128 (2021) Kat:3, Licht: 0","183128","3","3","5","06","16","6","","0","0","1","0","0"
"POINT (9.207981268000026 49.125793770000030)","Unfall 183450 (2021) Kat:3, Licht: 0","183450","3","1","0","06","13","1","","0","0","0","0","0"
"POINT (9.211376250000058 49.129843745000073)","Unfall 183478 (2021) Kat:3, Licht: 0","183478","3","3","5","06","08","2","","0","1","1","0","0"
"POINT (9.237363547000029 49.140118283000049)","Unfall 183481 (2021) Kat:2, Licht: 2","183481","2","7","0","06","00","7","","2","0","0","0","1"
"POINT (9.206548378000036 49.121786175000068)","Unfall 183483 (2021) Kat:3, Licht: 0","183483","3","2","5","06","12","5","","0","1","1","0","0"
"POINT (9.175447644000030 49.116754647000050)","Unfall 183525 (2021) Kat:3, Licht: 0","183525","3","3","5","06","09","2","","0","1","1","0","0"
"POINT (9.218955800000060 49.135565763000045)","Unfall 183603 (2021) Kat:3, Licht: 0","183603","3","6","3","06","18","3","","0","0","1","0","1"
"POINT (9.226663010000038 49.133816496000065)","Unfall 183639 (2021) Kat:3, Licht: 0","183639","3","5","1","06","07","6","","0","1","1","0","0"
"POINT (9.187461652000025 49.131758046000073)","Unfall 183713 (2021) Kat:3, Licht: 0","183713","3","7","0","06","13","4","","0","0","0","0","0"