WKT,Name,OBJECTID,UKATEGORIE,UTYP1,UART,UMONAT,USTUNDE,UWOCHENTAG,STRZUSTAND,ULICHTVERH,ISTRAD,ISTPKW,ISTFUSS,ISTKRAD
"POINT (9.256522699000072 49.131717809000065)","Unfall 183753 (2021) Kat:3, Licht: 0","183753","3","6","2","06","14","4","","0","1","0","0","0"
"POINT (9.220234440000070 49.152180132000069)","Unfall 183829 (2021) Kat:3, Licht: 0","183829","3","3","5","07","17","3","","0","1","0","0","0"
"POINT (9.225188042000070 49.141443754000079)","Unfall 183875 (2021) Kat:3, Licht: 0","183875","3","1","0","07","15","7","","0","1","0","0","0"
"POINT (9.193138557000054 49.120026953000036)","Unfall 183924 (2021) Kat:3, Licht: 0","183924","3","7","1","07","09","6","","0","0","1","0","0"
"POINT (9.203374411000027 49.140808821000064)","Unfall 183977 (2021) Kat:3, Licht: 0","183977","3","6","2","07","16","7","","0","0","1","0","1"
"POINT (9.197487219000038 49.167710780000050)","Unfall 184016 (2021) Kat:3, Licht: 0","184016","3","6","1","07","12","6","","0","0","1","0","0"
"POINT (9.231512388000056 49.139988898000070)","Unfall 184031 (2021) Kat:3, Licht: 0","184031","3","7","0","07","19","1","","0","1","0","0","0"
"POINT (9.197184857000025 49.144431131000033)","Unfall 184044 (2021) Kat:3, Licht: 0","184044","3","7","0","07","15","4","","0","0","1","0","0"
"POINT (9.222186738000062 49.149830892000068)","Unfall 184263 (2021) Kat:3, Licht: 0","184263","3","3","5","07","14","7","","0","0","1","0","0"
"POINT (9.221086711000055 49.138865351000049)","Unfall 184269 (2021) Kat:3, Licht: 2","184269","3","6","1","07","21","7","","2","0","1","0","0"
"POINT (9.218070205000060 49.142097069000044)","Unfall 184293 (2021) Kat:3, Licht: 0","184293","3","7","0","07","14","1","","0","0","0","0","1"
"POINT (9.218952804000025 49.135552749000055)","Unfall 184312 (2021) Kat:3, Licht: 0","184312","3","7","6","07","10","5","","0","0","0","1","0"
"POINT (9.191782204000049 49.134984288000055)","Unfall 184374 (2021) Kat:3, Licht: 0","184374","3","3","5","07","19","2","","0","1","0","0","0"
"POINT (9.229405424000049 49.133074396000040)","Unfall 184377 (2021) Kat:3, Licht: 0","184377","3","4","6","07","08","3","","0","0","1","1","0"
"POINT (9.206385189000059 49.119853020000050)","Unfall 184381 (2021) Kat:3, Licht: 0","184381","3","3","5","07","08","4","","0","1","1","0","0"
"POINT (9.231967844000053 49.145073348000039)","Unfall 184651 (2021) Kat:3, Licht: 0","184651","3","3","5","07","16","1","","0","0","1","0","0"
"POINT (9.228135558000076 49.140941552000072)","Unfall 184817 (2021) Kat:2, Licht: 0","184817","2","7","0","07","14","6","","0","1","0","0","0"
"POINT (9.223584677000076 49.147279920000074)","Unfall 184863 (2021) Kat:3, Licht: 2","184863","3","3","5","08","00","7","","2","0","1","0","0"
"POINT (9.228457038000045 49.142739704000064)","Unfall 184878 (2021) Kat:3, Licht: 0","184878","3","4","6","07","12","5","","0","0","1","1","0"
"POINT (9.220923411000058 49.141724290000070)","Unfall 184916 (2021) Kat:3, Licht: 0","184916","3","7","6","08","14","4","","0","1","0","1","0"
"POINT (9.197771041000067 49.146039855000026)","Unfall 184965 (2021) Kat:3, Licht: 0","184965","3","3","5","07","06","6","","0","0","1","0","0"
"POINT (9.221194994000030 49.137498059000052)","Unfall 185055 (2021) Kat:3, Licht: 2","185055","3","3","5","08","23","1","","2","0","1","0","0"
"POINT (9.218836456000076 49.134949181000081)","Unfall 185091 (2021) Kat:3, Licht: 2","185091","3","2","5","07","22","3","","2","0","0","0","0"
"POINT (9.141858305000028 49.193714504000070)","Unfall 185143 (2021) Kat:3, Licht: 0","185143","3","1","0","08","08","6","","0","1","0","0","0"
"POINT (9.192096506000041 49.139285050000069)","Unfall 185268 (2021) Kat:3, Licht: 2","185268","3","5","1","07","00","7","","2","1","1","0","0"
"POINT (9.196816410000054 49.151497960000029)","Unfall 185331 (2021) Kat:3, Licht: 0","185331","3","3","5","07","11","2","","0","0","1","0","0"
"POINT (9.234264787000029 49.144901796000056)","Unfall 185425 (2021) Kat:3, Licht: 0","185425","3","3","5","08","15","7","","0","0","1","0","0"
"POINT (9.197876421000046 49.160481112000070)","Unfall 185512 (2021) Kat:3, Licht: 2","185512","3","1","9","07","23","3","","2","0","1","0","0"
"POINT (9.196669277000069 49.149172167000074)","Unfall 185533 (2021) Kat:3, Licht: 0","185533","3","2","5","07","13","2","","0","0","1","0","0"
"POINT (9.210192450000022 49.116820576000066)","Unfall 185539 (2021) Kat:3, Licht: 0","185539","3","1","0","07","19","6","","0","1","0","0","0"
"POINT (9.172978975000035 49.118300917000056)","Unfall 185588 (2021) Kat:3, Licht: 0","185588","3","5","1","08","12","5","","0","1","1","0","0"
"POINT (9.190145960000052 49.118486994000079)","Unfall 185680 (2021) Kat:3, Licht: 2","185680","3","7","0","08","21","3","","2","1","0","0","0"
"POINT (9.222599322000065 49.130966753000052)","Unfall 185756 (2021) Kat:3, Licht: 0","185756","3","3","0","08","15","5","","0","0","1","0","0"
"POINT (9.187462358000062 49.137859909000042)","Unfall 185901 (2021) Kat:3, Licht: 0","185901","3","6","2","09","14","4","","0","0","1","0","0"
"POINT (9.213742716000070 49.130503089000058)","Unfall 185913 (2021) Kat:3, Licht: 0","185913","3","6","4","08","18","3","","0","1","1","0","0"
"POINT (9.193191405000050 49.140343989000030)","Unfall 185927 (2021) Kat:3, Licht: 0","185927","3","1","8","09","17","5","","0","0","0","0","1"
"POINT (9.196820306000063 49.151085727000066)","Unfall 186015 (2021) Kat:3, Licht: 0","186015","3","6","2","09","17","7","","0","0","1","0","0"
"POINT (9.208141713000032 49.125693431000059)","Unfall 186063 (2021) Kat:3, Licht: 0","186063","3","3","5","09","17","4","","0","0","1","0","0"
"POINT (9.191496784000037 49.142382580000060)","Unfall 186072 (2021) Kat:3, Licht: 2","186072","3","4","6","08","22","5","","2","0","1","1","0"
"POINT (9.206464514000061 49.121848817000057)","Unfall 186193 (2021) Kat:3, Licht: 0","186193","3","7","0","08","16","3","","0","0","1","0","1"
"POINT (9.207945559000052 49.137160044000041)","Unfall 186237 (2021) Kat:3, Licht: 0","186237","3","3","6","09","12","5","","0","0","1","1","0"
"POINT (9.207001477000063 49.132296092000047)","Unfall 186240 (2021) Kat:3, Licht: 0","186240","3","7","6","09","15","4","","0","0","0","1","0"
"POINT (9.206941101000041 49.157298609000065)","Unfall 186331 (2021) Kat:3, Licht: 0","186331","3","6","2","09","15","5","","0","0","1","0","0"
"POINT (9.185870019000049 49.149892353000041)","Unfall 186344 (2021) Kat:3, Licht: 2","186344","3","5","1","08","02","7","","2","0","1","0","0"
"POINT (9.230380898000021 49.149987870000075)","Unfall 186391 (2021) Kat:3, Licht: 0","186391","3","2","5","09","07","4","","0","1","1","0","0"
"POINT (9.223471748000065 49.146127756000055)","Unfall 186556 (2021) Kat:3, Licht: 0","186556","3","1","0","08","14","7","","0","0","0","0","1"
"POINT (9.194167545000028 49.129555178000032)","Unfall 186612 (2021) Kat:3, Licht: 0","186612","3","6","4","08","19","5","","0","0","1","0","0"
"POINT (9.221605723000039 49.141627939000045)","Unfall 186619 (2021) Kat:3, Licht: 0","186619","3","6","6","09","13","5","","0","1","0","1","0"
"POINT (9.226091025000073 49.142269596000062)","Unfall 186702 (2021) Kat:3, Licht: 0","186702","3","3","5","08","17","6","","0","1","1","0","0"
"POINT (9.239215717000036 49.140163368000060)","Unfall 186801 (2021) Kat:2, Licht: 0","186801","2","3","6","09","16","2","","0","0","0","1","0"
"POINT (9.211172715000032 49.129240263000042)","Unfall 186808 (2021) Kat:3, Licht: 0","186808","3","1","7","08","15","4","","0","1","0","0","0"
"POINT (9.214261138000040 49.139891183000032)","Unfall 186856 (2021) Kat:3, Licht: 0","186856","3","7","0","08","09","7","","0","1","0","0","0"
"POINT (9.219713439000031 49.124008097000058)","Unfall 186882 (2021) Kat:3, Licht: 0","186882","3","3","5","09","08","4","","0","1","1","0","0"
"POINT (9.203259005000064 49.124297683000066)","Unfall 186899 (2021) Kat:3, Licht: 0","186899","3","5","1","09","07","3","","0","0","1","0","1"
"POINT (9.227720372000022 49.147000623000054)","Unfall 186916 (2021) Kat:3, Licht: 2","186916","3","3","2","10","22","5","","2","0","1","0","1"
"POINT (9.173819313000024 49.160105669000075)","Unfall 186935 (2021) Kat:3, Licht: 0","186935","3","4","6","09","16","5","","0","0","1","1","0"
"POINT (9.222190077000050 49.143232486000045)","Unfall 187006 (2021) Kat:3, Licht: 0","187006","3","6","1","10","10","6","","0","1","1","0","0"
"POINT (9.220082456000057 49.147445242000060)","Unfall 187171 (2021) Kat:2, Licht: 0","187171","2","7","0","10","13","4","","0","1","0","0","0"
"POINT (9.216330926000069 49.152284063000081)","Unfall 187239 (2021) Kat:3, Licht: 2","187239","3","3","5","09","22","4","","2","0","1","0","0"
"POINT (9.218876354000031 49.135157061000029)","Unfall 187245 (2021) Kat:3, Licht: 0","187245","3","6","0","10","12","6","","0","0","1","0","0"
"POINT (9.148207111000033 49.178843907000044)","Unfall 187274 (2021) Kat:2, Licht: 0","187274","2","6","2","10","14","2","","0","1","1","0","0"
"POINT (9.196922607000033 49.150929998000038)","Unfall 187350 (2021) Kat:3, Licht: 0","187350","3","6","2","09","15","5","","0","0","1","0","0"
"POINT (9.242191456000057 49.132932521000043)","Unfall 187351 (2021) Kat:3, Licht: 2","187351","3","5","1","10","20","5","","2","0","1","0","0"
"POINT (9.219007037000040 49.135788337000065)","Unfall 187373 (2021) Kat:3, Licht: 0","187373","3","6","0","09","10","6","","0","1","0","0","0"
"POINT (9.219153235000022 49.121267622000062)","Unfall 187377 (2021) Kat:3, Licht: 0","187377","3","4","6","10","14","7","","0","0","1","1","0"
"POINT (9.222459177000076 49.142162703000054)","Unfall 187525 (2021) Kat:3, Licht: 2","187525","3","7","0","09","00","7","","2","1","0","0","0"
"POINT (9.206607203000033 49.121550228000046)","Unfall 187527 (2021) Kat:3, Licht: 0","187527","3","7","0","09","16","2","","0","0","0","0","0"
"POINT (9.239269960000058 49.140298133000044)","Unfall 187528 (2021) Kat:3, Licht: 0","187528","3","3","5","10","15","5","","0","1","0","0","0"
"POINT (9.190862001000028 49.119095931000061)","Unfall 187548 (2021) Kat:3, Licht: 0","187548","3","7","0","09","10","5","","0","1","0","0","0"
"POINT (9.222731171000021 49.143823941000051)","Unfall 187679 (2021) Kat:3, Licht: 0","187679","3","2","3","09","09","3","","0","0","1","0","0"
"POINT (9.216255734000072 49.152304780000065)","Unfall 187778 (2021) Kat:3, Licht: 0","187778","3","2","5","10","12","7","","0","1","1","0","0"
"POINT (9.216112326000029 49.139945708000027)","Unfall 187940 (2021) Kat:3, Licht: 2","187940","3","1","0","10","21","5","","2","1","0","0","0"
"POINT (9.214927141000032 49.140133374000072)","Unfall 188016 (2021) Kat:3, Licht: 0","188016","3","6","0","10","16","1","","0","1","1","0","0"
"POINT (9.231638292000071 49.141201932000058)","Unfall 188142 (2021) Kat:3, Licht: 0","188142","3","2","3","10","16","3","","0","0","1","0","0"
"POINT (9.233996904000037 49.139849198000036)","Unfall 188198 (2021) Kat:3, Licht: 0","188198","3","3","5","11","07","3","","0","1","1","0","0"
"POINT (9.218596954000077 49.145857930000034)","Unfall 188343 (2021) Kat:3, Licht: 0","188343","3","7","6","10","10","3","","0","0","1","1","0"
"POINT (9.220940353000060 49.138504844000067)","Unfall 188345 (2021) Kat:3, Licht: 2","188345","3","5","1","10","00","1","","2","0","1","1","0"
"POINT (9.196938951000050 49.152047603000028)","Unfall 188393 (2021) Kat:3, Licht: 0","188393","3","6","2","10","16","3","","0","0","1","0","0"
"POINT (9.190466033000064 49.142504817000031)","Unfall 188598 (2021) Kat:3, Licht: 0","188598","3","5","1","10","12","6","","0","1","1","0","0"
"POINT (9.222397541000021 49.142508830000054)","Unfall 188689 (2021) Kat:3, Licht: 1","188689","3","6","2","10","07","2","","1","0","1","0","0"
"POINT (9.170665942000028 49.182664055000032)","Unfall 188772 (2021) Kat:3, Licht: 0","188772","3","2","3","10","16","5","","0","0","1","0","1"
"POINT (9.222297095000044 49.142132578000030)","Unfall 188776 (2021) Kat:3, Licht: 0","188776","3","6","0","11","16","6","","0","0","0","0","0"
"POINT (9.182092468000064 49.183295567000073)","Unfall 188796 (2021) Kat:3, Licht: 2","188796","3","3","5","11","22","4","","2","0","1","0","1"
"POINT (9.233287958000062 49.152751764000072)","Unfall 188809 (2021) Kat:3, Licht: 0","188809","3","3","5","10","17","4","","0","0","1","0","0"
"POINT (9.221422895000046 49.148402854000039)","Unfall 188816 (2021) Kat:3, Licht: 2","188816","3","7","0","10","01","7","","2","1","0","0","0"
"POINT (9.218555190000075 49.146211236000056)","Unfall 188933 (2021) Kat:3, Licht: 0","188933","3","6","2","11","11","3","","0","0","1","0","0"
"POINT (9.198830699000041 49.149870918000033)","Unfall 189123 (2021) Kat:3, Licht: 2","189123","3","4","6","11","18","3","","2","0","1","1","0"
"POINT (9.194472152000060 49.156094884000026)","Unfall 189162 (2021) Kat:3, Licht: 2","189162","3","2","4","12","07","5","","2","0","1","0","0"
"POINT (9.224664951000022 49.128736476000029)","Unfall 189271 (2021) Kat:3, Licht: 0","189271","3","6","2","11","14","4","","0","0","1","0","0"
"POINT (9.191362789000038 49.140051156000027)","Unfall 189317 (2021) Kat:3, Licht: 2","189317","3","1","0","12","05","6","","2","1","0","0","0"
"POINT (9.216577836000056 49.168460277000065)","Unfall 189377 (2021) Kat:2, Licht: 0","189377","2","4","6","12","13","4","","0","0","1","1","0"
"POINT (9.228462418000049 49.133434659000045)","Unfall 189478 (2021) Kat:3, Licht: 1","189478","3","1","0","12","08","6","","1","1","0","0","0"
"POINT (9.230430108000064 49.149963524000043)","Unfall 189565 (2021) Kat:3, Licht: 2","189565","3","3","5","11","17","6","","2","1","1","0","0"
"POINT (9.207885767000050 49.160521274000075)","Unfall 189580 (2021) Kat:3, Licht: 2","189580","3","3","5","11","01","7","","2","0","1","0","0"
"POINT (9.218865895000022 49.135102569000026)","Unfall 189606 (2021) Kat:2, Licht: 1","189606","2","6","1","11","16","4","","1","0","1","0","1"
"POINT (9.224503298000059 49.140190309000047)","Unfall 189617 (2021) Kat:3, Licht: 0","189617","3","4","0","12","11","3","","0","0","1","1","0"
"POINT (9.230438395000022 49.150043412000059)","Unfall 189634 (2021) Kat:3, Licht: 2","189634","3","2","4","12","07","6","","2","1","1","0","0"
"POINT (9.222861329000068 49.136322369000027)","Unfall 189645 (2021) Kat:3, Licht: 0","189645","3","3","5","12","13","5","","0","1","1","0","0"
"POINT (9.236759860000063 49.148277237000059)","Unfall 189689 (2021) Kat:3, Licht: 0","189689","3","6","2","12","08","4","","0","0","1","0","0"
"POINT (9.209066786000051 49.164898010000059)","Unfall 189743 (2021) Kat:3, Licht: 2","189743","3","1","4","11","22","7","","2","0","1","0","0"
"POINT (9.214438471000051 49.152773088000060)","Unfall 189750 (2021) Kat:3, Licht: 0","189750","3","3","5","11","12","4","","0","1","1","0","0"
"POINT (9.192684517000032 49.132682066000029)","Unfall 189825 (2021) Kat:3, Licht: 2","189825","3","7","0","11","23","5","","2","0","0","0","0"
"POINT (9.188577104000046 49.128024074000052)","Unfall 189846 (2021) Kat:3, Licht: 2","189846","3","1","0","12","07","6","","2","1","0","0","0"
"POINT (9.219006016000037 49.135783899000046)","Unfall 189895 (2021) Kat:3, Licht: 0","189895","3","6","2","12","15","3","","0","0","1","0","0"
"POINT (9.219292743000040 49.144868479000081)","Unfall 189933 (2021) Kat:3, Licht: 1","189933","3","2","4","12","16","2","","1","0","1","0","0"
"POINT (9.214838664000069 49.121386635000079)","Unfall 189964 (2021) Kat:3, Licht: 0","189964","3","3","5","11","15","4","","0","1","1","0","0"
"POINT (9.246720593000020 49.140605073000074)","Unfall 189975 (2021) Kat:2, Licht: 1","189975","2","3","5","12","07","6","","1","1","0","0","0"
"POINT (9.196710202000077 49.153074970000034)","Unfall 189989 (2021) Kat:3, Licht: 2","189989","3","6","2","12","17","1","","2","0","1","0","0"
"POINT (9.219114220000051 49.141980758000045)","Unfall 190049 (2021) Kat:3, Licht: 0","190049","3","1","0","12","14","6","","0","1","0","0","0"
"POINT (9.208167216000049 49.125749440000050)","Unfall 190222 (2021) Kat:2, Licht: 0","190222","2","3","5","12","12","6","","0","1","1","0","0"
"POINT (9.235610579000024 49.143355876000044)","Unfall 190444 (2021) Kat:3, Licht: 2","190444","3","3","5","12","21","5","","2","0","1","0","0"
"POINT (9.220892942000035 49.139883271000031)","Unfall 190640 (2021) Kat:3, Licht: 0","190640","3","2","6","12","15","5","","0","0","1","1","0"
"POINT (9.221987602000070 49.150981576000049)","Unfall 190678 (2021) Kat:3, Licht: 0","190678","3","7","6","12","15","7","","0","0","1","1","0"
"POINT (9.206013648000066 49.132999363000067)","Unfall 235606 (2021) Kat:3, Licht: 0","235606","3","6","0","01","14","6","","0","1","0","0","0"
"POINT (9.197520250000025 49.113292314000034)","Unfall 235642 (2021) Kat:3, Licht: 0","235642","3","7","0","02","17","3","","0","1","0","0","0"
"POINT (9.211877665000031 49.142838071000028)","Unfall 235649 (2021) Kat:3, Licht: 1","235649","3","3","5","02","18","4","","1","1","1","0","0"
"POINT (9.204959389000066 49.168322728000078)","Unfall 235677 (2021) Kat:3, Licht: 2","235677","3","7","0","03","18","4","","2","1","0","1","0"
"POINT (9.174534107000056 49.160584014000051)","Unfall 235698 (2021) Kat:2, Licht: 0","235698","2","7","0","03","17","1","","0","1","0","0","0"
"POINT (9.226569936000033 49.111707240000044)","Unfall 235764 (2021) Kat:2, Licht: 1","235764","2","7","0","04","20","3","","1","1","0","0","0"
"POINT (9.248191318000067 49.139234634000047)","Unfall 235794 (2021) Kat:3, Licht: 0","235794","3","1","0","04","16","1","","0","1","0","0","0"
"POINT (9.221410887000047 49.139968752000073)","Unfall 235894 (2021) Kat:3, Licht: 0","235894","3","7","6","05","12","5","","0","1","0","1","0"
"POINT (9.251101463000055 49.152739099000030)","Unfall 235898 (2021) Kat:2, Licht: 0","235898","2","1","0","05","14","7","","0","1","1","0","0"
"POINT (9.206772119000050 49.182390010000063)","Unfall 235991 (2021) Kat:2, Licht: 0","235991","2","3","5","06","12","6","","0","1","0","0","0"
"POINT (9.167325186000028 49.100237577000030)","Unfall 236137 (2021) Kat:2, Licht: 0","236137","2","3","5","07","10","3","","0","1","1","0","0"
"POINT (9.221933626000066 49.131530934000068)","Unfall 236142 (2021) Kat:3, Licht: 0","236142","3","1","0","07","07","4","","0","1","0","0","0"
"POINT (9.221843328000034 49.131526446000066)","Unfall 236247 (2021) Kat:3, Licht: 2","236247","3","7","0","07","21","3","","2","1","0","0","0"
"POINT (9.245843080000043 49.121725141000070)","Unfall 236276 (2021) Kat:3, Licht: 0","236276","3","1","0","08","19","4","","0","1","0","0","0"
"POINT (9.249267009000050 49.151063594000050)","Unfall 236277 (2021) Kat:3, Licht: 0","236277","3","1","0","08","11","4","","0","1","0","0","0"
"POINT (9.160133702000053 49.118312533000051)","Unfall 236290 (2021) Kat:3, Licht: 0","236290","3","1","0","08","16","7","","0","1","0","0","0"
"POINT (9.168246557000032 49.121208543000080)","Unfall 236305 (2021) Kat:3, Licht: 0","236305","3","6","2","08","10","3","","0","1","1","0","0"
"POINT (9.204834397000070 49.168986260000054)","Unfall 236313 (2021) Kat:2, Licht: 0","236313","2","6","6","08","20","4","","0","1","0","1","0"
"POINT (9.248665962000075 49.125598246000038)","Unfall 236364 (2021) Kat:3, Licht: 0","236364","3","1","0","08","16","5","","0","1","0","0","0"
"POINT (9.228365170000075 49.142407347000074)","Unfall 236494 (2021) Kat:3, Licht: 0","236494","3","6","6","09","07","6","","0","1","0","1","0"
"POINT (9.155939880000062 49.171209855000029)","Unfall 236499 (2021) Kat:2, Licht: 0","236499","2","7","0","09","16","7","","0","1","0","0","0"
"POINT (9.261297347000038 49.146208468000054)","Unfall 236503 (2021) Kat:2, Licht: 0","236503","2","7","0","09","13","1","","0","1","0","0","0"
"POINT (9.208591624000064 49.142718634000062)","Unfall 236547 (2021) Kat:2, Licht: 2","236547","2","7","0","09","00","1","","2","1","0","0","0"
"POINT (9.164108305000070 49.117588120000050)","Unfall 236597 (2021) Kat:3, Licht: 0","236597","3","2","2","10","15","7","","0","1","0","0","0"
"POINT (9.225731875000060 49.130400795000099)","Unfall 78303 (2022) Kat:2, Licht: 2","78303","2","4","6","01","18","1","","2","0","1","1","0"
"POINT (9.153317364000030 49.117915895000102)","Unfall 78321 (2022) Kat:3, Licht: 0","78321","3","6","2","01","13","3","","0","0","1","0","0"
"POINT (9.229941017000041 49.142588254000003)","Unfall 78351 (2022) Kat:3, Licht: 2","78351","3","3","5","01","18","5","","2","1","1","0","0"
"POINT (9.204512379000050 49.161522511999998)","Unfall 78481 (2022) Kat:3, Licht: 2","78481","3","7","4","01","19","4","","2","0","1","0","0"
"POINT (9.214076468000030 49.135993565000000)","Unfall 78584 (2022) Kat:3, Licht: 0","78584","3","6","2","01","15","5","","0","0","1","0","0"
"POINT (9.211642629000041 49.150846600000101)","Unfall 78749 (2022) Kat:3, Licht: 0","78749","3","3","5","01","13","5","","0","0","1","0","0"
"POINT (9.200013305000031 49.125295821000101)","Unfall 79057 (2022) Kat:3, Licht: 2","79057","3","1","2","01","07","2","","2","0","1","0","0"
"POINT (9.230276206000040 49.145703852000103)","Unfall 79105 (2022) Kat:2, Licht: 0","79105","2","6","1","01","15","4","","0","0","1","0","0"
"POINT (9.132668139000030 49.179785202000097)","Unfall 79108 (2022) Kat:3, Licht: 2","79108","3","2","5","01","21","4","","2","0","1","0","0"
"POINT (9.145302120000050 49.176658080000003)","Unfall 79183 (2022) Kat:3, Licht: 2","79183","3","2","4","01","05","2","","2","0","1","0","0"
"POINT (9.204174514000041 49.151935686000101)","Unfall 79274 (2022) Kat:3, Licht: 0","79274","3","6","2","01","14","7","","0","0","1","0","0"
"POINT (9.221722573000021 49.146240013000103)","Unfall 79444 (2022) Kat:3, Licht: 0","79444","3","4","6","02","11","7","","0","0","1","1","0"
"POINT (9.203894189000041 49.126615421000103)","Unfall 79524 (2022) Kat:3, Licht: 0","79524","3","7","1","01","11","4","","0","0","1","0","0"
"POINT (9.172488959000081 49.158507596000000)","Unfall 79572 (2022) Kat:3, Licht: 1","79572","3","6","2","02","16","3","","1","1","1","0","0"
"POINT (9.220258150000060 49.133091267000097)","Unfall 79656 (2022) Kat:2, Licht: 2","79656","2","2","6","01","19","2","","2","0","1","1","0"
"POINT (9.189833284000031 49.127256557000102)","Unfall 79774 (2022) Kat:2, Licht: 0","79774","2","7","0","02","09","2","","0","0","0","0","1"
"POINT (9.229793438000060 49.140546241999999)","Unfall 79823 (2022) Kat:3, Licht: 1","79823","3","3","5","02","07","3","","1","1","1","0","0"
"POINT (9.172789263000031 49.161204267000102)","Unfall 79832 (2022) Kat:3, Licht: 2","79832","3","3","5","01","17","2","","2","1","1","0","0"
"POINT (9.204756615000059 49.169058442000100)","Unfall 79847 (2022) Kat:3, Licht: 0","79847","3","3","5","02","15","3","","0","1","1","0","0"
"POINT (9.217843700000060 49.175147785000000)","Unfall 79882 (2022) Kat:3, Licht: 2","79882","3","7","7","02","05","3","","2","1","0","0","0"
"POINT (9.200062842000021 49.141952431999997)","Unfall 80024 (2022) Kat:3, Licht: 0","80024","3","6","1","02","11","3","","0","0","1","0","0"
"POINT (9.186055589000031 49.141051843000099)","Unfall 80029 (2022) Kat:2, Licht: 0","80029","2","7","9","02","12","2","","0","0","1","0","0"
"POINT (9.219327047000039 49.159309518999997)","Unfall 80044 (2022) Kat:3, Licht: 2","80044","3","3","5","02","21","7","","2","0","1","0","0"
"POINT (9.201601758000040 49.182648469000100)","Unfall 80097 (2022) Kat:2, Licht: 0","80097","2","2","5","02","15","2","","0","0","1","0","0"
"POINT (9.197568033000040 49.186542766000102)","Unfall 80139 (2022) Kat:3, Licht: 2","80139","3","6","2","02","19","6","","2","0","1","0","0"
"POINT (9.222298820000050 49.120533133999999)","Unfall 80144 (2022) Kat:3, Licht: 0","80144","3","6","2","02","07","4","","0","0","1","0","0"
"POINT (9.202285324000060 49.176401133000098)","Unfall 80260 (2022) Kat:3, Licht: 0","80260","3","6","1","02","09","2","","0","0","1","0","0"
"POINT (9.209280202000061 49.151252328000098)","Unfall 80322 (2022) Kat:3, Licht: 0","80322","3","6","3","02","12","2","","0","0","1","0","0"
"POINT (9.214048438000081 49.148604472999999)","Unfall 80323 (2022) Kat:2, Licht: 2","80323","2","1","9","02","01","1","","2","0","1","0","0"
"POINT (9.225628934000040 49.167352859000097)","Unfall 80361 (2022) Kat:3, Licht: 0","80361","3","1","3","02","08","3","","0","0","1","0","0"
"POINT (9.195886528000070 49.186908068000001)","Unfall 80450 (2022) Kat:3, Licht: 2","80450","3","6","3","02","21","5","","2","0","1","0","0"
"POINT (9.219001629000051 49.169021842000099)","Unfall 80462 (2022) Kat:3, Licht: 0","80462","3","3","5","01","13","2","","0","0","1","0","0"
"POINT (9.174038320000021 49.157217389000003)","Unfall 80466 (2022) Kat:3, Licht: 2","80466","3","2","6","01","06","4","","2","0","1","1","0"
"POINT (9.225424255000060 49.157802179999997)","Unfall 80490 (2022) Kat:3, Licht: 0","80490","3","6","1","01","07","7","","0","0","1","0","0"
"POINT (9.204073880000070 49.138124658000002)","Unfall 80491 (2022) Kat:3, Licht: 0","80491","3","3","5","02","10","4","","0","1","1","0","0"
"POINT (9.135160345000029 49.186225781000097)","Unfall 80611 (2022) Kat:3, Licht: 0","80611","3","6","1","02","15","6","","0","0","0","0","0"
"POINT (9.221087520000030 49.146282293000098)","Unfall 80692 (2022) Kat:3, Licht: 0","80692","3","6","3","02","08","4","","0","0","1","0","0"
"POINT (9.198969082000080 49.142103616000000)","Unfall 80760 (2022) Kat:3, Licht: 0","80760","3","6","2","02","14","4","","0","0","1","0","0"
"POINT (9.227698699000030 49.132820516999999)","Unfall 80763 (2022) Kat:3, Licht: 1","80763","3","2","4","02","17","4","","1","1","1","0","0"
"POINT (9.185617229000060 49.151389515000098)","Unfall 80944 (2022) Kat:3, Licht: 0","80944","3","6","2","03","17","4","","0","0","1","0","0"
"POINT (9.224740613000050 49.128861557999997)","Unfall 80982 (2022) Kat:3, Licht: 0","80982","3","6","2","04","10","2","","0","0","1","0","0"
"POINT (9.222871866000050 49.125732456000001)","Unfall 81012 (2022) Kat:3, Licht: 2","81012","3","3","6","04","21","6","","2","0","1","1","0"
"POINT (9.226736407000031 49.131620605000101)","Unfall 81112 (2022) Kat:3, Licht: 0","81112","3","6","1","04","16","5","","0","0","1","0","0"
"POINT (9.182214405000019 49.117484910000002)","Unfall 81138 (2022) Kat:3, Licht: 0","81138","3","6","2","03","16","5","","0","0","1","0","0"
"POINT (9.199864639000049 49.140262366000101)","Unfall 81225 (2022) Kat:3, Licht: 0","81225","3","6","3","03","18","1","","0","0","1","0","1"
"POINT (9.121810161000040 49.187464714000001)","Unfall 81264 (2022) Kat:2, Licht: 0","81264","2","6","2","04","07","5","","0","0","0","0","0"
"POINT (9.219310195000050 49.131983623000103)","Unfall 81268 (2022) Kat:3, Licht: 0","81268","3","2","5","03","14","6","","0","1","1","0","0"
"POINT (9.200033087000071 49.146095297999999)","Unfall 81299 (2022) Kat:3, Licht: 2","81299","3","6","2","04","00","5","","2","0","1","0","0"