WKT,Name,OBJECTID,UKATEGORIE,UTYP1,UART,UMONAT,USTUNDE,UWOCHENTAG,STRZUSTAND,ULICHTVERH,ISTRAD,ISTPKW,ISTFUSS,ISTKRAD
"POINT (9.188055269000071 49.127263234000097)","Unfall 81323 (2022) Kat:3, Licht: 0","81323","3","2","4","03","15","3","","0","0","1","0","0"
"POINT (9.219558306000071 49.162910017000101)","Unfall 81343 (2022) Kat:3, Licht: 0","81343","3","4","6","03","12","4","","0","0","1","1","0"
"POINT (9.226333243000060 49.131144472000102)","Unfall 81378 (2022) Kat:2, Licht: 1","81378","2","4","6","04","05","3","","1","0","1","1","0"
"POINT (9.184425805000050 49.187801638000103)","Unfall 81418 (2022) Kat:3, Licht: 0","81418","3","2","2","03","14","3","","0","0","1","0","0"
"POINT (9.209992967000060 49.128643958000097)","Unfall 81528 (2022) Kat:3, Licht: 0","81528","3","3","5","03","17","3","","0","1","1","0","0"
"POINT (9.222326206000050 49.121058824999999)","Unfall 81534 (2022) Kat:3, Licht: 2","81534","3","6","2","04","23","6","","2","0","1","0","0"
"POINT (9.203908366000061 49.138222978999998)","Unfall 81604 (2022) Kat:3, Licht: 2","81604","3","4","6","03","06","2","","2","0","1","1","0"
"POINT (9.217721821000049 49.130323916000101)","Unfall 81624 (2022) Kat:3, Licht: 0","81624","3","2","5","03","07","4","","0","1","1","0","0"
"POINT (9.202301213000061 49.176362422000103)","Unfall 81657 (2022) Kat:3, Licht: 2","81657","3","3","5","04","04","5","","2","0","1","0","0"
"POINT (9.229304771000050 49.138655978000003)","Unfall 81691 (2022) Kat:3, Licht: 0","81691","3","6","2","04","17","5","","0","0","1","0","0"
"POINT (9.203341023000061 49.152006367000098)","Unfall 81782 (2022) Kat:3, Licht: 0","81782","3","6","2","04","16","3","","0","0","1","0","0"
"POINT (9.232711795000061 49.148104649000103)","Unfall 81784 (2022) Kat:3, Licht: 0","81784","3","2","4","03","16","4","","0","0","1","0","0"
"POINT (9.220508687000059 49.134254149000100)","Unfall 81802 (2022) Kat:3, Licht: 0","81802","3","4","6","04","10","2","","0","0","1","1","0"
"POINT (9.133561951000051 49.186100594000003)","Unfall 81904 (2022) Kat:2, Licht: 0","81904","2","6","2","03","13","6","","0","0","1","0","0"
"POINT (9.225417790000050 49.158056801000001)","Unfall 81912 (2022) Kat:3, Licht: 0","81912","3","6","2","03","11","7","","0","0","1","0","0"
"POINT (9.229319222000070 49.138789390000099)","Unfall 81935 (2022) Kat:3, Licht: 0","81935","3","3","5","04","08","6","","0","0","1","0","0"
"POINT (9.148383581000081 49.188020193000099)","Unfall 81946 (2022) Kat:2, Licht: 0","81946","2","6","1","03","16","3","","0","0","1","0","0"
"POINT (9.225537353000050 49.130119714000003)","Unfall 81970 (2022) Kat:3, Licht: 0","81970","3","6","2","03","14","6","","0","0","1","0","0"
"POINT (9.209243582000060 49.185264559000103)","Unfall 82002 (2022) Kat:3, Licht: 0","82002","3","6","2","03","10","6","","0","0","0","0","0"
"POINT (9.154080800000029 49.189953547000101)","Unfall 82028 (2022) Kat:3, Licht: 0","82028","3","1","9","03","12","4","","0","0","1","0","0"
"POINT (9.243859383000030 49.148799629000102)","Unfall 82031 (2022) Kat:3, Licht: 0","82031","3","6","2","03","15","6","","0","0","1","0","1"
"POINT (9.214274932000020 49.149057337999999)","Unfall 82104 (2022) Kat:3, Licht: 2","82104","3","1","9","04","01","3","","2","0","1","0","0"
"POINT (9.203784480000021 49.126576286999999)","Unfall 82108 (2022) Kat:3, Licht: 2","82108","3","2","5","03","19","5","","2","1","1","0","0"
"POINT (9.206924319000050 49.127624410000102)","Unfall 82124 (2022) Kat:3, Licht: 0","82124","3","7","0","03","12","4","","0","1","0","0","0"
"POINT (9.210999372000060 49.151116256000101)","Unfall 82236 (2022) Kat:3, Licht: 2","82236","3","6","4","03","01","1","","2","0","1","0","0"
"POINT (9.220258150000060 49.133091267000097)","Unfall 82258 (2022) Kat:3, Licht: 2","82258","3","2","6","03","18","3","","2","0","1","1","0"
"POINT (9.159894910000050 49.119188055999999)","Unfall 82378 (2022) Kat:3, Licht: 0","82378","3","6","6","03","14","4","","0","0","1","1","0"
"POINT (9.227960612000061 49.162011123000099)","Unfall 82428 (2022) Kat:3, Licht: 0","82428","3","6","2","03","17","4","","0","0","1","0","0"
"POINT (9.224094779000040 49.155413355000100)","Unfall 82490 (2022) Kat:3, Licht: 0","82490","3","3","5","03","12","1","","0","0","1","0","0"
"POINT (9.208634794000030 49.128190781999997)","Unfall 82500 (2022) Kat:3, Licht: 1","82500","3","6","3","04","19","7","","1","0","1","0","0"
"POINT (9.145342065000021 49.176640106999997)","Unfall 82516 (2022) Kat:2, Licht: 0","82516","2","3","5","04","14","6","","0","0","1","0","0"
"POINT (9.195941237000060 49.186846928000101)","Unfall 82596 (2022) Kat:3, Licht: 0","82596","3","6","1","03","10","7","","0","0","1","0","0"
"POINT (9.211393504000061 49.169548014999997)","Unfall 82643 (2022) Kat:2, Licht: 0","82643","2","6","2","03","07","4","","0","0","1","0","1"
"POINT (9.223447547000029 49.146156783999999)","Unfall 82880 (2022) Kat:3, Licht: 0","82880","3","3","5","04","15","5","","0","0","1","0","1"
"POINT (9.194074970000029 49.124258087000001)","Unfall 83095 (2022) Kat:3, Licht: 0","83095","3","6","3","05","11","4","","0","0","1","0","0"
"POINT (9.193350775000059 49.187363136000002)","Unfall 83165 (2022) Kat:3, Licht: 0","83165","3","6","2","04","16","6","","0","0","1","0","0"
"POINT (9.224851849000061 49.168069008000003)","Unfall 83178 (2022) Kat:3, Licht: 2","83178","3","1","8","05","01","1","","2","0","1","0","0"
"POINT (9.216558825000050 49.146619008000101)","Unfall 83255 (2022) Kat:3, Licht: 0","83255","3","3","5","04","10","6","","0","1","1","0","0"
"POINT (9.199863927000020 49.140263296000100)","Unfall 83257 (2022) Kat:3, Licht: 0","83257","3","6","4","05","15","5","","0","1","0","0","0"
"POINT (9.196700450000041 49.141827902999999)","Unfall 83361 (2022) Kat:3, Licht: 2","83361","3","3","5","05","00","1","","2","0","1","0","0"
"POINT (9.196238639000059 49.141897304000103)","Unfall 83474 (2022) Kat:3, Licht: 0","83474","3","3","5","05","16","1","","0","1","1","0","0"
"POINT (9.218211384000030 49.132300535000098)","Unfall 83508 (2022) Kat:3, Licht: 0","83508","3","6","1","04","16","3","","0","0","1","0","0"
"POINT (9.201732743000040 49.182549363000099)","Unfall 83527 (2022) Kat:3, Licht: 0","83527","3","6","1","04","13","2","","0","0","1","0","0"
"POINT (9.229442553000069 49.138659979000103)","Unfall 83556 (2022) Kat:3, Licht: 0","83556","3","6","1","05","14","7","","0","0","1","0","0"
"POINT (9.202548871000030 49.185943620000003)","Unfall 83618 (2022) Kat:3, Licht: 0","83618","3","6","2","05","15","4","","0","0","1","0","0"
"POINT (9.187693073000050 49.151530622000102)","Unfall 83632 (2022) Kat:3, Licht: 0","83632","3","2","4","05","15","2","","0","1","1","0","0"
"POINT (9.218350111000060 49.156412834000001)","Unfall 83679 (2022) Kat:3, Licht: 0","83679","3","7","0","04","08","4","","0","1","0","0","0"
"POINT (9.226402974000051 49.131227658999997)","Unfall 83741 (2022) Kat:3, Licht: 0","83741","3","2","5","05","12","2","","0","0","1","0","0"
"POINT (9.200466544000051 49.138244481000100)","Unfall 83807 (2022) Kat:3, Licht: 0","83807","3","6","2","05","16","4","","0","0","1","0","1"
"POINT (9.217051193000030 49.125965208000103)","Unfall 83831 (2022) Kat:3, Licht: 0","83831","3","6","2","05","07","2","","0","0","1","0","0"
"POINT (9.215455862000059 49.135487238000103)","Unfall 83957 (2022) Kat:3, Licht: 0","83957","3","6","2","05","15","7","","0","0","1","0","0"
"POINT (9.200349855000070 49.151920421000099)","Unfall 84010 (2022) Kat:3, Licht: 0","84010","3","3","5","04","07","3","","0","0","1","0","0"
"POINT (9.214525833000041 49.184569274000097)","Unfall 84117 (2022) Kat:2, Licht: 0","84117","2","1","2","05","13","1","","0","0","0","0","1"
"POINT (9.184708941000050 49.145979523999998)","Unfall 84183 (2022) Kat:3, Licht: 0","84183","3","4","6","05","17","5","","0","0","1","1","0"
"POINT (9.202118526000049 49.126067412000097)","Unfall 84186 (2022) Kat:3, Licht: 0","84186","3","6","2","06","07","4","","0","0","1","0","0"
"POINT (9.197886019000070 49.131325897000103)","Unfall 84201 (2022) Kat:3, Licht: 0","84201","3","6","2","05","17","3","","0","0","1","0","0"
"POINT (9.224078606000029 49.155382477000003)","Unfall 84305 (2022) Kat:3, Licht: 2","84305","3","2","4","05","22","4","","2","0","1","0","1"
"POINT (9.206512337000049 49.169199621000097)","Unfall 84347 (2022) Kat:2, Licht: 0","84347","2","7","0","05","12","7","","0","0","0","0","1"
"POINT (9.220199782000069 49.168775355999998)","Unfall 84362 (2022) Kat:3, Licht: 0","84362","3","6","3","05","10","5","","0","0","1","0","0"
"POINT (9.221838118000051 49.151178404000099)","Unfall 84416 (2022) Kat:3, Licht: 0","84416","3","7","6","05","17","3","","0","1","0","1","0"
"POINT (9.212211967000030 49.142687790000103)","Unfall 84475 (2022) Kat:3, Licht: 0","84475","3","7","0","06","09","7","","0","1","0","0","0"
"POINT (9.119440453000040 49.188281842000002)","Unfall 84634 (2022) Kat:3, Licht: 0","84634","3","6","2","05","15","3","","0","0","0","0","0"
"POINT (9.141852347000050 49.187307642000100)","Unfall 84636 (2022) Kat:3, Licht: 0","84636","3","6","2","05","16","2","","0","0","1","0","0"
"POINT (9.204575081000030 49.168990807999997)","Unfall 84645 (2022) Kat:3, Licht: 0","84645","3","6","2","05","06","4","","0","0","1","0","0"
"POINT (9.223936840000020 49.127521557000101)","Unfall 84658 (2022) Kat:3, Licht: 0","84658","3","3","5","05","15","1","","0","0","1","0","0"
"POINT (9.172512600000060 49.161379838000101)","Unfall 84726 (2022) Kat:3, Licht: 0","84726","3","6","2","06","17","2","","0","0","1","0","0"
"POINT (9.191802251000070 49.141127961000102)","Unfall 84848 (2022) Kat:3, Licht: 2","84848","3","7","0","06","00","2","","2","0","0","0","0"
"POINT (9.132353952000070 49.202282183000101)","Unfall 84852 (2022) Kat:2, Licht: 0","84852","2","6","4","05","17","2","","0","0","1","0","0"
"POINT (9.195255225000039 49.186807070999997)","Unfall 84866 (2022) Kat:3, Licht: 0","84866","3","6","3","05","12","6","","0","0","1","0","0"
"POINT (9.218352941000029 49.156421348000002)","Unfall 84908 (2022) Kat:3, Licht: 0","84908","3","3","5","06","09","4","","0","1","0","0","0"
"POINT (9.153832225000031 49.119093771999999)","Unfall 84954 (2022) Kat:3, Licht: 0","84954","3","6","1","05","19","6","","0","0","1","0","0"
"POINT (9.218974520000071 49.168981264000102)","Unfall 84965 (2022) Kat:2, Licht: 2","84965","2","3","5","05","21","7","","2","0","1","0","0"
"POINT (9.222442515000070 49.123237344000103)","Unfall 84978 (2022) Kat:3, Licht: 2","84978","3","6","3","05","04","4","","2","0","1","0","0"
"POINT (9.195547860000030 49.125840751000098)","Unfall 84980 (2022) Kat:3, Licht: 0","84980","3","6","4","06","08","3","","0","0","1","0","0"
"POINT (9.218425808000060 49.156640513000099)","Unfall 85087 (2022) Kat:3, Licht: 0","85087","3","1","0","05","06","6","","0","0","0","0","0"
"POINT (9.218349372000031 49.156410612000101)","Unfall 85091 (2022) Kat:3, Licht: 0","85091","3","7","0","06","11","6","","0","1","0","0","0"
"POINT (9.226140565000041 49.164480565000098)","Unfall 85112 (2022) Kat:3, Licht: 2","85112","3","6","8","06","21","4","","2","0","1","0","0"
"POINT (9.181318948000071 49.118160947000000)","Unfall 85147 (2022) Kat:3, Licht: 0","85147","3","6","4","06","17","4","","0","1","0","0","0"
"POINT (9.190512918000019 49.141138275000102)","Unfall 85179 (2022) Kat:3, Licht: 0","85179","3","7","0","06","10","7","","0","1","0","0","0"
"POINT (9.226340247000049 49.131152882000002)","Unfall 85200 (2022) Kat:3, Licht: 0","85200","3","6","2","05","17","3","","0","0","1","0","0"
"POINT (9.199224448000050 49.137903191000099)","Unfall 85256 (2022) Kat:3, Licht: 0","85256","3","6","3","06","14","1","","0","0","1","0","1"
"POINT (9.153628643000051 49.119451313000098)","Unfall 85408 (2022) Kat:3, Licht: 0","85408","3","2","5","06","08","5","","0","0","1","0","0"
"POINT (9.215060065000049 49.135624147999998)","Unfall 85466 (2022) Kat:3, Licht: 0","85466","3","7","0","05","12","7","","0","1","0","0","0"
"POINT (9.193680266000060 49.186119378000100)","Unfall 85507 (2022) Kat:2, Licht: 0","85507","2","4","6","06","10","4","","0","0","0","0","1"
"POINT (9.195597591000020 49.185519559000099)","Unfall 85606 (2022) Kat:3, Licht: 0","85606","3","6","2","05","16","5","","0","0","1","0","0"
"POINT (9.200586358000070 49.138242182000099)","Unfall 85637 (2022) Kat:3, Licht: 2","85637","3","1","9","05","00","2","","2","0","1","0","0"
"POINT (9.210634113000030 49.169487753000098)","Unfall 85979 (2022) Kat:3, Licht: 0","85979","3","6","2","06","09","7","","0","0","1","0","0"
"POINT (9.229334715000050 49.138914571999997)","Unfall 86148 (2022) Kat:3, Licht: 0","86148","3","6","2","07","20","1","","0","0","1","0","0"
"POINT (9.201867916000030 49.168900325999999)","Unfall 86164 (2022) Kat:3, Licht: 0","86164","3","7","0","07","10","2","","0","1","0","1","0"
"POINT (9.215914158000031 49.135425279000103)","Unfall 86293 (2022) Kat:3, Licht: 0","86293","3","3","5","07","14","6","","0","1","0","0","0"
"POINT (9.193757860000060 49.186094476000100)","Unfall 86296 (2022) Kat:3, Licht: 2","86296","3","2","5","06","00","5","","2","0","1","0","0"
"POINT (9.223479874000081 49.126746468000100)","Unfall 86407 (2022) Kat:3, Licht: 0","86407","3","2","2","06","21","5","","0","0","1","0","0"
"POINT (9.199493954000051 49.138821786999998)","Unfall 86822 (2022) Kat:3, Licht: 0","86822","3","4","6","06","10","3","","0","0","1","0","0"
"POINT (9.200231506000019 49.151902722999999)","Unfall 86880 (2022) Kat:3, Licht: 0","86880","3","6","3","06","07","5","","0","0","1","0","1"
"POINT (9.204122541000061 49.169022797000103)","Unfall 86890 (2022) Kat:2, Licht: 0","86890","2","3","5","07","16","3","","0","1","1","0","0"
"POINT (9.210077581000061 49.169545564000003)","Unfall 86954 (2022) Kat:3, Licht: 0","86954","3","3","5","06","12","4","","0","1","1","0","0"
"POINT (9.162440514000020 49.119934881000098)","Unfall 86963 (2022) Kat:3, Licht: 0","86963","3","6","3","07","20","2","","0","0","1","0","0"
"POINT (9.225484175000080 49.157919788000100)","Unfall 86975 (2022) Kat:3, Licht: 0","86975","3","3","5","06","15","7","","0","0","1","0","1"
"POINT (9.195176801000059 49.168489238000099)","Unfall 87064 (2022) Kat:3, Licht: 1","87064","3","5","1","06","21","1","","1","0","1","0","0"
"POINT (9.219559060000050 49.161503321000097)","Unfall 87126 (2022) Kat:2, Licht: 0","87126","2","7","0","07","11","7","","0","1","0","0","0"
"POINT (9.229937161000070 49.142560189999998)","Unfall 87178 (2022) Kat:3, Licht: 0","87178","3","7","0","07","16","6","","0","0","0","0","1"
"POINT (9.102331722000031 49.195365199999998)","Unfall 87187 (2022) Kat:1, Licht: 1","87187","1","1","0","07","20","4","","1","0","1","0","0"
"POINT (9.218494507000059 49.156847140000103)","Unfall 87262 (2022) Kat:2, Licht: 0","87262","2","7","0","07","08","5","","0","0","0","0","0"
"POINT (9.123786118000060 49.206209952999998)","Unfall 87352 (2022) Kat:2, Licht: 2","87352","2","1","7","07","01","6","","2","0","0","0","1"
"POINT (9.156437037000050 49.140299436000099)","Unfall 87418 (2022) Kat:3, Licht: 0","87418","3","6","2","07","09","4","","0","0","1","0","0"
"POINT (9.211992242000060 49.150901777999998)","Unfall 87438 (2022) Kat:3, Licht: 0","87438","3","3","0","07","20","2","","0","0","1","0","1"
"POINT (9.140057495000059 49.123725482000097)","Unfall 87509 (2022) Kat:3, Licht: 0","87509","3","6","0","07","20","5","","0","0","1","0","0"
"POINT (9.218321601000071 49.131679722999998)","Unfall 87604 (2022) Kat:3, Licht: 0","87604","3","7","8","07","07","3","","0","1","0","0","0"
"POINT (9.197822900000061 49.131150732000002)","Unfall 87633 (2022) Kat:3, Licht: 0","87633","3","6","2","07","20","1","","0","0","1","0","0"
"POINT (9.200246721000040 49.138280774000101)","Unfall 87730 (2022) Kat:3, Licht: 0","87730","3","3","0","07","21","6","","0","1","0","0","0"
"POINT (9.098212401000071 49.192349520000100)","Unfall 87825 (2022) Kat:3, Licht: 0","87825","3","1","9","07","10","4","","0","0","1","0","0"
"POINT (9.209328264000019 49.169492821000098)","Unfall 87872 (2022) Kat:3, Licht: 2","87872","3","1","9","07","22","6","","2","0","1","0","0"
"POINT (9.222483884000040 49.124014506000002)","Unfall 87946 (2022) Kat:3, Licht: 0","87946","3","2","5","06","17","7","","0","0","1","0","0"
"POINT (9.221424523000049 49.147796884999998)","Unfall 87951 (2022) Kat:3, Licht: 0","87951","3","3","5","06","15","7","","0","0","1","0","1"
"POINT (9.216926043000059 49.169401725000100)","Unfall 88137 (2022) Kat:3, Licht: 0","88137","3","6","2","07","16","3","","0","0","1","0","0"
"POINT (9.121840252000030 49.187455790000101)","Unfall 88198 (2022) Kat:3, Licht: 0","88198","3","6","2","07","17","4","","0","0","1","0","0"
"POINT (9.199977012000030 49.145817475000101)","Unfall 88279 (2022) Kat:3, Licht: 0","88279","3","7","1","07","16","2","","0","0","1","0","0"
"POINT (9.169141129000019 49.115803293000099)","Unfall 88289 (2022) Kat:3, Licht: 0","88289","3","1","1","06","20","4","","0","0","1","0","1"
"POINT (9.203788864000050 49.138076218000002)","Unfall 88312 (2022) Kat:3, Licht: 0","88312","3","6","3","07","13","7","","0","0","1","0","1"
"POINT (9.221795368000070 49.150744408999998)","Unfall 88313 (2022) Kat:3, Licht: 0","88313","3","6","2","06","16","3","","0","0","1","0","0"
"POINT (9.222463002000040 49.123620646000099)","Unfall 88362 (2022) Kat:3, Licht: 0","88362","3","6","2","06","14","5","","0","0","1","0","0"
"POINT (9.122087359000030 49.187565163999999)","Unfall 88365 (2022) Kat:3, Licht: 0","88365","3","6","2","07","18","4","","0","0","1","0","0"
"POINT (9.194689255000069 49.124965279000001)","Unfall 88380 (2022) Kat:3, Licht: 0","88380","3","6","2","07","17","3","","0","0","1","0","0"
"POINT (9.216566943000030 49.131253872000102)","Unfall 88426 (2022) Kat:3, Licht: 0","88426","3","2","2","07","13","2","","0","0","1","0","0"
"POINT (9.186508732000050 49.108086313999998)","Unfall 88503 (2022) Kat:3, Licht: 2","88503","3","3","5","08","21","1","","2","0","1","0","1"
"POINT (9.152528802000059 49.117258526000100)","Unfall 88573 (2022) Kat:3, Licht: 0","88573","3","3","5","08","16","5","","0","0","1","0","1"
"POINT (9.216620188000039 49.169448045000102)","Unfall 88675 (2022) Kat:3, Licht: 0","88675","3","6","3","08","15","6","","0","0","1","0","1"
"POINT (9.218033849000051 49.131441386000098)","Unfall 88697 (2022) Kat:2, Licht: 0","88697","2","2","5","08","10","6","","0","1","1","0","0"
"POINT (9.162187509000031 49.166733884999999)","Unfall 88901 (2022) Kat:2, Licht: 0","88901","2","7","0","08","07","3","","0","0","0","0","1"
"POINT (9.225451996000061 49.146073012000002)","Unfall 88912 (2022) Kat:3, Licht: 0","88912","3","2","5","08","17","7","","0","1","1","0","0"
"POINT (9.202281826000050 49.126117221000101)","Unfall 88958 (2022) Kat:3, Licht: 0","88958","3","7","6","08","12","3","","0","1","0","1","0"
"POINT (9.200063376000060 49.148358440999999)","Unfall 89006 (2022) Kat:3, Licht: 0","89006","3","1","7","07","14","7","","0","1","0","0","0"
"POINT (9.229793691000051 49.140548209000002)","Unfall 89011 (2022) Kat:3, Licht: 0","89011","3","6","3","08","21","7","","0","0","1","0","1"
"POINT (9.229761634000059 49.141282375999999)","Unfall 89072 (2022) Kat:3, Licht: 0","89072","3","6","2","07","15","5","","0","0","1","0","0"
"POINT (9.206172561000070 49.127375146000098)","Unfall 89078 (2022) Kat:3, Licht: 2","89078","3","7","0","07","23","6","","2","1","0","0","0"
"POINT (9.209759530000040 49.184899076000100)","Unfall 89104 (2022) Kat:3, Licht: 0","89104","3","6","2","08","11","3","","0","0","1","0","0"
"POINT (9.225348168000041 49.146160791000099)","Unfall 89158 (2022) Kat:3, Licht: 0","89158","3","6","2","07","11","4","","0","0","1","0","0"
"POINT (9.200077684000060 49.146412767000101)","Unfall 89225 (2022) Kat:3, Licht: 0","89225","3","7","0","07","17","2","","0","0","1","0","0"
"POINT (9.216321354000060 49.120844087000101)","Unfall 89251 (2022) Kat:3, Licht: 0","89251","3","1","0","08","15","1","","0","0","0","0","0"
"POINT (9.183027349000040 49.187988031000003)","Unfall 89288 (2022) Kat:3, Licht: 0","89288","3","6","4","07","10","6","","0","0","1","0","0"
"POINT (9.199510654000051 49.152550507999997)","Unfall 89421 (2022) Kat:3, Licht: 0","89421","3","3","5","08","13","6","","0","0","1","0","0"
"POINT (9.193745054000029 49.186098586000099)","Unfall 89433 (2022) Kat:3, Licht: 2","89433","3","2","5","07","04","5","","2","0","1","0","1"
"POINT (9.213175604000069 49.150429350000103)","Unfall 89580 (2022) Kat:3, Licht: 0","89580","3","3","1","07","18","6","","0","1","0","0","0"
"POINT (9.220308270000031 49.133323904000100)","Unfall 89783 (2022) Kat:3, Licht: 0","89783","3","3","5","09","16","2","","0","0","1","0","0"
"POINT (9.192837987000081 49.121261366000098)","Unfall 89810 (2022) Kat:3, Licht: 0","89810","3","5","1","09","16","3","","0","1","1","0","0"
"POINT (9.208590706000050 49.138481531000103)","Unfall 89866 (2022) Kat:3, Licht: 0","89866","3","6","2","09","18","2","","0","0","1","0","1"
"POINT (9.204447774000069 49.169066364999999)","Unfall 90030 (2022) Kat:2, Licht: 2","90030","2","2","5","09","05","5","","2","0","1","0","0"
"POINT (9.211661062000079 49.150840568000000)","Unfall 90108 (2022) Kat:3, Licht: 0","90108","3","3","5","08","19","3","","0","0","1","0","0"
"POINT (9.231952987000060 49.163731062000103)","Unfall 90134 (2022) Kat:3, Licht: 0","90134","3","6","3","09","16","2","","0","1","0","1","0"
"POINT (9.227907599000050 49.161958413000001)","Unfall 90191 (2022) Kat:3, Licht: 0","90191","3","7","0","09","16","1","","0","1","0","0","0"
"POINT (9.184433731000070 49.146176984000100)","Unfall 90205 (2022) Kat:3, Licht: 0","90205","3","3","5","08","09","2","","0","1","1","0","0"
"POINT (9.204441224000050 49.169065381999999)","Unfall 90245 (2022) Kat:2, Licht: 0","90245","2","2","5","08","15","4","","0","1","1","0","0"
"POINT (9.220400004000060 49.134300638000099)","Unfall 90288 (2022) Kat:3, Licht: 0","90288","3","2","0","09","07","4","","0","0","0","0","0"
"POINT (9.202006458000030 49.126030061000101)","Unfall 90329 (2022) Kat:3, Licht: 0","90329","3","2","5","08","14","7","","0","1","1","0","0"
"POINT (9.216756733000070 49.169428577000097)","Unfall 90332 (2022) Kat:3, Licht: 2","90332","3","3","5","08","22","3","","2","0","1","0","0"
"POINT (9.214786314000040 49.150049769000098)","Unfall 90386 (2022) Kat:3, Licht: 0","90386","3","3","5","09","09","7","","0","0","1","0","0"
"POINT (9.216155400000050 49.146631993000000)","Unfall 90498 (2022) Kat:3, Licht: 0","90498","3","6","2","09","16","2","","0","0","1","0","0"
"POINT (9.203972404000069 49.138107412000103)","Unfall 90518 (2022) Kat:3, Licht: 0","90518","3","1","0","08","17","1","","0","0","0","0","0"
"POINT (9.195586509000069 49.122847911000100)","Unfall 90546 (2022) Kat:3, Licht: 1","90546","3","1","0","08","21","4","","1","1","0","0","0"
"POINT (9.121814662000080 49.187463380000104)","Unfall 90701 (2022) Kat:1, Licht: 0","90701","1","6","2","08","18","4","","0","0","1","0","0"
"POINT (9.218206906000029 49.155982107000099)","Unfall 90759 (2022) Kat:3, Licht: 2","90759","3","7","0","08","22","2","","2","1","0","0","0"
"POINT (9.192524349000051 49.121082632000103)","Unfall 90770 (2022) Kat:3, Licht: 0","90770","3","3","5","09","11","2","","0","0","1","0","0"
"POINT (9.218415845000040 49.133181625000098)","Unfall 90847 (2022) Kat:3, Licht: 2","90847","3","3","5","09","00","2","","2","0","1","0","1"
"POINT (9.200142489000029 49.138172848000103)","Unfall 90912 (2022) Kat:2, Licht: 0","90912","2","3","5","09","15","6","","0","1","1","0","0"
"POINT (9.216265061000060 49.152255357999998)","Unfall 90916 (2022) Kat:3, Licht: 0","90916","3","3","5","09","12","7","","0","1","1","0","0"
"POINT (9.193971212000060 49.124160835000097)","Unfall 91095 (2022) Kat:3, Licht: 2","91095","3","3","5","09","00","5","","2","0","1","0","0"
"POINT (9.217675643000060 49.154899682000099)","Unfall 91109 (2022) Kat:3, Licht: 0","91109","3","6","2","08","12","7","","0","0","1","0","0"
"POINT (9.209524008000070 49.142704991000102)","Unfall 91132 (2022) Kat:3, Licht: 0","91132","3","7","0","08","19","7","","0","0","1","0","0"
"POINT (9.195582150000060 49.122845505000001)","Unfall 91144 (2022) Kat:3, Licht: 0","91144","3","2","2","08","17","4","","0","1","0","0","0"
"POINT (9.209253366000040 49.151253734000100)","Unfall 91199 (2022) Kat:3, Licht: 0","91199","3","6","1","09","07","2","","0","0","1","0","0"
"POINT (9.218329760000071 49.156351624000102)","Unfall 91305 (2022) Kat:2, Licht: 0","91305","2","7","0","09","06","3","","0","1","0","0","0"
"POINT (9.182664146000040 49.125645321000000)","Unfall 91472 (2022) Kat:3, Licht: 0","91472","3","6","2","10","13","2","","0","0","1","0","0"
"POINT (9.214342206000030 49.149397100999998)","Unfall 91491 (2022) Kat:3, Licht: 0","91491","3","6","2","10","16","4","","0","0","1","0","0"
"POINT (9.211131836000050 49.129020104000098)","Unfall 91571 (2022) Kat:3, Licht: 0","91571","3","6","3","10","11","7","","0","0","1","0","0"
"POINT (9.218867895000070 49.157968106000098)","Unfall 91750 (2022) Kat:3, Licht: 0","91750","3","3","5","10","14","4","","0","1","1","0","0"
"POINT (9.193133314000020 49.125698559000099)","Unfall 91764 (2022) Kat:3, Licht: 0","91764","3","6","2","10","08","2","","0","0","1","0","0"
"POINT (9.213751507000040 49.147878170000098)","Unfall 91771 (2022) Kat:3, Licht: 0","91771","3","7","5","10","14","7","","0","0","1","0","0"
"POINT (9.218965116000049 49.169029578000000)","Unfall 91842 (2022) Kat:3, Licht: 2","91842","3","3","5","10","20","7","","2","0","0","0","0"
"POINT (9.200021712000019 49.148752762000100)","Unfall 91915 (2022) Kat:2, Licht: 0","91915","2","2","5","10","08","4","","0","0","0","0","1"
"POINT (9.197229933000070 49.123795271000098)","Unfall 91927 (2022) Kat:3, Licht: 1","91927","3","6","4","09","19","4","","1","1","0","0","0"
"POINT (9.218948136000050 49.169126891000097)","Unfall 92044 (2022) Kat:3, Licht: 1","92044","3","6","2","10","07","6","","1","0","1","0","0"
"POINT (9.227891840000041 49.133938788000101)","Unfall 92062 (2022) Kat:3, Licht: 0","92062","3","6","2","10","11","5","","0","0","1","0","0"
"POINT (9.193084707000031 49.125712142000097)","Unfall 92084 (2022) Kat:3, Licht: 2","92084","3","3","5","10","21","1","","2","0","1","0","0"
"POINT (9.220499271000049 49.134294455000003)","Unfall 92112 (2022) Kat:2, Licht: 0","92112","2","3","5","09","11","4","","0","0","1","0","1"
"POINT (9.214520357000030 49.149442821000001)","Unfall 92197 (2022) Kat:3, Licht: 2","92197","3","6","3","10","22","1","","2","0","1","0","0"
"POINT (9.147906948000070 49.192652069000097)","Unfall 92255 (2022) Kat:3, Licht: 1","92255","3","4","6","10","06","3","","1","0","1","1","0"
"POINT (9.187685119000040 49.151529756000102)","Unfall 92356 (2022) Kat:2, Licht: 2","92356","2","6","3","10","21","2","","2","0","1","0","1"