WKT,Name,OBJECTID,UKATEGORIE,UTYP1,UART,UMONAT,USTUNDE,UWOCHENTAG,STRZUSTAND,ULICHTVERH,ISTRAD,ISTPKW,ISTFUSS,ISTKRAD
"POINT (9.225315997000051 49.157573792999997)","Unfall 92379 (2022) Kat:3, Licht: 0","92379","3","6","2","10","14","1","","0","0","1","0","1"
"POINT (9.184926820000040 49.107921023000102)","Unfall 92427 (2022) Kat:3, Licht: 0","92427","3","6","2","10","10","5","","0","0","1","0","0"
"POINT (9.216149285000030 49.146783791000097)","Unfall 92620 (2022) Kat:3, Licht: 0","92620","3","7","0","10","15","3","","0","1","0","0","0"
"POINT (9.219772347000060 49.168860327000097)","Unfall 92633 (2022) Kat:3, Licht: 0","92633","3","6","0","10","14","6","","0","0","1","0","1"
"POINT (9.152499196000059 49.190568656000004)","Unfall 92658 (2022) Kat:3, Licht: 0","92658","3","6","2","10","11","5","","0","0","1","0","0"
"POINT (9.203742377000030 49.126563308000101)","Unfall 92691 (2022) Kat:3, Licht: 0","92691","3","4","6","09","08","4","","0","0","1","1","0"
"POINT (9.217527063000031 49.146283610000097)","Unfall 92815 (2022) Kat:3, Licht: 2","92815","3","1","0","11","05","3","","2","0","0","0","0"
"POINT (9.217773154000040 49.146269578999998)","Unfall 92836 (2022) Kat:3, Licht: 0","92836","3","1","0","10","15","6","","0","1","0","0","0"
"POINT (9.156741312000070 49.119559735000102)","Unfall 92925 (2022) Kat:2, Licht: 2","92925","2","6","4","10","21","2","","2","0","1","0","0"
"POINT (9.118376994000069 49.188914083999997)","Unfall 92933 (2022) Kat:3, Licht: 0","92933","3","7","7","09","10","3","","0","0","1","0","0"
"POINT (9.222987495000041 49.168177747000101)","Unfall 92936 (2022) Kat:3, Licht: 0","92936","3","6","3","09","16","5","","0","0","1","0","0"
"POINT (9.199972663000040 49.145770194000100)","Unfall 92948 (2022) Kat:3, Licht: 0","92948","3","6","1","10","08","2","","0","0","1","0","0"
"POINT (9.230361947000061 49.146344415000002)","Unfall 92958 (2022) Kat:3, Licht: 0","92958","3","7","0","10","10","6","","0","1","0","0","0"
"POINT (9.162086748000039 49.188558774999997)","Unfall 93215 (2022) Kat:3, Licht: 0","93215","3","7","7","10","15","3","","0","0","1","0","0"
"POINT (9.217122146000071 49.127763917000003)","Unfall 93226 (2022) Kat:3, Licht: 0","93226","3","6","2","10","18","6","","0","0","1","0","0"
"POINT (9.166686095000051 49.139979541999999)","Unfall 93305 (2022) Kat:3, Licht: 0","93305","3","1","8","10","16","7","","0","0","1","0","0"
"POINT (9.219631353000070 49.162217695999999)","Unfall 93346 (2022) Kat:3, Licht: 0","93346","3","7","6","10","12","5","","0","0","0","1","0"
"POINT (9.213803349000051 49.147886892000002)","Unfall 93354 (2022) Kat:3, Licht: 0","93354","3","6","3","10","08","2","","0","0","1","0","0"
"POINT (9.214205073000070 49.148008222000001)","Unfall 93415 (2022) Kat:3, Licht: 0","93415","3","6","1","10","14","3","","0","0","1","0","0"
"POINT (9.194196631000070 49.142046821000100)","Unfall 93427 (2022) Kat:3, Licht: 2","93427","3","2","4","10","05","5","","2","0","1","0","0"
"POINT (9.214727593000021 49.149930597000001)","Unfall 93485 (2022) Kat:3, Licht: 2","93485","3","1","9","10","00","1","","2","0","1","0","0"
"POINT (9.198621617000070 49.186416388000097)","Unfall 93503 (2022) Kat:3, Licht: 0","93503","3","6","2","09","11","4","","0","0","1","0","0"
"POINT (9.213953018000041 49.148281007999998)","Unfall 93517 (2022) Kat:3, Licht: 0","93517","3","1","9","10","14","6","","0","0","1","0","0"
"POINT (9.202283960000051 49.176405219000102)","Unfall 93626 (2022) Kat:3, Licht: 0","93626","3","6","2","10","14","6","","0","0","1","0","0"
"POINT (9.192857829000051 49.125355739000000)","Unfall 93834 (2022) Kat:3, Licht: 0","93834","3","6","1","10","19","2","","0","0","1","0","0"
"POINT (9.218153950000040 49.132218236000000)","Unfall 93876 (2022) Kat:2, Licht: 2","93876","2","1","0","10","02","6","","2","0","0","0","0"
"POINT (9.203543323000080 49.168964465000002)","Unfall 93917 (2022) Kat:3, Licht: 0","93917","3","6","2","11","09","6","","0","0","1","0","0"
"POINT (9.132657931000040 49.179783823000001)","Unfall 93931 (2022) Kat:2, Licht: 2","93931","2","2","5","11","19","3","","2","0","1","0","0"
"POINT (9.217008785000081 49.127141311999999)","Unfall 94028 (2022) Kat:3, Licht: 0","94028","3","3","5","11","12","6","","0","1","1","0","0"
"POINT (9.194465688000040 49.124743928000001)","Unfall 94036 (2022) Kat:3, Licht: 0","94036","3","7","0","11","16","5","","0","0","0","0","1"
"POINT (9.217897219000060 49.130990134999998)","Unfall 94214 (2022) Kat:3, Licht: 0","94214","3","2","3","11","10","7","","0","1","1","0","0"
"POINT (9.199071464000040 49.141455380000103)","Unfall 94235 (2022) Kat:3, Licht: 2","94235","3","1","8","11","03","1","","2","0","1","0","0"
"POINT (9.183852500000061 49.121040029000000)","Unfall 94237 (2022) Kat:3, Licht: 0","94237","3","6","2","11","15","4","","0","0","1","0","0"
"POINT (9.215571985000050 49.169503450000001)","Unfall 94336 (2022) Kat:3, Licht: 0","94336","3","3","5","11","15","3","","0","1","1","0","0"
"POINT (9.214193799000039 49.136046438999998)","Unfall 94347 (2022) Kat:3, Licht: 2","94347","3","2","5","11","18","5","","2","0","1","0","0"
"POINT (9.193331757000070 49.125643105000101)","Unfall 94372 (2022) Kat:3, Licht: 0","94372","3","6","2","11","14","7","","0","0","1","0","0"
"POINT (9.218431267000030 49.172089532000001)","Unfall 94483 (2022) Kat:2, Licht: 0","94483","2","2","5","11","13","4","","0","1","0","0","0"
"POINT (9.132675894000039 49.179786249000102)","Unfall 94484 (2022) Kat:3, Licht: 0","94484","3","3","0","11","15","2","","0","0","1","0","0"
"POINT (9.214902238000040 49.135678742000003)","Unfall 94494 (2022) Kat:3, Licht: 0","94494","3","6","2","11","15","3","","0","0","1","0","0"
"POINT (9.209064660000021 49.138375183999997)","Unfall 94550 (2022) Kat:3, Licht: 2","94550","3","4","6","11","17","4","","2","0","1","1","0"
"POINT (9.196719739000059 49.141861861999999)","Unfall 94574 (2022) Kat:3, Licht: 2","94574","3","2","4","11","19","4","","2","0","1","0","1"
"POINT (9.218998735000071 49.131963342000098)","Unfall 94629 (2022) Kat:3, Licht: 2","94629","3","7","1","11","22","3","","2","0","1","0","1"
"POINT (9.224469153000030 49.134123821999999)","Unfall 94646 (2022) Kat:3, Licht: 0","94646","3","6","6","11","15","5","","0","0","0","1","0"
"POINT (9.223681718000019 49.146232993000098)","Unfall 94757 (2022) Kat:3, Licht: 2","94757","3","2","4","11","22","3","","2","0","1","0","0"
"POINT (9.229801438000040 49.142573730999999)","Unfall 94758 (2022) Kat:3, Licht: 2","94758","3","2","3","11","20","3","","2","1","1","0","0"
"POINT (9.171333597000061 49.139793394999998)","Unfall 94797 (2022) Kat:3, Licht: 0","94797","3","2","2","11","15","5","","0","0","1","0","0"
"POINT (9.184943268000040 49.107841853000103)","Unfall 94851 (2022) Kat:3, Licht: 0","94851","3","6","1","11","09","4","","0","0","1","0","0"
"POINT (9.186557588000030 49.144678055999997)","Unfall 94902 (2022) Kat:3, Licht: 2","94902","3","3","5","11","19","7","","2","0","1","0","0"
"POINT (9.225657654000029 49.158213035000102)","Unfall 94991 (2022) Kat:3, Licht: 2","94991","3","3","5","11","06","3","","2","1","1","0","0"
"POINT (9.201384965000051 49.168929620000000)","Unfall 95064 (2022) Kat:3, Licht: 0","95064","3","3","6","11","16","2","","0","0","1","1","0"
"POINT (9.226762580000070 49.131652322999997)","Unfall 95299 (2022) Kat:3, Licht: 2","95299","3","2","3","12","17","3","","2","0","1","0","0"
"POINT (9.230245148000050 49.145515590000102)","Unfall 95521 (2022) Kat:3, Licht: 2","95521","3","1","1","12","18","6","","2","0","1","0","0"
"POINT (9.223984570000029 49.146221476999997)","Unfall 95677 (2022) Kat:3, Licht: 0","95677","3","6","2","12","09","1","","0","0","1","0","0"
"POINT (9.214891075000031 49.150025081000102)","Unfall 95707 (2022) Kat:3, Licht: 2","95707","3","7","2","12","16","6","","2","0","1","0","0"
"POINT (9.225451442000059 49.157859545000100)","Unfall 95833 (2022) Kat:3, Licht: 0","95833","3","3","5","12","14","4","","0","0","1","0","0"
"POINT (9.203846179000040 49.126598295000100)","Unfall 95954 (2022) Kat:3, Licht: 0","95954","3","6","2","12","13","2","","0","0","1","0","0"
"POINT (9.190691488000031 49.151892871000001)","Unfall 95992 (2022) Kat:3, Licht: 0","95992","3","6","2","12","13","6","","0","0","1","0","0"
"POINT (9.206860619000050 49.151574689000000)","Unfall 96000 (2022) Kat:3, Licht: 0","96000","3","7","0","12","15","6","","0","1","0","0","0"
"POINT (9.194086025000050 49.168211614000001)","Unfall 96031 (2022) Kat:3, Licht: 2","96031","3","7","0","12","22","6","","2","1","0","0","0"
"POINT (9.192776013000071 49.141125135999999)","Unfall 96068 (2022) Kat:3, Licht: 2","96068","3","6","2","12","18","5","","2","0","1","0","0"
"POINT (9.227599168000040 49.146018577000099)","Unfall 96089 (2022) Kat:3, Licht: 2","96089","3","6","2","12","17","2","","2","0","1","0","0"
"POINT (9.229957577000050 49.142732688000102)","Unfall 96184 (2022) Kat:3, Licht: 2","96184","3","2","6","12","20","1","","2","0","1","1","0"
"POINT (9.222321381000031 49.120985710000099)","Unfall 96206 (2022) Kat:3, Licht: 2","96206","3","6","3","12","06","4","","2","0","1","0","0"
"POINT (9.208176741000051 49.141525323000103)","Unfall 96225 (2022) Kat:3, Licht: 2","96225","3","6","3","12","19","6","","2","0","1","0","0"
"POINT (9.198244277000070 49.168450094000001)","Unfall 96356 (2022) Kat:3, Licht: 2","96356","3","6","1","12","21","5","","2","0","1","0","0"
"POINT (9.218313926000061 49.147566717000103)","Unfall 195156 (2022) Kat:3, Licht: 0","195156","3","7","5","01","16","6","","0","1","1","0","0"
"POINT (9.217678737000030 49.141720442000100)","Unfall 195198 (2022) Kat:3, Licht: 1","195198","3","6","6","02","18","1","","1","0","1","1","0"
"POINT (9.224508609000051 49.148195410000000)","Unfall 195318 (2022) Kat:3, Licht: 2","195318","3","5","0","01","17","6","","2","1","1","0","0"
"POINT (9.217560812000039 49.143409964999996)","Unfall 195393 (2022) Kat:3, Licht: 2","195393","3","4","6","02","00","1","","2","0","1","1","0"
"POINT (9.187140183000050 49.153528283000099)","Unfall 195499 (2022) Kat:2, Licht: 0","195499","2","2","4","01","08","3","","0","1","1","0","0"
"POINT (9.214068782000030 49.154784831000001)","Unfall 195547 (2022) Kat:3, Licht: 0","195547","3","3","5","01","11","2","","0","1","1","0","0"
"POINT (9.225191007000030 49.141335707000103)","Unfall 195660 (2022) Kat:3, Licht: 2","195660","3","2","3","02","19","2","","2","1","1","0","0"
"POINT (9.212295021000051 49.126251887000102)","Unfall 195891 (2022) Kat:2, Licht: 2","195891","2","5","1","01","00","6","","2","1","1","0","0"
"POINT (9.162249952000019 49.182290559000101)","Unfall 195920 (2022) Kat:3, Licht: 2","195920","3","3","5","01","05","5","","2","0","1","0","0"
"POINT (9.222978354000080 49.137385306000098)","Unfall 195929 (2022) Kat:3, Licht: 0","195929","3","6","2","01","09","6","","0","1","0","0","0"
"POINT (9.240550011000041 49.139963920000099)","Unfall 195953 (2022) Kat:2, Licht: 0","195953","2","2","4","02","13","4","","0","0","1","0","1"
"POINT (9.167932943000039 49.182464062000101)","Unfall 195966 (2022) Kat:3, Licht: 0","195966","3","2","5","01","15","5","","0","0","1","0","0"
"POINT (9.196561582000070 49.141309998000096)","Unfall 196024 (2022) Kat:3, Licht: 2","196024","3","2","5","02","18","5","","2","1","1","0","0"
"POINT (9.190885937000081 49.136906649000103)","Unfall 196045 (2022) Kat:3, Licht: 0","196045","3","4","6","01","13","6","","0","0","1","1","0"
"POINT (9.203484949000030 49.140943329999999)","Unfall 196342 (2022) Kat:3, Licht: 2","196342","3","7","0","02","00","1","","2","1","0","0","0"
"POINT (9.218224500000080 49.172096416999999)","Unfall 196590 (2022) Kat:3, Licht: 0","196590","3","3","5","02","16","2","","0","0","1","0","0"
"POINT (9.219315065000050 49.138250571000100)","Unfall 196606 (2022) Kat:3, Licht: 2","196606","3","1","0","03","18","6","","2","0","0","0","1"
"POINT (9.215719365000041 49.158337683000099)","Unfall 196622 (2022) Kat:3, Licht: 2","196622","3","3","5","02","18","5","","2","1","1","0","0"
"POINT (9.226049330000020 49.138937865000102)","Unfall 196627 (2022) Kat:3, Licht: 0","196627","3","3","5","03","10","4","","0","1","1","0","0"
"POINT (9.221708988000049 49.140658864000002)","Unfall 196835 (2022) Kat:3, Licht: 2","196835","3","6","2","02","01","1","","2","0","1","0","0"
"POINT (9.225432473000071 49.131136050000102)","Unfall 196958 (2022) Kat:3, Licht: 0","196958","3","3","4","02","11","2","","0","0","1","0","0"
"POINT (9.195785915000039 49.131204578000101)","Unfall 197049 (2022) Kat:3, Licht: 0","197049","3","3","5","02","15","5","","0","0","1","0","1"
"POINT (9.202832034000039 49.158342876000098)","Unfall 197105 (2022) Kat:3, Licht: 2","197105","3","6","4","02","20","3","","2","1","1","0","0"
"POINT (9.218548439000070 49.145826960000100)","Unfall 197166 (2022) Kat:3, Licht: 1","197166","3","3","5","03","18","6","","1","1","1","0","0"
"POINT (9.230255537000060 49.132149589000100)","Unfall 197202 (2022) Kat:3, Licht: 0","197202","3","4","6","03","09","4","","0","0","1","1","0"
"POINT (9.222827846000030 49.135863910000097)","Unfall 197223 (2022) Kat:3, Licht: 0","197223","3","3","5","04","11","2","","0","1","1","0","0"
"POINT (9.218634425000060 49.146187966000099)","Unfall 197345 (2022) Kat:3, Licht: 2","197345","3","1","8","03","01","1","","2","0","0","0","0"
"POINT (9.225077416000030 49.141223753000098)","Unfall 197381 (2022) Kat:3, Licht: 2","197381","3","3","0","03","20","5","","2","1","1","0","0"
"POINT (9.219943521000060 49.132036534000100)","Unfall 197558 (2022) Kat:3, Licht: 0","197558","3","3","5","04","09","5","","0","0","1","0","0"
"POINT (9.207268026000071 49.132535034000099)","Unfall 197581 (2022) Kat:3, Licht: 0","197581","3","1","0","04","14","4","","0","1","0","0","0"
"POINT (9.220612407000029 49.142974625000100)","Unfall 197643 (2022) Kat:3, Licht: 0","197643","3","3","5","03","09","2","","0","1","0","0","0"
"POINT (9.223954796000040 49.140237202000002)","Unfall 197755 (2022) Kat:3, Licht: 0","197755","3","3","5","04","11","6","","0","0","1","0","1"
"POINT (9.221104116000051 49.136664936000003)","Unfall 197770 (2022) Kat:3, Licht: 1","197770","3","6","1","03","20","2","","1","0","1","0","0"
"POINT (9.223290712000050 49.141529005999999)","Unfall 197806 (2022) Kat:3, Licht: 0","197806","3","4","6","03","07","3","","0","0","0","1","0"
"POINT (9.218526402000069 49.145803596000100)","Unfall 197939 (2022) Kat:3, Licht: 0","197939","3","1","4","04","17","2","","0","0","0","0","0"
"POINT (9.214689086000019 49.142583710000103)","Unfall 197980 (2022) Kat:2, Licht: 0","197980","2","3","5","04","11","5","","0","1","0","0","0"
"POINT (9.222743180000069 49.143866923000097)","Unfall 198094 (2022) Kat:3, Licht: 0","198094","3","7","0","04","15","1","","0","1","0","0","0"
"POINT (9.212074772000051 49.151620694000002)","Unfall 198258 (2022) Kat:3, Licht: 0","198258","3","3","5","05","17","3","","0","1","1","0","0"
"POINT (9.223244353000039 49.140333559000098)","Unfall 198437 (2022) Kat:3, Licht: 0","198437","3","4","6","05","10","2","","0","0","0","1","0"
"POINT (9.215065333000039 49.137229852000097)","Unfall 198445 (2022) Kat:3, Licht: 0","198445","3","7","0","05","17","2","","0","1","0","0","0"
"POINT (9.215073657000060 49.140298772000101)","Unfall 198580 (2022) Kat:3, Licht: 1","198580","3","7","6","05","20","7","","1","0","0","1","0"
"POINT (9.211599468000029 49.127402173000100)","Unfall 198586 (2022) Kat:3, Licht: 0","198586","3","3","5","04","13","4","","0","0","1","0","0"
"POINT (9.226397721000071 49.137362779000100)","Unfall 198615 (2022) Kat:3, Licht: 0","198615","3","7","0","05","16","2","","0","1","0","0","0"
"POINT (9.224031510000030 49.123978141000102)","Unfall 198747 (2022) Kat:3, Licht: 0","198747","3","2","4","05","15","7","","0","0","1","0","1"
"POINT (9.230703163000040 49.142635743000000)","Unfall 198817 (2022) Kat:3, Licht: 0","198817","3","3","6","05","13","3","","0","0","0","1","0"
"POINT (9.231865209000031 49.144295676000098)","Unfall 198853 (2022) Kat:2, Licht: 0","198853","2","3","5","05","08","4","","0","1","1","0","0"
"POINT (9.201574539000029 49.123792686000101)","Unfall 198876 (2022) Kat:2, Licht: 0","198876","2","7","0","05","15","6","","0","1","0","0","0"
"POINT (9.200637137000060 49.176217812000097)","Unfall 198988 (2022) Kat:3, Licht: 0","198988","3","7","0","05","11","1","","0","1","0","0","0"
"POINT (9.203711396000070 49.144548719000099)","Unfall 199019 (2022) Kat:3, Licht: 2","199019","3","7","6","05","00","2","","2","0","1","1","0"
"POINT (9.217874809000021 49.130801532000099)","Unfall 199037 (2022) Kat:3, Licht: 0","199037","3","3","5","05","15","6","","0","1","1","0","0"
"POINT (9.216940454000049 49.141776968000002)","Unfall 199081 (2022) Kat:2, Licht: 0","199081","2","7","6","05","14","7","","0","0","0","1","0"
"POINT (9.202586679000040 49.142172072999998)","Unfall 199093 (2022) Kat:3, Licht: 0","199093","3","6","2","05","17","2","","0","0","1","0","0"
"POINT (9.171203767000071 49.159089669000103)","Unfall 199177 (2022) Kat:3, Licht: 0","199177","3","3","5","05","17","7","","0","1","1","0","0"
"POINT (9.193220682000060 49.140398910999998)","Unfall 199240 (2022) Kat:3, Licht: 2","199240","3","7","0","05","22","5","","2","0","0","0","0"
"POINT (9.213069291000069 49.133224561000098)","Unfall 199244 (2022) Kat:3, Licht: 2","199244","3","6","6","05","02","7","","2","1","0","1","0"
"POINT (9.228527863000069 49.142734736000101)","Unfall 199264 (2022) Kat:2, Licht: 0","199264","2","3","5","04","19","4","","0","1","1","0","0"
"POINT (9.220111545000069 49.163352384000099)","Unfall 199292 (2022) Kat:3, Licht: 0","199292","3","6","6","05","11","2","","0","1","0","1","0"
"POINT (9.231395028000071 49.152182583000098)","Unfall 199316 (2022) Kat:3, Licht: 2","199316","3","1","8","05","04","5","","2","0","1","0","0"
"POINT (9.216555053000040 49.168224189999997)","Unfall 199324 (2022) Kat:3, Licht: 0","199324","3","7","5","06","10","4","","0","0","1","0","0"
"POINT (9.182155852000051 49.152213238999998)","Unfall 199348 (2022) Kat:3, Licht: 0","199348","3","6","6","05","11","7","","0","0","1","1","0"
"POINT (9.207204576000040 49.142129976000000)","Unfall 199385 (2022) Kat:3, Licht: 0","199385","3","7","1","05","17","7","","0","0","1","0","1"
"POINT (9.219336789000071 49.129065007000101)","Unfall 199507 (2022) Kat:3, Licht: 0","199507","3","4","6","05","16","6","","0","0","0","1","0"
"POINT (9.186163819000059 49.126425247000000)","Unfall 199596 (2022) Kat:3, Licht: 0","199596","3","6","4","06","11","6","","0","0","1","0","0"
"POINT (9.207815383000019 49.152013463999999)","Unfall 199610 (2022) Kat:2, Licht: 0","199610","2","4","6","06","13","2","","0","0","1","1","0"
"POINT (9.213306361000040 49.140169985000099)","Unfall 199638 (2022) Kat:3, Licht: 0","199638","3","7","6","05","20","6","","0","1","0","1","0"
"POINT (9.208240179000031 49.142250060999999)","Unfall 199663 (2022) Kat:3, Licht: 0","199663","3","2","6","06","09","4","","0","0","0","1","0"
"POINT (9.176232693000030 49.139980722000097)","Unfall 199671 (2022) Kat:3, Licht: 0","199671","3","6","2","06","13","6","","0","0","1","0","0"
"POINT (9.195766856000031 49.131206200000101)","Unfall 199695 (2022) Kat:3, Licht: 0","199695","3","7","0","05","18","3","","0","0","0","0","1"
"POINT (9.219379336000030 49.137381946000097)","Unfall 199701 (2022) Kat:3, Licht: 0","199701","3","6","2","05","16","5","","0","0","1","0","0"
"POINT (9.217360686000060 49.143110502000098)","Unfall 199841 (2022) Kat:2, Licht: 0","199841","2","2","4","05","14","6","","0","0","1","0","1"
"POINT (9.221032641000020 49.141708667000003)","Unfall 199904 (2022) Kat:2, Licht: 0","199904","2","7","0","05","18","5","","0","1","0","0","0"
"POINT (9.197177025000030 49.132733870000003)","Unfall 199918 (2022) Kat:3, Licht: 0","199918","3","6","3","05","17","6","","0","1","1","0","0"
"POINT (9.233841695000020 49.138479953000100)","Unfall 199925 (2022) Kat:3, Licht: 0","199925","3","3","5","05","17","5","","0","0","1","0","0"
"POINT (9.211547235000070 49.120396714000002)","Unfall 199951 (2022) Kat:3, Licht: 0","199951","3","7","0","06","18","3","","0","1","0","0","0"
"POINT (9.164380534000029 49.141350235000097)","Unfall 200076 (2022) Kat:3, Licht: 0","200076","3","3","5","05","11","2","","0","0","1","0","0"
"POINT (9.231672239000030 49.143165241000098)","Unfall 200149 (2022) Kat:3, Licht: 2","200149","3","1","1","06","03","5","","2","0","1","0","0"
"POINT (9.212873532000060 49.139268325000003)","Unfall 200201 (2022) Kat:3, Licht: 0","200201","3","4","6","05","18","4","","0","1","0","1","0"
"POINT (9.221308383000061 49.143823286000000)","Unfall 200250 (2022) Kat:3, Licht: 0","200250","3","7","6","06","13","4","","0","0","0","1","0"
"POINT (9.211834328000069 49.138403405000098)","Unfall 200308 (2022) Kat:3, Licht: 0","200308","3","4","6","05","06","7","","0","0","0","1","0"
"POINT (9.212079052000041 49.151627329000100)","Unfall 200333 (2022) Kat:3, Licht: 0","200333","3","3","5","05","11","2","","0","0","1","0","0"
"POINT (9.221739056000050 49.143073554000097)","Unfall 200399 (2022) Kat:3, Licht: 0","200399","3","7","6","06","20","4","","0","0","1","1","0"
"POINT (9.240634387000060 49.132750948000101)","Unfall 200421 (2022) Kat:3, Licht: 0","200421","3","6","4","06","16","7","","0","0","1","0","0"
"POINT (9.263451609000070 49.132575974000098)","Unfall 200429 (2022) Kat:3, Licht: 0","200429","3","1","8","06","16","7","","0","1","0","0","0"
"POINT (9.220375892000050 49.140865034000100)","Unfall 200446 (2022) Kat:3, Licht: 0","200446","3","6","1","06","18","6","","0","1","1","0","0"
"POINT (9.209469166000080 49.121628866999998)","Unfall 200512 (2022) Kat:2, Licht: 0","200512","2","3","5","06","08","7","","0","0","1","0","1"
"POINT (9.213778135000039 49.135111003000098)","Unfall 200519 (2022) Kat:3, Licht: 0","200519","3","6","2","06","12","3","","0","0","1","0","0"
"POINT (9.221033564000040 49.156149436000099)","Unfall 200555 (2022) Kat:3, Licht: 0","200555","3","7","6","06","16","5","","0","0","1","1","0"
"POINT (9.230365288000030 49.149955396999999)","Unfall 200802 (2022) Kat:3, Licht: 0","200802","3","3","5","06","16","6","","0","1","1","0","0"
"POINT (9.162637203000029 49.127218637000098)","Unfall 200810 (2022) Kat:3, Licht: 0","200810","3","3","5","06","18","3","","0","0","1","0","0"
"POINT (9.206626893000021 49.120411345999997)","Unfall 201022 (2022) Kat:3, Licht: 0","201022","3","3","5","06","17","2","","0","0","1","1","0"
"POINT (9.232035249000029 49.142505331999999)","Unfall 201091 (2022) Kat:3, Licht: 0","201091","3","7","0","06","16","1","","0","1","0","0","0"
"POINT (9.191569629000069 49.142530489000102)","Unfall 201138 (2022) Kat:3, Licht: 0","201138","3","4","6","06","19","7","","0","0","1","1","0"
"POINT (9.196448509000049 49.121766028000103)","Unfall 201165 (2022) Kat:3, Licht: 0","201165","3","3","5","06","10","3","","0","0","1","0","0"
"POINT (9.228099693000051 49.149478046000098)","Unfall 201167 (2022) Kat:3, Licht: 0","201167","3","3","5","06","18","2","","0","0","1","0","0"
"POINT (9.221768679000039 49.140753826999998)","Unfall 201204 (2022) Kat:3, Licht: 0","201204","3","6","2","06","17","4","","0","0","1","0","0"
"POINT (9.207766765000031 49.124292244999999)","Unfall 201206 (2022) Kat:3, Licht: 0","201206","3","2","4","06","14","3","","0","0","1","0","0"
"POINT (9.226749958000029 49.144018248000101)","Unfall 201255 (2022) Kat:3, Licht: 0","201255","3","3","5","06","14","2","","0","1","0","0","0"
"POINT (9.236542011000040 49.144714893000099)","Unfall 201321 (2022) Kat:3, Licht: 0","201321","3","7","0","06","19","5","","0","1","0","0","0"
"POINT (9.221082601000029 49.136583479000102)","Unfall 201335 (2022) Kat:3, Licht: 0","201335","3","2","5","06","13","1","","0","1","1","0","0"
"POINT (9.196823101000060 49.151258274000000)","Unfall 201352 (2022) Kat:2, Licht: 0","201352","2","1","0","06","17","7","","0","1","0","0","0"
"POINT (9.224699864000060 49.152949733000099)","Unfall 201496 (2022) Kat:3, Licht: 0","201496","3","3","5","07","15","4","","0","1","0","0","0"
"POINT (9.168006375000060 49.182440013000097)","Unfall 201526 (2022) Kat:3, Licht: 0","201526","3","3","5","07","14","5","","0","0","1","0","0"
"POINT (9.204955959000070 49.126254649000003)","Unfall 201572 (2022) Kat:3, Licht: 0","201572","3","6","1","07","13","3","","0","0","1","0","0"
"POINT (9.207892108000070 49.154428350000003)","Unfall 201741 (2022) Kat:3, Licht: 0","201741","3","7","1","07","19","2","","0","0","1","0","1"
"POINT (9.235394319000021 49.131300221000103)","Unfall 201766 (2022) Kat:3, Licht: 0","201766","3","7","0","07","20","7","","0","0","0","0","0"
"POINT (9.206524137000031 49.121957881000100)","Unfall 201810 (2022) Kat:3, Licht: 0","201810","3","3","5","07","18","2","","0","1","1","0","0"
"POINT (9.227807945000050 49.147575508999999)","Unfall 201912 (2022) Kat:3, Licht: 2","201912","3","7","0","07","23","3","","2","0","0","0","0"
"POINT (9.222363765000070 49.142362210000002)","Unfall 201937 (2022) Kat:3, Licht: 0","201937","3","7","0","07","16","5","","0","0","0","0","0"
"POINT (9.208992489000019 49.167179128999997)","Unfall 201973 (2022) Kat:3, Licht: 2","201973","3","7","0","07","03","7","","2","1","0","0","0"
"POINT (9.211363048000070 49.129846215999997)","Unfall 201985 (2022) Kat:3, Licht: 0","201985","3","3","5","07","15","6","","0","1","1","0","0"
"POINT (9.203593994000070 49.171305575000098)","Unfall 202011 (2022) Kat:2, Licht: 0","202011","2","4","6","07","13","5","","0","0","1","1","0"
"POINT (9.219497153000081 49.154295460000100)","Unfall 202079 (2022) Kat:3, Licht: 0","202079","3","7","6","07","11","2","","0","0","1","1","0"
"POINT (9.221650957000071 49.140412760000103)","Unfall 202127 (2022) Kat:3, Licht: 0","202127","3","7","0","07","13","6","","0","0","0","0","0"
"POINT (9.208213999000071 49.141098276999998)","Unfall 202156 (2022) Kat:3, Licht: 1","202156","3","7","5","07","05","5","","1","1","1","0","0"
"POINT (9.194631087000060 49.132539702000003)","Unfall 202201 (2022) Kat:3, Licht: 0","202201","3","1","0","07","19","6","","0","1","0","0","0"
"POINT (9.208142356000049 49.125702643000103)","Unfall 202289 (2022) Kat:3, Licht: 0","202289","3","4","6","07","16","3","","0","0","1","1","0"
"POINT (9.226816880000060 49.134105009999999)","Unfall 202327 (2022) Kat:3, Licht: 0","202327","3","2","6","07","19","7","","0","0","1","1","0"
"POINT (9.213117271000041 49.142824220000101)","Unfall 202351 (2022) Kat:3, Licht: 0","202351","3","7","0","07","16","3","","0","1","0","0","0"
"POINT (9.194535265000070 49.156064184999998)","Unfall 202358 (2022) Kat:3, Licht: 0","202358","3","6","2","07","17","2","","0","0","1","0","0"
"POINT (9.197505038000029 49.166031949000100)","Unfall 202379 (2022) Kat:3, Licht: 0","202379","3","2","3","07","20","1","","0","0","1","0","1"