WKT,Name,OBJECTID,UKATEGORIE,UTYP1,UART,UMONAT,USTUNDE,UWOCHENTAG,STRZUSTAND,ULICHTVERH,ISTRAD,ISTPKW,ISTFUSS,ISTKRAD
"POINT (9.219224948000029 49.128694118000098)","Unfall 202390 (2022) Kat:3, Licht: 0","202390","3","7","0","07","07","3","","0","1","0","0","0"
"POINT (9.208597061000029 49.125777632000101)","Unfall 202414 (2022) Kat:2, Licht: 0","202414","2","1","0","07","19","6","","0","1","0","0","0"
"POINT (9.196088484000031 49.131198050000101)","Unfall 202459 (2022) Kat:3, Licht: 0","202459","3","3","5","08","12","5","","0","0","1","0","1"
"POINT (9.211747877000050 49.127361595000103)","Unfall 202494 (2022) Kat:3, Licht: 0","202494","3","7","0","07","15","3","","0","1","0","0","0"
"POINT (9.216493435000070 49.120954220000002)","Unfall 202524 (2022) Kat:3, Licht: 0","202524","3","7","0","08","10","6","","0","1","0","0","0"
"POINT (9.191957303000040 49.136801455000104)","Unfall 202529 (2022) Kat:3, Licht: 0","202529","3","4","6","08","18","3","","0","0","1","1","0"
"POINT (9.218816547000070 49.134845452000000)","Unfall 202568 (2022) Kat:3, Licht: 0","202568","3","6","2","07","15","3","","0","0","1","0","0"
"POINT (9.217672455000070 49.154169948000103)","Unfall 202591 (2022) Kat:3, Licht: 1","202591","3","6","0","07","08","7","","1","1","0","0","0"
"POINT (9.203646003000070 49.144278529000097)","Unfall 202611 (2022) Kat:3, Licht: 2","202611","3","4","6","07","00","7","","2","0","1","1","0"
"POINT (9.222047838000041 49.143245030000102)","Unfall 202644 (2022) Kat:3, Licht: 0","202644","3","3","5","08","09","4","","0","1","1","0","0"
"POINT (9.181432823000019 49.140186367000098)","Unfall 202794 (2022) Kat:3, Licht: 0","202794","3","7","9","07","07","4","","0","1","0","0","0"
"POINT (9.222649387000050 49.140414249999999)","Unfall 202926 (2022) Kat:3, Licht: 0","202926","3","6","3","07","08","2","","0","1","0","0","0"
"POINT (9.194604809000049 49.132533463000101)","Unfall 202938 (2022) Kat:3, Licht: 0","202938","3","6","2","08","17","6","","0","0","1","0","0"
"POINT (9.218224500000080 49.153635565999998)","Unfall 203096 (2022) Kat:2, Licht: 0","203096","2","7","0","07","16","6","","0","1","0","0","0"
"POINT (9.216419047000040 49.142362741000099)","Unfall 203110 (2022) Kat:3, Licht: 2","203110","3","2","6","07","22","1","","2","1","0","1","0"
"POINT (9.240704911000019 49.143789771999998)","Unfall 203261 (2022) Kat:2, Licht: 0","203261","2","5","1","08","11","7","","0","0","1","0","0"
"POINT (9.175049899000040 49.118507345000097)","Unfall 203372 (2022) Kat:3, Licht: 0","203372","3","1","0","08","14","6","","0","1","0","0","0"
"POINT (9.216260610000059 49.152286821000096)","Unfall 203413 (2022) Kat:3, Licht: 0","203413","3","3","5","08","14","6","","0","1","1","0","0"
"POINT (9.209437181000061 49.141076278000099)","Unfall 203486 (2022) Kat:3, Licht: 0","203486","3","3","5","07","15","5","","0","0","1","0","0"
"POINT (9.230419909000030 49.132311080000100)","Unfall 203553 (2022) Kat:3, Licht: 0","203553","3","6","6","08","14","1","","0","0","0","1","0"
"POINT (9.217604050000030 49.172117090000000)","Unfall 203598 (2022) Kat:3, Licht: 0","203598","3","2","4","08","16","3","","0","0","1","0","1"
"POINT (9.226623941000071 49.133502797000098)","Unfall 203637 (2022) Kat:3, Licht: 0","203637","3","7","0","09","10","4","","0","1","0","0","0"
"POINT (9.195949919000039 49.131099632000002)","Unfall 203732 (2022) Kat:3, Licht: 2","203732","3","1","0","09","02","1","","2","0","0","0","0"
"POINT (9.215135568000051 49.140393904000099)","Unfall 203739 (2022) Kat:3, Licht: 1","203739","3","3","5","08","06","4","","1","1","0","0","0"
"POINT (9.232888733000040 49.151344763000097)","Unfall 203751 (2022) Kat:3, Licht: 0","203751","3","6","2","09","17","5","","0","0","1","0","0"
"POINT (9.219071418000061 49.136068000000101)","Unfall 203896 (2022) Kat:3, Licht: 0","203896","3","6","2","08","17","5","","0","0","1","0","0"
"POINT (9.221695281000050 49.139154437000101)","Unfall 204050 (2022) Kat:3, Licht: 0","204050","3","3","5","08","08","2","","0","0","1","1","0"
"POINT (9.221996304000070 49.120875685000001)","Unfall 204125 (2022) Kat:3, Licht: 0","204125","3","6","2","09","10","4","","0","0","1","0","0"
"POINT (9.222334076000040 49.141768354000099)","Unfall 204207 (2022) Kat:2, Licht: 2","204207","2","7","0","08","22","5","","2","1","0","0","0"
"POINT (9.217972065000030 49.141503806000102)","Unfall 204270 (2022) Kat:3, Licht: 0","204270","3","7","0","08","17","4","","0","0","0","0","0"
"POINT (9.233466473000020 49.130360295999999)","Unfall 204381 (2022) Kat:3, Licht: 2","204381","3","3","0","08","21","7","","2","0","0","0","0"
"POINT (9.193694417000071 49.185949736000097)","Unfall 204490 (2022) Kat:3, Licht: 0","204490","3","6","2","09","11","4","","0","0","1","0","0"
"POINT (9.187286015000041 49.152851961000103)","Unfall 204559 (2022) Kat:3, Licht: 0","204559","3","1","0","09","16","1","","0","1","0","0","0"
"POINT (9.180815606000071 49.149258385000103)","Unfall 204628 (2022) Kat:3, Licht: 0","204628","3","3","5","09","12","6","","0","1","1","0","0"
"POINT (9.221118836000070 49.138714471000100)","Unfall 204672 (2022) Kat:3, Licht: 0","204672","3","7","6","10","18","5","","0","0","0","1","0"
"POINT (9.218502503000019 49.140293022999998)","Unfall 204843 (2022) Kat:3, Licht: 2","204843","3","7","0","10","22","5","","2","1","0","0","0"
"POINT (9.223039036000049 49.143160555000101)","Unfall 204924 (2022) Kat:3, Licht: 0","204924","3","7","0","09","08","3","","0","1","1","0","0"
"POINT (9.223137087000049 49.145286804000101)","Unfall 205010 (2022) Kat:3, Licht: 0","205010","3","6","3","09","09","3","","0","0","1","0","0"
"POINT (9.179879316000040 49.118998486000102)","Unfall 205165 (2022) Kat:3, Licht: 0","205165","3","7","9","10","15","5","","0","0","1","0","0"
"POINT (9.216740714000030 49.168865539000102)","Unfall 205174 (2022) Kat:3, Licht: 1","205174","3","2","2","09","06","4","","1","0","1","0","1"
"POINT (9.180882718000021 49.145279234999997)","Unfall 205269 (2022) Kat:1, Licht: 0","205269","1","4","6","09","12","4","","0","0","0","1","0"
"POINT (9.230573438000020 49.145858143000098)","Unfall 205398 (2022) Kat:3, Licht: 2","205398","3","6","2","09","21","6","","2","0","1","0","0"
"POINT (9.223281905000020 49.148277035000000)","Unfall 205401 (2022) Kat:3, Licht: 2","205401","3","5","1","09","02","1","","2","0","1","0","0"
"POINT (9.220269398000029 49.142058409000100)","Unfall 205460 (2022) Kat:3, Licht: 0","205460","3","7","6","09","18","1","","0","0","0","1","0"
"POINT (9.222341163000070 49.139345790999997)","Unfall 205535 (2022) Kat:3, Licht: 1","205535","3","1","0","09","19","3","","1","0","0","1","0"
"POINT (9.212862843000041 49.152856139000100)","Unfall 205544 (2022) Kat:3, Licht: 0","205544","3","6","4","09","12","2","","0","0","1","0","0"
"POINT (9.206978051000020 49.157463736000103)","Unfall 205593 (2022) Kat:3, Licht: 0","205593","3","2","3","10","10","5","","0","0","1","0","0"
"POINT (9.185150606000040 49.135588845000001)","Unfall 205688 (2022) Kat:3, Licht: 2","205688","3","5","1","10","22","1","","2","0","1","0","0"
"POINT (9.195829699000059 49.131168750000001)","Unfall 205740 (2022) Kat:3, Licht: 0","205740","3","3","5","10","17","6","","0","1","1","0","0"
"POINT (9.219281869000040 49.130161665999999)","Unfall 205847 (2022) Kat:3, Licht: 0","205847","3","4","6","10","18","1","","0","0","1","1","0"
"POINT (9.218553792000019 49.145832634999998)","Unfall 205896 (2022) Kat:3, Licht: 1","205896","3","7","0","11","07","3","","1","1","0","0","0"
"POINT (9.194697531000029 49.121005372000099)","Unfall 205912 (2022) Kat:3, Licht: 0","205912","3","1","0","10","15","7","","0","1","0","0","0"
"POINT (9.189498545000051 49.131852008000102)","Unfall 205948 (2022) Kat:3, Licht: 0","205948","3","3","5","10","09","2","","0","1","1","0","0"
"POINT (9.220919723000071 49.144815085000097)","Unfall 206086 (2022) Kat:3, Licht: 0","206086","3","4","0","11","14","5","","0","0","0","1","0"
"POINT (9.193753440000020 49.119358048000002)","Unfall 206307 (2022) Kat:3, Licht: 0","206307","3","7","0","10","15","4","","0","1","0","0","0"
"POINT (9.218507457000040 49.145712601000099)","Unfall 206341 (2022) Kat:3, Licht: 0","206341","3","3","5","10","17","1","","0","1","1","0","0"
"POINT (9.229377619000051 49.139978256000099)","Unfall 206386 (2022) Kat:3, Licht: 2","206386","3","3","0","10","07","2","","2","1","1","0","0"
"POINT (9.230552716000030 49.131430051000102)","Unfall 206482 (2022) Kat:3, Licht: 0","206482","3","3","5","10","15","5","","0","0","1","0","1"
"POINT (9.240019708000030 49.138272335000103)","Unfall 206538 (2022) Kat:3, Licht: 0","206538","3","1","0","11","14","4","","0","1","0","0","0"
"POINT (9.185198758000070 49.184456813000097)","Unfall 206584 (2022) Kat:3, Licht: 0","206584","3","3","5","10","12","5","","0","0","1","0","0"
"POINT (9.219110067000029 49.141957455000103)","Unfall 206600 (2022) Kat:3, Licht: 0","206600","3","4","6","10","12","2","","0","0","0","1","0"
"POINT (9.222315502000070 49.141710318999998)","Unfall 206764 (2022) Kat:2, Licht: 1","206764","2","4","6","11","08","5","","1","0","1","1","0"
"POINT (9.184853911000060 49.151875040000000)","Unfall 206918 (2022) Kat:3, Licht: 1","206918","3","6","1","12","17","7","","1","0","0","0","1"
"POINT (9.223786134000020 49.132230999000100)","Unfall 206936 (2022) Kat:3, Licht: 0","206936","3","3","5","11","15","7","","0","0","1","0","0"
"POINT (9.224321084000049 49.130287346000003)","Unfall 206970 (2022) Kat:3, Licht: 2","206970","3","5","1","11","22","5","","2","0","1","0","0"
"POINT (9.197378279000080 49.169436131000097)","Unfall 207015 (2022) Kat:3, Licht: 2","207015","3","4","6","11","22","7","","2","0","1","1","0"
"POINT (9.207132812000051 49.121864765000097)","Unfall 207050 (2022) Kat:3, Licht: 1","207050","3","6","3","11","07","4","","1","1","1","0","0"
"POINT (9.185477330000030 49.148109992999998)","Unfall 207080 (2022) Kat:3, Licht: 2","207080","3","4","6","11","18","7","","2","0","1","1","0"
"POINT (9.223057382000039 49.144442609000102)","Unfall 207084 (2022) Kat:3, Licht: 2","207084","3","6","3","12","19","5","","2","0","1","0","0"
"POINT (9.181947890000060 49.179126060000002)","Unfall 207183 (2022) Kat:3, Licht: 0","207183","3","6","4","11","14","2","","0","0","1","0","0"
"POINT (9.193061868000029 49.125718524000000)","Unfall 207185 (2022) Kat:3, Licht: 2","207185","3","1","5","11","20","5","","2","0","1","0","0"
"POINT (9.225120867000040 49.144806855000098)","Unfall 207286 (2022) Kat:3, Licht: 2","207286","3","7","0","12","22","6","","2","0","0","0","0"
"POINT (9.220129302000030 49.133094847000102)","Unfall 207430 (2022) Kat:3, Licht: 2","207430","3","2","6","11","20","7","","2","0","1","1","0"
"POINT (9.245027468000050 49.140974311000001)","Unfall 207511 (2022) Kat:2, Licht: 0","207511","2","3","5","11","14","3","","0","1","1","0","0"
"POINT (9.167552346000040 49.184061552000102)","Unfall 207544 (2022) Kat:3, Licht: 2","207544","3","2","5","11","06","4","","2","1","1","0","0"
"POINT (9.221160221000050 49.137497109999998)","Unfall 207646 (2022) Kat:3, Licht: 2","207646","3","1","9","11","02","7","","2","0","1","0","0"
"POINT (9.203226024000060 49.143231045000100)","Unfall 207656 (2022) Kat:3, Licht: 2","207656","3","6","2","12","22","5","","2","0","1","0","0"
"POINT (9.221699838000060 49.140462399999997)","Unfall 207701 (2022) Kat:3, Licht: 0","207701","3","6","6","12","12","2","","0","1","0","1","0"
"POINT (9.203983058000061 49.138897264000001)","Unfall 207868 (2022) Kat:3, Licht: 2","207868","3","2","5","12","16","2","","2","0","1","0","0"
"POINT (9.219254995000030 49.144857535000000)","Unfall 207970 (2022) Kat:3, Licht: 2","207970","3","7","5","12","18","2","","2","0","1","0","0"
"POINT (9.218631060000060 49.145462613000099)","Unfall 208033 (2022) Kat:3, Licht: 0","208033","3","6","6","12","10","4","","0","0","0","1","0"
"POINT (9.219440500000079 49.138425865000002)","Unfall 208157 (2022) Kat:3, Licht: 0","208157","3","6","2","12","13","7","","0","0","1","0","0"
"POINT (9.220130100000061 49.141744852999999)","Unfall 208199 (2022) Kat:2, Licht: 2","208199","2","7","0","12","06","2","","2","1","0","0","0"
"POINT (9.232101022000050 49.145632571000100)","Unfall 208203 (2022) Kat:3, Licht: 0","208203","3","7","6","12","15","7","","0","0","1","1","0"
"POINT (9.185565048000059 49.184342748000098)","Unfall 208260 (2022) Kat:3, Licht: 1","208260","3","3","5","12","17","5","","1","1","1","0","0"
"POINT (9.216779511000031 49.139088712000003)","Unfall 208567 (2022) Kat:3, Licht: 0","208567","3","7","0","12","10","6","","0","0","1","0","0"
"POINT (9.202229089000070 49.166025803000103)","Unfall 208629 (2022) Kat:3, Licht: 0","208629","3","3","5","12","12","7","","0","1","1","0","0"
"POINT (9.203485018000038 49.151993626000035)","Unfall 79294 (2023) Kat:3, Licht: 2","79294","3","6","2","01","17","5","","2","0","1","0","0"
"POINT (9.195407231000047 49.122745630000054)","Unfall 79313 (2023) Kat:2, Licht: 2","79313","2","4","6","01","06","4","","2","0","1","1","0"
"POINT (9.229957761000037 49.142691537000076)","Unfall 79331 (2023) Kat:3, Licht: 2","79331","3","4","6","01","19","3","","2","0","1","1","0"
"POINT (9.194157453000059 49.142050227000027)","Unfall 79430 (2023) Kat:3, Licht: 2","79430","3","3","5","01","05","4","","2","0","1","0","0"
"POINT (9.224008599000058 49.168051953000031)","Unfall 79444 (2023) Kat:3, Licht: 2","79444","3","6","4","01","18","3","","2","0","1","0","0"
"POINT (9.218675637000047 49.146256226000048)","Unfall 79706 (2023) Kat:3, Licht: 2","79706","3","3","5","01","21","5","","2","0","1","0","0"
"POINT (9.207523491000075 49.151385987000026)","Unfall 82567 (2023) Kat:3, Licht: 0","82567","3","7","0","01","12","7","","0","1","0","0","0"
"POINT (9.214891075000025 49.150025081000081)","Unfall 82823 (2023) Kat:3, Licht: 2","82823","3","1","0","02","04","7","","2","0","1","0","0"
"POINT (9.195004900000072 49.185704652000027)","Unfall 82845 (2023) Kat:3, Licht: 0","82845","3","6","1","02","07","6","","0","0","1","0","0"
"POINT (9.140757273000077 49.123720171000059)","Unfall 82986 (2023) Kat:3, Licht: 0","82986","3","1","8","02","11","3","","0","0","1","0","0"
"POINT (9.196030821000022 49.186583052000060)","Unfall 83057 (2023) Kat:2, Licht: 0","83057","2","1","9","02","08","1","","0","0","1","0","0"
"POINT (9.189884434000021 49.141144659000076)","Unfall 83113 (2023) Kat:3, Licht: 0","83113","3","6","1","02","16","4","","0","0","1","0","0"
"POINT (9.213883349000071 49.147901391000062)","Unfall 83152 (2023) Kat:3, Licht: 2","83152","3","6","3","02","18","1","","2","0","1","0","0"
"POINT (9.132676266000033 49.179786299000057)","Unfall 83207 (2023) Kat:3, Licht: 2","83207","3","2","4","02","06","4","","2","0","1","0","0"
"POINT (9.216056281000021 49.131019418000051)","Unfall 83847 (2023) Kat:3, Licht: 0","83847","3","7","0","01","15","3","","0","1","0","0","0"
"POINT (9.147902525000063 49.202008466000052)","Unfall 83942 (2023) Kat:1, Licht: 2","83942","1","1","9","04","00","1","","2","0","1","0","0"
"POINT (9.198087603000033 49.132217979000075)","Unfall 83943 (2023) Kat:1, Licht: 0","83943","1","1","8","04","17","1","","0","0","0","0","1"
"POINT (9.121808376000047 49.187465244000066)","Unfall 84001 (2023) Kat:3, Licht: 2","84001","3","6","3","03","23","6","","2","0","1","0","0"
"POINT (9.214519837000068 49.149674602000061)","Unfall 84004 (2023) Kat:3, Licht: 2","84004","3","2","3","03","21","6","","2","0","1","0","0"
"POINT (9.197934442000076 49.168327741000041)","Unfall 84101 (2023) Kat:3, Licht: 2","84101","3","3","5","03","06","3","","2","1","1","0","0"
"POINT (9.213972960000035 49.147928274000037)","Unfall 84150 (2023) Kat:3, Licht: 0","84150","3","6","3","03","13","2","","0","0","1","0","0"
"POINT (9.142339264000043 49.187392432000081)","Unfall 84180 (2023) Kat:3, Licht: 0","84180","3","6","2","03","07","3","","0","0","1","0","0"
"POINT (9.176014525000028 49.189398088000075)","Unfall 84226 (2023) Kat:3, Licht: 0","84226","3","1","8","03","18","6","","0","0","1","0","0"
"POINT (9.183176192000076 49.125747720000049)","Unfall 84352 (2023) Kat:3, Licht: 0","84352","3","6","4","03","12","3","","0","0","1","0","0"
"POINT (9.191878295000038 49.167594104000045)","Unfall 84353 (2023) Kat:3, Licht: 0","84353","3","2","5","03","07","3","","0","0","1","0","1"
"POINT (9.210092939000049 49.169546699000080)","Unfall 84354 (2023) Kat:3, Licht: 0","84354","3","6","3","03","17","3","","0","0","1","0","0"
"POINT (9.159512676000077 49.140283894000049)","Unfall 84421 (2023) Kat:3, Licht: 0","84421","3","3","5","03","14","1","","0","0","1","0","1"
"POINT (9.193979328000069 49.124167013000033)","Unfall 84422 (2023) Kat:3, Licht: 2","84422","3","1","1","03","01","1","","2","0","1","0","0"
"POINT (9.200872789000073 49.168959484000027)","Unfall 84561 (2023) Kat:3, Licht: 0","84561","3","6","3","03","07","5","","0","0","1","0","1"
"POINT (9.225282300000060 49.157798112000080)","Unfall 84562 (2023) Kat:3, Licht: 0","84562","3","6","2","03","18","5","","0","0","1","0","0"
"POINT (9.196768296000073 49.152261924000072)","Unfall 84618 (2023) Kat:3, Licht: 0","84618","3","3","5","03","11","4","","0","0","1","0","0"
"POINT (9.141670487000056 49.187448163000056)","Unfall 84728 (2023) Kat:3, Licht: 2","84728","3","7","8","03","05","1","","2","0","0","0","0"
"POINT (9.204239835000067 49.138261916000033)","Unfall 84756 (2023) Kat:3, Licht: 2","84756","3","6","2","03","21","7","","2","0","1","0","0"
"POINT (9.184551239000029 49.146015494000039)","Unfall 84760 (2023) Kat:3, Licht: 0","84760","3","6","2","03","10","7","","0","1","1","0","0"
"POINT (9.172667985000032 49.139753226000039)","Unfall 84761 (2023) Kat:3, Licht: 2","84761","3","7","9","03","03","7","","2","0","1","0","0"
"POINT (9.189907230000074 49.119818741000074)","Unfall 84790 (2023) Kat:3, Licht: 0","84790","3","3","5","03","13","1","","0","1","1","0","0"
"POINT (9.230035939000061 49.163144072000080)","Unfall 84802 (2023) Kat:3, Licht: 0","84802","3","7","0","03","17","6","","0","1","0","0","0"
"POINT (9.200726583000062 49.151947589000031)","Unfall 84886 (2023) Kat:3, Licht: 0","84886","3","7","0","03","16","6","","0","1","0","0","0"
"POINT (9.203686267000023 49.171943775000045)","Unfall 84902 (2023) Kat:3, Licht: 0","84902","3","6","2","03","15","4","","0","0","1","0","0"
"POINT (9.200560166000059 49.152648193000061)","Unfall 84903 (2023) Kat:3, Licht: 0","84903","3","6","2","03","12","4","","0","0","1","0","0"
"POINT (9.218696284000032 49.178436924000039)","Unfall 84904 (2023) Kat:2, Licht: 0","84904","2","7","0","03","13","4","","0","0","0","0","1"
"POINT (9.222848602000056 49.125680921000026)","Unfall 84905 (2023) Kat:3, Licht: 0","84905","3","6","2","03","08","4","","0","0","1","0","0"
"POINT (9.213205037000023 49.150422414000047)","Unfall 84948 (2023) Kat:3, Licht: 0","84948","3","3","5","03","12","3","","0","1","1","0","0"
"POINT (9.200409705000027 49.151922183000067)","Unfall 84986 (2023) Kat:3, Licht: 0","84986","3","3","5","03","11","2","","0","0","1","0","0"
"POINT (9.214573605000055 49.149753344000032)","Unfall 85012 (2023) Kat:3, Licht: 2","85012","3","1","9","03","23","1","","2","0","1","0","0"
"POINT (9.218419461000053 49.133196540000029)","Unfall 85172 (2023) Kat:3, Licht: 0","85172","3","6","3","03","10","4","","0","0","1","0","0"
"POINT (9.133294945000046 49.185831987000029)","Unfall 85264 (2023) Kat:3, Licht: 0","85264","3","6","1","03","07","5","","0","0","1","0","0"
"POINT (9.162059265000039 49.188556302000052)","Unfall 85305 (2023) Kat:3, Licht: 0","85305","3","6","2","03","15","4","","0","0","1","0","0"
"POINT (9.189432348000025 49.119668122000064)","Unfall 85528 (2023) Kat:3, Licht: 0","85528","3","1","0","02","15","2","","0","1","0","0","0"
"POINT (9.229583303000027 49.139394878000076)","Unfall 85752 (2023) Kat:3, Licht: 0","85752","3","7","0","05","17","1","","0","1","0","0","0"
"POINT (9.224002297000027 49.127632392000066)","Unfall 85952 (2023) Kat:3, Licht: 0","85952","3","6","2","05","07","3","","0","0","1","0","0"
"POINT (9.222498896000047 49.124093631000051)","Unfall 85953 (2023) Kat:3, Licht: 0","85953","3","3","6","05","09","3","","0","0","1","1","0"
"POINT (9.201727979000054 49.184892305000062)","Unfall 86001 (2023) Kat:3, Licht: 0","86001","3","7","0","05","06","2","","0","0","1","0","1"
"POINT (9.204482851000023 49.126817060000064)","Unfall 86003 (2023) Kat:3, Licht: 0","86003","3","2","5","05","16","2","","0","0","1","0","0"
"POINT (9.214922893000050 49.150076733000049)","Unfall 86102 (2023) Kat:3, Licht: 0","86102","3","7","5","05","19","6","","0","1","1","0","0"
"POINT (9.202476322000052 49.185835812000050)","Unfall 86180 (2023) Kat:3, Licht: 2","86180","3","6","2","05","23","4","","2","0","1","0","0"
"POINT (9.217077653000047 49.125855055000045)","Unfall 86183 (2023) Kat:3, Licht: 2","86183","3","3","5","05","23","4","","2","0","1","0","0"
"POINT (9.218672924000032 49.134242278000045)","Unfall 86223 (2023) Kat:3, Licht: 0","86223","3","7","0","05","16","3","","0","1","0","0","0"
"POINT (9.225401931000022 49.168178432000047)","Unfall 86275 (2023) Kat:3, Licht: 0","86275","3","6","2","05","13","2","","0","0","1","0","0"
"POINT (9.199560317000021 49.138286445000062)","Unfall 86529 (2023) Kat:3, Licht: 0","86529","3","6","2","05","13","4","","0","0","1","0","0"
"POINT (9.229788922000068 49.142482621000056)","Unfall 86530 (2023) Kat:3, Licht: 0","86530","3","3","5","05","14","4","","0","1","1","0","0"
"POINT (9.226114720000055 49.164721709000048)","Unfall 86531 (2023) Kat:2, Licht: 2","86531","2","1","9","05","04","4","","2","0","1","0","0"
"POINT (9.222881707000056 49.168199880000031)","Unfall 86696 (2023) Kat:3, Licht: 1","86696","3","6","3","05","20","4","","1","0","1","0","1"
"POINT (9.214033087000075 49.148466190000079)","Unfall 86699 (2023) Kat:3, Licht: 2","86699","3","1","8","04","01","7","","2","0","1","0","0"
"POINT (9.135177851000037 49.186396495000054)","Unfall 86764 (2023) Kat:3, Licht: 2","86764","3","6","3","04","23","6","","2","0","1","0","0"
"POINT (9.112823570000046 49.191457613000068)","Unfall 86766 (2023) Kat:2, Licht: 2","86766","2","6","7","04","22","6","","2","0","1","0","0"
"POINT (9.217991448000021 49.131239213000072)","Unfall 86816 (2023) Kat:3, Licht: 0","86816","3","7","8","04","13","5","","0","1","0","0","0"
"POINT (9.207290346000036 49.151442884000062)","Unfall 86831 (2023) Kat:3, Licht: 0","86831","3","3","6","05","12","2","","0","1","0","1","0"
"POINT (9.193973918000040 49.124162894000051)","Unfall 86874 (2023) Kat:3, Licht: 0","86874","3","3","5","05","15","4","","0","0","1","0","0"
"POINT (9.197850105000043 49.131586199000026)","Unfall 86877 (2023) Kat:3, Licht: 0","86877","3","6","2","05","16","3","","0","0","1","0","0"
"POINT (9.229931943000054 49.145730656000069)","Unfall 86915 (2023) Kat:3, Licht: 0","86915","3","7","5","04","12","3","","0","1","1","0","0"
"POINT (9.155463307000048 49.188066572000025)","Unfall 86960 (2023) Kat:3, Licht: 0","86960","3","6","2","04","14","2","","0","0","1","0","0"
"POINT (9.193195933000027 49.125681061000080)","Unfall 87010 (2023) Kat:3, Licht: 0","87010","3","6","2","04","12","1","","0","0","1","0","0"
"POINT (9.183686317000024 49.140802468000061)","Unfall 87156 (2023) Kat:3, Licht: 2","87156","3","7","0","04","20","6","","2","0","1","0","0"
"POINT (9.203944500000034 49.168999059000043)","Unfall 87157 (2023) Kat:3, Licht: 1","87157","3","1","0","04","20","6","","1","1","0","0","0"
"POINT (9.190608062000024 49.141137308000054)","Unfall 87324 (2023) Kat:3, Licht: 2","87324","3","6","2","04","21","3","","2","0","1","0","0"
"POINT (9.214547930000037 49.130270642000028)","Unfall 87325 (2023) Kat:3, Licht: 0","87325","3","3","5","04","10","3","","0","0","1","0","1"
"POINT (9.200030832000039 49.152805015000069)","Unfall 87373 (2023) Kat:3, Licht: 0","87373","3","1","2","04","17","2","","0","0","1","0","0"
"POINT (9.159483854000030 49.119214201000034)","Unfall 87498 (2023) Kat:3, Licht: 0","87498","3","6","2","04","13","6","","0","0","1","0","0"
"POINT (9.199610387000064 49.152542898000036)","Unfall 87553 (2023) Kat:3, Licht: 0","87553","3","3","5","04","07","5","","0","0","1","0","0"
"POINT (9.217869381000071 49.130776356000069)","Unfall 87589 (2023) Kat:2, Licht: 2","87589","2","3","5","04","22","2","","2","0","1","0","1"
"POINT (9.189354742000035 49.143304013000034)","Unfall 87685 (2023) Kat:3, Licht: 0","87685","3","7","0","05","17","7","","0","0","1","0","0"
"POINT (9.218939636000073 49.169175552000070)","Unfall 87701 (2023) Kat:3, Licht: 0","87701","3","6","1","04","14","5","","0","0","0","0","1"
"POINT (9.145330802000046 49.176645394000047)","Unfall 87764 (2023) Kat:2, Licht: 0","87764","2","2","5","04","15","7","","0","0","1","0","0"
"POINT (9.220508366000047 49.134379644000035)","Unfall 87805 (2023) Kat:2, Licht: 2","87805","2","3","5","04","00","6","","2","0","1","0","0"
"POINT (9.204937635000022 49.169159783000055)","Unfall 87843 (2023) Kat:3, Licht: 0","87843","3","6","2","05","16","4","","0","0","1","0","0"
"POINT (9.233647954000048 49.148534015000052)","Unfall 88000 (2023) Kat:3, Licht: 1","88000","3","2","4","04","06","3","","1","0","1","0","1"
"POINT (9.225429645000077 49.157813549000082)","Unfall 88002 (2023) Kat:3, Licht: 0","88002","3","6","1","04","09","3","","0","0","1","0","0"
"POINT (9.213953447000051 49.147920814000031)","Unfall 88206 (2023) Kat:3, Licht: 0","88206","3","6","3","06","11","7","","0","0","1","0","0"
"POINT (9.218265616000053 49.172961713000063)","Unfall 88251 (2023) Kat:3, Licht: 0","88251","3","6","2","06","10","6","","0","0","1","0","0"
"POINT (9.211671376000027 49.150837192000040)","Unfall 88454 (2023) Kat:3, Licht: 0","88454","3","3","5","06","05","2","","0","0","1","0","0"
"POINT (9.182207650000066 49.117434845000048)","Unfall 88743 (2023) Kat:3, Licht: 2","88743","3","2","4","05","21","4","","2","0","1","0","0"
"POINT (9.220600000000047 49.134373423000056)","Unfall 88744 (2023) Kat:3, Licht: 0","88744","3","3","5","05","18","4","","0","0","1","0","0"
"POINT (9.197740497000041 49.186662277000039)","Unfall 89114 (2023) Kat:3, Licht: 1","89114","3","1","9","06","21","2","","1","0","1","0","0"
"POINT (9.197226352000030 49.141792610000039)","Unfall 89150 (2023) Kat:3, Licht: 0","89150","3","7","0","05","15","5","","0","0","0","0","0"
"POINT (9.200499311000044 49.142305845000067)","Unfall 89151 (2023) Kat:3, Licht: 0","89151","3","1","8","05","20","5","","0","0","0","0","1"
"POINT (9.219135449000021 49.168993491000037)","Unfall 89152 (2023) Kat:3, Licht: 2","89152","3","1","8","05","22","5","","2","0","1","0","0"
"POINT (9.221786303000044 49.150356726000041)","Unfall 89153 (2023) Kat:3, Licht: 2","89153","3","6","1","05","21","5","","2","0","1","0","1"