WKT,Name,OBJECTID,UKATEGORIE,UTYP1,UART,UMONAT,USTUNDE,UWOCHENTAG,STRZUSTAND,ULICHTVERH,ISTRAD,ISTPKW,ISTFUSS,ISTKRAD
"POINT (9.201732495000044 49.182544991000043)","Unfall 89329 (2023) Kat:3, Licht: 0","89329","3","6","2","07","19","3","","0","0","1","0","0"
"POINT (9.209178522000059 49.138317885000049)","Unfall 89330 (2023) Kat:3, Licht: 0","89330","3","6","0","07","12","3","","0","0","1","0","0"
"POINT (9.197672349000072 49.124051394000048)","Unfall 89331 (2023) Kat:3, Licht: 0","89331","3","7","5","07","17","3","","0","1","1","0","0"
"POINT (9.207617688000028 49.151369883000029)","Unfall 89532 (2023) Kat:3, Licht: 0","89532","3","2","3","07","14","6","","0","1","1","0","0"
"POINT (9.218349045000025 49.180248770000048)","Unfall 89533 (2023) Kat:3, Licht: 0","89533","3","6","1","07","16","6","","0","0","1","0","0"
"POINT (9.214492553000071 49.149399150000079)","Unfall 89594 (2023) Kat:3, Licht: 0","89594","3","7","0","07","17","5","","0","1","0","0","0"
"POINT (9.169008680000047 49.189183320000041)","Unfall 89654 (2023) Kat:3, Licht: 0","89654","3","1","9","07","07","4","","0","0","1","0","0"
"POINT (9.235118312000054 49.148491730000046)","Unfall 89656 (2023) Kat:3, Licht: 0","89656","3","6","2","07","07","4","","0","0","1","0","0"
"POINT (9.194672668000067 49.186922305000053)","Unfall 89706 (2023) Kat:3, Licht: 2","89706","3","6","2","07","01","3","","2","0","1","0","0"
"POINT (9.197566117000065 49.186903538000081)","Unfall 89806 (2023) Kat:2, Licht: 0","89806","2","1","9","07","16","1","","0","0","1","0","0"
"POINT (9.225407956000026 49.158040599000060)","Unfall 89810 (2023) Kat:3, Licht: 0","89810","3","3","5","07","20","1","","0","1","1","0","0"
"POINT (9.229788913000050 49.140511113000059)","Unfall 89812 (2023) Kat:3, Licht: 0","89812","3","3","5","07","11","1","","0","1","1","0","0"
"POINT (9.105664375000060 49.194190720000051)","Unfall 89903 (2023) Kat:2, Licht: 0","89903","2","6","2","06","18","6","","0","0","1","0","0"
"POINT (9.218194251000057 49.132290940000075)","Unfall 89905 (2023) Kat:3, Licht: 0","89905","3","7","0","06","20","6","","0","0","0","0","0"
"POINT (9.204033458000026 49.169044573000065)","Unfall 89968 (2023) Kat:3, Licht: 2","89968","3","7","2","06","21","5","","2","1","1","0","0"
"POINT (9.250208455000063 49.151708537000047)","Unfall 89969 (2023) Kat:3, Licht: 0","89969","3","3","5","06","09","5","","0","0","1","0","1"
"POINT (9.203978399000050 49.169003165000049)","Unfall 90034 (2023) Kat:2, Licht: 0","90034","2","2","3","06","14","4","","0","1","0","0","0"
"POINT (9.221815567000021 49.150982095000074)","Unfall 90035 (2023) Kat:3, Licht: 0","90035","3","2","3","06","08","4","","0","1","1","0","0"
"POINT (9.225468468000031 49.157890880000082)","Unfall 90036 (2023) Kat:3, Licht: 0","90036","3","3","5","06","14","4","","0","0","1","0","0"
"POINT (9.224975684000071 49.170747419000065)","Unfall 90084 (2023) Kat:3, Licht: 0","90084","3","6","3","06","14","3","","0","0","1","0","0"
"POINT (9.164418092000062 49.140095687000041)","Unfall 90085 (2023) Kat:2, Licht: 0","90085","2","7","6","06","07","3","","0","0","1","1","0"
"POINT (9.189958471000068 49.107373119000044)","Unfall 90086 (2023) Kat:2, Licht: 0","90086","2","3","5","06","10","3","","0","0","1","0","0"
"POINT (9.150084606000064 49.119747908000079)","Unfall 90217 (2023) Kat:2, Licht: 0","90217","2","7","0","06","20","1","","0","0","0","0","0"
"POINT (9.192986308000059 49.125742864000074)","Unfall 90218 (2023) Kat:3, Licht: 2","90218","3","3","0","06","00","1","","2","0","1","0","1"
"POINT (9.185108879000040 49.108057092000081)","Unfall 90408 (2023) Kat:3, Licht: 2","90408","3","6","2","06","00","5","","2","0","1","0","0"
"POINT (9.201398336000068 49.176612121000062)","Unfall 90464 (2023) Kat:1, Licht: 0","90464","1","1","4","06","12","4","","0","0","0","0","1"
"POINT (9.200009337000040 49.184198573000060)","Unfall 90615 (2023) Kat:3, Licht: 0","90615","3","6","4","06","06","2","","0","1","0","0","0"
"POINT (9.197957331000055 49.131609545000060)","Unfall 90665 (2023) Kat:3, Licht: 0","90665","3","6","2","06","13","1","","0","0","1","0","0"
"POINT (9.136398681000060 49.186376220000056)","Unfall 90714 (2023) Kat:3, Licht: 0","90714","3","6","5","06","13","7","","0","0","1","0","0"
"POINT (9.195058431000064 49.122532765000074)","Unfall 90783 (2023) Kat:3, Licht: 0","90783","3","7","2","06","10","6","","0","1","0","0","0"
"POINT (9.204286615000058 49.138163719000033)","Unfall 90829 (2023) Kat:3, Licht: 2","90829","3","4","6","07","22","3","","2","0","1","1","0"
"POINT (9.178536194000060 49.163804375000041)","Unfall 90944 (2023) Kat:3, Licht: 1","90944","3","7","0","06","22","4","","1","1","0","0","0"
"POINT (9.196884015000023 49.141837206000048)","Unfall 90986 (2023) Kat:2, Licht: 2","90986","2","1","9","07","22","3","","2","0","0","0","1"
"POINT (9.214156322000065 49.130079588000058)","Unfall 91049 (2023) Kat:3, Licht: 0","91049","3","5","1","06","17","4","","0","1","1","0","0"
"POINT (9.209558702000038 49.138138876000028)","Unfall 91085 (2023) Kat:3, Licht: 0","91085","3","6","3","08","12","6","","0","0","1","0","0"
"POINT (9.217994014000055 49.131394168000043)","Unfall 91126 (2023) Kat:3, Licht: 2","91126","3","1","9","08","22","5","","2","0","1","0","0"
"POINT (9.219301698000038 49.159228511000038)","Unfall 91170 (2023) Kat:3, Licht: 0","91170","3","7","4","08","14","4","","0","1","0","0","0"
"POINT (9.216019446000075 49.151856688000066)","Unfall 91208 (2023) Kat:3, Licht: 0","91208","3","7","0","08","13","3","","0","1","0","0","0"
"POINT (9.220245599000066 49.133021921000079)","Unfall 91241 (2023) Kat:3, Licht: 0","91241","3","6","3","08","14","2","","0","0","1","0","1"
"POINT (9.221844493000049 49.151233915000034)","Unfall 91284 (2023) Kat:3, Licht: 2","91284","3","6","1","08","23","1","","2","0","1","0","0"
"POINT (9.194165334000047 49.142049542000052)","Unfall 91783 (2023) Kat:3, Licht: 0","91783","3","6","2","08","08","3","","0","0","1","0","1"
"POINT (9.221813895000025 49.150967542000046)","Unfall 91784 (2023) Kat:3, Licht: 0","91784","3","3","5","08","13","3","","0","1","1","0","0"
"POINT (9.226196203000029 49.130979923000041)","Unfall 91785 (2023) Kat:3, Licht: 0","91785","3","5","1","08","16","3","","0","0","1","0","0"
"POINT (9.171351413000025 49.139792442000044)","Unfall 91786 (2023) Kat:3, Licht: 0","91786","3","6","2","08","09","3","","0","0","1","0","0"
"POINT (9.204046593000044 49.151946505000069)","Unfall 91897 (2023) Kat:3, Licht: 0","91897","3","6","2","08","11","7","","0","0","1","0","0"
"POINT (9.219054605000053 49.134394916000076)","Unfall 91988 (2023) Kat:3, Licht: 2","91988","3","2","6","08","22","5","","2","0","1","1","0"
"POINT (9.135166411000057 49.186226453000074)","Unfall 92120 (2023) Kat:2, Licht: 0","92120","2","6","2","07","16","2","","0","0","1","0","0"
"POINT (9.175998376000052 49.189398354000048)","Unfall 92160 (2023) Kat:3, Licht: 0","92160","3","1","8","07","07","1","","0","0","1","0","0"
"POINT (9.187772884000026 49.127069847000030)","Unfall 92269 (2023) Kat:3, Licht: 0","92269","3","6","2","07","14","6","","0","0","1","0","0"
"POINT (9.109440652000046 49.183694095000078)","Unfall 92270 (2023) Kat:3, Licht: 0","92270","3","7","0","07","13","6","","0","0","1","1","0"
"POINT (9.223354051000058 49.153859355000066)","Unfall 92326 (2023) Kat:3, Licht: 2","92326","3","3","5","07","23","5","","2","0","1","0","0"
"POINT (9.218495431000065 49.146256430000051)","Unfall 92327 (2023) Kat:3, Licht: 0","92327","3","6","2","07","17","5","","0","0","1","0","0"
"POINT (9.251542444000052 49.153642873000081)","Unfall 92392 (2023) Kat:3, Licht: 0","92392","3","5","1","07","12","4","","0","0","1","0","0"
"POINT (9.212657812000032 49.150662366000063)","Unfall 92457 (2023) Kat:3, Licht: 0","92457","3","6","2","07","14","3","","0","0","1","0","0"
"POINT (9.198416487000031 49.133734809000032)","Unfall 92511 (2023) Kat:3, Licht: 0","92511","3","1","0","07","13","2","","0","0","0","0","1"
"POINT (9.216941804000044 49.131459764000056)","Unfall 92513 (2023) Kat:3, Licht: 0","92513","3","6","3","07","07","2","","0","1","1","0","0"
"POINT (9.184934465000026 49.108045578000031)","Unfall 92566 (2023) Kat:3, Licht: 2","92566","3","2","5","07","00","1","","2","0","1","0","0"
"POINT (9.224453467000046 49.156114482000078)","Unfall 92567 (2023) Kat:3, Licht: 0","92567","3","6","3","07","20","1","","0","0","1","0","0"
"POINT (9.222904137000057 49.146295762000079)","Unfall 92625 (2023) Kat:3, Licht: 2","92625","3","6","2","07","22","7","","2","0","1","0","0"
"POINT (9.214421163000054 49.149520452000047)","Unfall 92679 (2023) Kat:3, Licht: 0","92679","3","6","2","07","16","6","","0","0","1","0","0"
"POINT (9.198201205000032 49.137166222000076)","Unfall 92836 (2023) Kat:3, Licht: 2","92836","3","1","9","07","22","4","","2","0","0","0","1"
"POINT (9.193629843000053 49.121704898000075)","Unfall 92969 (2023) Kat:3, Licht: 0","92969","3","6","3","07","12","2","","0","1","0","0","0"
"POINT (9.162080570000057 49.188390249000065)","Unfall 93101 (2023) Kat:3, Licht: 2","93101","3","1","8","07","22","7","","2","0","1","0","0"
"POINT (9.179360120000069 49.164000599000076)","Unfall 93106 (2023) Kat:3, Licht: 0","93106","3","3","5","07","18","7","","0","1","1","0","0"
"POINT (9.235274974000049 49.109605160000058)","Unfall 93159 (2023) Kat:3, Licht: 0","93159","3","1","8","07","11","5","","0","0","1","0","0"
"POINT (9.222595580000075 49.152880454000069)","Unfall 93183 (2023) Kat:3, Licht: 1","93183","3","7","0","07","21","6","","1","1","0","0","0"
"POINT (9.203248302000077 49.158663101000059)","Unfall 93268 (2023) Kat:3, Licht: 0","93268","3","6","1","07","16","5","","0","0","1","0","0"
"POINT (9.141718336000054 49.187284305000048)","Unfall 93449 (2023) Kat:3, Licht: 0","93449","3","6","2","09","12","1","","0","0","1","0","0"
"POINT (9.195477563000054 49.141961941000034)","Unfall 93644 (2023) Kat:3, Licht: 2","93644","3","7","0","09","22","4","","2","1","0","0","0"
"POINT (9.233119152000029 49.164002750000066)","Unfall 93645 (2023) Kat:3, Licht: 0","93645","3","7","0","09","18","4","","0","1","0","0","0"
"POINT (9.224403232000043 49.146205555000051)","Unfall 93646 (2023) Kat:3, Licht: 0","93646","3","6","2","09","16","4","","0","0","1","0","0"
"POINT (9.199563514000033 49.152536697000073)","Unfall 93761 (2023) Kat:3, Licht: 0","93761","3","3","5","09","16","2","","0","0","1","0","0"
"POINT (9.222183071000075 49.146363396000027)","Unfall 93762 (2023) Kat:3, Licht: 0","93762","3","6","3","09","15","2","","0","0","1","0","0"
"POINT (9.209125470000060 49.138357308000082)","Unfall 93887 (2023) Kat:3, Licht: 1","93887","3","2","6","09","20","7","","1","0","1","1","0"
"POINT (9.218599200000028 49.157603880000067)","Unfall 93949 (2023) Kat:3, Licht: 0","93949","3","7","0","09","07","6","","0","1","0","0","0"
"POINT (9.203660740000032 49.126538141000026)","Unfall 93950 (2023) Kat:3, Licht: 0","93950","3","6","2","09","19","6","","0","0","1","0","0"
"POINT (9.197987087000058 49.186546518000057)","Unfall 94089 (2023) Kat:2, Licht: 2","94089","2","6","3","09","01","6","","2","0","1","0","0"
"POINT (9.218746943000042 49.146259379000071)","Unfall 94160 (2023) Kat:3, Licht: 2","94160","3","1","0","09","21","3","","2","0","0","0","1"
"POINT (9.215567539000062 49.151123156000040)","Unfall 94222 (2023) Kat:3, Licht: 0","94222","3","3","5","09","15","2","","0","1","1","0","0"
"POINT (9.214891075000025 49.150025081000081)","Unfall 94286 (2023) Kat:2, Licht: 0","94286","2","1","0","09","18","1","","0","0","0","0","1"
"POINT (9.197565135000048 49.129766322000080)","Unfall 94467 (2023) Kat:3, Licht: 0","94467","3","6","4","08","19","5","","0","0","1","0","0"
"POINT (9.143591384000047 49.112336805000041)","Unfall 94468 (2023) Kat:3, Licht: 0","94468","3","6","2","08","15","5","","0","0","1","0","0"
"POINT (9.217873628000063 49.134750069000063)","Unfall 94506 (2023) Kat:3, Licht: 0","94506","3","3","5","09","19","7","","0","1","1","0","0"
"POINT (9.219068459000027 49.131967886000041)","Unfall 94538 (2023) Kat:3, Licht: 2","94538","3","7","0","08","21","3","","2","1","0","0","0"
"POINT (9.197325298000067 49.168351719000043)","Unfall 94752 (2023) Kat:3, Licht: 0","94752","3","7","0","10","16","2","","0","0","0","0","0"
"POINT (9.143534739000074 49.122671403000027)","Unfall 95071 (2023) Kat:2, Licht: 0","95071","2","6","3","10","09","2","","0","0","1","0","1"
"POINT (9.193750376000025 49.186096878000058)","Unfall 95223 (2023) Kat:3, Licht: 2","95223","3","2","4","10","05","6","","2","0","1","0","0"
"POINT (9.218469348000042 49.179888772000027)","Unfall 95224 (2023) Kat:3, Licht: 0","95224","3","1","9","10","12","6","","0","0","1","0","0"
"POINT (9.200876679000032 49.155215958000042)","Unfall 95270 (2023) Kat:2, Licht: 2","95270","2","6","2","10","22","5","","2","0","1","0","0"
"POINT (9.188958442000057 49.141155844000082)","Unfall 95271 (2023) Kat:3, Licht: 0","95271","3","6","2","10","07","5","","0","0","1","0","0"
"POINT (9.224239524000041 49.155413583000040)","Unfall 95272 (2023) Kat:3, Licht: 0","95272","3","3","5","10","14","5","","0","1","1","0","0"
"POINT (9.175319748000049 49.139952515000061)","Unfall 95327 (2023) Kat:3, Licht: 0","95327","3","6","1","10","07","4","","0","0","1","0","0"
"POINT (9.168522818000042 49.122134950000031)","Unfall 95613 (2023) Kat:3, Licht: 1","95613","3","4","6","09","07","6","","1","0","1","1","0"
"POINT (9.215804075000051 49.146798095000065)","Unfall 95614 (2023) Kat:3, Licht: 0","95614","3","7","3","09","14","6","","0","0","1","0","1"
"POINT (9.212215342000036 49.129374135000035)","Unfall 95676 (2023) Kat:3, Licht: 0","95676","3","7","0","09","14","5","","0","1","1","0","0"
"POINT (9.196790814000053 49.141851194000026)","Unfall 95814 (2023) Kat:3, Licht: 0","95814","3","2","3","09","09","3","","0","1","0","0","0"
"POINT (9.151686626000071 49.140764153000077)","Unfall 95909 (2023) Kat:3, Licht: 0","95909","3","6","2","09","17","2","","0","0","1","0","0"
"POINT (9.224158421000027 49.155254415000059)","Unfall 95911 (2023) Kat:3, Licht: 0","95911","3","6","1","09","18","2","","0","0","1","0","0"
"POINT (9.221112946000062 49.168585224000026)","Unfall 96084 (2023) Kat:3, Licht: 0","96084","3","6","3","09","15","6","","0","0","1","0","0"
"POINT (9.145330802000046 49.176645394000047)","Unfall 96137 (2023) Kat:2, Licht: 0","96137","2","2","5","09","17","5","","0","0","1","0","0"
"POINT (9.190983514000038 49.167435981000040)","Unfall 96225 (2023) Kat:3, Licht: 0","96225","3","7","0","09","07","4","","0","1","0","0","0"
"POINT (9.214891075000025 49.150025081000081)","Unfall 96275 (2023) Kat:3, Licht: 0","96275","3","2","0","10","10","1","","0","0","0","0","1"
"POINT (9.218998762000069 49.147484620000057)","Unfall 96478 (2023) Kat:3, Licht: 1","96478","3","3","5","12","16","2","","1","1","1","0","0"
"POINT (9.168958548000035 49.122270440000079)","Unfall 96537 (2023) Kat:3, Licht: 2","96537","3","5","1","12","00","7","","2","0","1","0","0"
"POINT (9.207959057000039 49.138603261000071)","Unfall 96680 (2023) Kat:3, Licht: 0","96680","3","3","5","11","08","4","","0","1","1","0","0"
"POINT (9.214206553000054 49.136040956000045)","Unfall 96702 (2023) Kat:3, Licht: 1","96702","3","3","5","12","16","2","","1","1","1","0","0"
"POINT (9.193344966000041 49.187364427000034)","Unfall 96716 (2023) Kat:3, Licht: 2","96716","3","6","3","11","17","3","","2","0","1","0","0"
"POINT (9.219478100000060 49.160702859000025)","Unfall 96880 (2023) Kat:3, Licht: 2","96880","3","5","1","11","22","6","","2","0","1","0","0"
"POINT (9.225643975000025 49.167807258000039)","Unfall 96881 (2023) Kat:3, Licht: 0","96881","3","6","2","11","15","6","","0","0","1","0","0"
"POINT (9.148431306000020 49.188021601000059)","Unfall 96976 (2023) Kat:3, Licht: 2","96976","3","6","3","11","05","4","","2","0","1","0","0"
"POINT (9.194534862000069 49.168333279000080)","Unfall 96981 (2023) Kat:3, Licht: 2","96981","3","7","8","11","17","4","","2","1","0","0","0"
"POINT (9.221810159000029 49.150927276000061)","Unfall 97033 (2023) Kat:3, Licht: 0","97033","3","6","1","11","15","3","","0","0","1","0","1"
"POINT (9.145354737000048 49.176634159000059)","Unfall 97257 (2023) Kat:2, Licht: 2","97257","2","2","4","11","05","5","","2","0","1","0","0"
"POINT (9.199933933000068 49.152165285000081)","Unfall 97258 (2023) Kat:3, Licht: 2","97258","3","1","0","11","17","5","","2","0","0","0","1"
"POINT (9.221181503000025 49.146355550000067)","Unfall 97384 (2023) Kat:3, Licht: 0","97384","3","4","6","11","14","2","","0","0","0","1","0"
"POINT (9.208429112000033 49.138613976000045)","Unfall 97442 (2023) Kat:3, Licht: 2","97442","3","6","2","11","19","7","","2","0","1","0","0"
"POINT (9.200618238000061 49.154720102000056)","Unfall 97484 (2023) Kat:3, Licht: 0","97484","3","6","2","11","14","6","","0","0","1","0","0"
"POINT (9.224515261000022 49.155952618000072)","Unfall 97485 (2023) Kat:3, Licht: 0","97485","3","6","0","11","11","6","","0","0","1","0","1"
"POINT (9.199539328000071 49.138287343000059)","Unfall 97493 (2023) Kat:3, Licht: 2","97493","3","6","2","11","18","5","","2","0","1","0","0"
"POINT (9.200464852000039 49.151940923000041)","Unfall 97546 (2023) Kat:3, Licht: 0","97546","3","3","5","11","07","5","","0","0","1","0","0"
"POINT (9.230288513000062 49.145774045000053)","Unfall 97700 (2023) Kat:3, Licht: 1","97700","3","7","0","11","16","2","","1","1","1","0","0"
"POINT (9.148393951000060 49.188020498000071)","Unfall 97735 (2023) Kat:3, Licht: 0","97735","3","6","2","11","15","1","","0","0","1","0","0"
"POINT (9.222890819000042 49.125762357000042)","Unfall 97755 (2023) Kat:3, Licht: 2","97755","3","2","5","11","20","7","","2","0","1","0","0"
"POINT (9.141678412000033 49.187277353000070)","Unfall 97809 (2023) Kat:2, Licht: 2","97809","2","1","8","11","19","6","","2","0","1","0","0"
"POINT (9.183653757000059 49.164901364000059)","Unfall 97813 (2023) Kat:3, Licht: 2","97813","3","3","5","11","17","6","","2","1","1","0","0"
"POINT (9.213911522000046 49.113362401000074)","Unfall 97815 (2023) Kat:3, Licht: 2","97815","3","6","4","11","20","6","","2","0","1","0","0"
"POINT (9.147355254000047 49.113842621000060)","Unfall 97941 (2023) Kat:2, Licht: 0","97941","2","6","3","10","10","3","","0","0","1","0","0"
"POINT (9.218791898000063 49.169010356000058)","Unfall 97942 (2023) Kat:3, Licht: 0","97942","3","6","2","10","16","3","","0","0","1","0","0"
"POINT (9.211648449000052 49.150844696000036)","Unfall 98081 (2023) Kat:3, Licht: 2","98081","3","3","5","10","19","7","","2","0","1","0","0"
"POINT (9.225119974000052 49.146091468000066)","Unfall 98216 (2023) Kat:3, Licht: 0","98216","3","6","2","10","14","5","","0","0","1","0","0"
"POINT (9.229651357000023 49.141422368000065)","Unfall 98217 (2023) Kat:3, Licht: 0","98217","3","6","2","10","17","5","","0","0","1","0","0"
"POINT (9.194189813000037 49.142047414000047)","Unfall 98271 (2023) Kat:3, Licht: 0","98271","3","3","5","11","10","6","","0","0","1","0","0"
"POINT (9.176922928000067 49.140114850000032)","Unfall 98383 (2023) Kat:3, Licht: 1","98383","3","6","2","10","06","3","","1","0","1","0","0"
"POINT (9.157913627000028 49.169190405000052)","Unfall 98384 (2023) Kat:3, Licht: 2","98384","3","7","8","10","23","3","","2","0","1","0","0"
"POINT (9.229929710000022 49.143781950000061)","Unfall 98386 (2023) Kat:3, Licht: 0","98386","3","3","5","10","12","3","","0","0","1","0","0"
"POINT (9.184594395000033 49.146231153000031)","Unfall 98444 (2023) Kat:3, Licht: 0","98444","3","3","5","10","07","2","","0","0","1","0","1"
"POINT (9.218426170000043 49.172116369000037)","Unfall 98445 (2023) Kat:3, Licht: 0","98445","3","3","5","10","13","2","","0","0","1","0","0"
"POINT (9.223987685000054 49.154919020000079)","Unfall 98447 (2023) Kat:2, Licht: 0","98447","2","6","3","10","12","2","","0","0","1","0","1"
"POINT (9.184944900000062 49.108046267000077)","Unfall 98448 (2023) Kat:3, Licht: 0","98448","3","3","5","10","10","2","","0","0","0","0","0"
"POINT (9.222499382000024 49.124062278000054)","Unfall 98636 (2023) Kat:3, Licht: 2","98636","3","2","6","10","06","6","","2","0","1","1","0"
"POINT (9.142138499000055 49.194429472000081)","Unfall 98725 (2023) Kat:3, Licht: 1","98725","3","4","6","10","07","5","","1","0","1","1","0"
"POINT (9.224880307000035 49.156687488000046)","Unfall 98726 (2023) Kat:3, Licht: 2","98726","3","6","2","10","18","5","","2","0","1","0","0"
"POINT (9.197839379000072 49.137484834000077)","Unfall 98806 (2023) Kat:3, Licht: 2","98806","3","1","9","10","21","4","","2","0","1","0","0"
"POINT (9.203799659000026 49.126581702000067)","Unfall 99038 (2023) Kat:3, Licht: 2","99038","3","2","5","12","20","6","","2","0","1","0","1"
"POINT (9.218943871000022 49.169151307000050)","Unfall 99162 (2023) Kat:3, Licht: 2","99162","3","6","2","12","17","7","","2","0","1","0","0"
"POINT (9.154581334000056 49.119423605000065)","Unfall 99221 (2023) Kat:3, Licht: 1","99221","3","6","4","12","16","6","","1","0","1","0","0"
"POINT (9.221287527000072 49.146269056000051)","Unfall 99222 (2023) Kat:3, Licht: 0","99222","3","4","6","12","15","6","","0","0","1","1","0"
"POINT (9.214341204000050 49.149395535000053)","Unfall 99223 (2023) Kat:3, Licht: 0","99223","3","4","6","12","15","6","","0","0","1","1","0"
"POINT (9.202228783000066 49.126101041000027)","Unfall 99268 (2023) Kat:3, Licht: 2","99268","3","2","6","12","17","5","","2","0","1","1","0"
"POINT (9.182242219000045 49.117691044000026)","Unfall 99269 (2023) Kat:3, Licht: 0","99269","3","6","2","12","12","5","","0","0","1","0","0"
"POINT (9.157109402000060 49.119580770000027)","Unfall 99424 (2023) Kat:3, Licht: 2","99424","3","6","2","12","18","2","","2","0","1","0","0"
"POINT (9.108696969000050 49.193025430000034)","Unfall 99475 (2023) Kat:3, Licht: 2","99475","3","6","2","12","17","1","","2","0","1","0","0"
"POINT (9.195464305000030 49.122780461000048)","Unfall 99588 (2023) Kat:3, Licht: 0","99588","3","3","5","12","11","5","","0","0","1","0","0"
"POINT (9.218616515000065 49.134456742000054)","Unfall 99763 (2023) Kat:3, Licht: 0","99763","3","6","2","12","11","2","","0","0","1","0","0"
"POINT (9.197908871000038 49.131403486000067)","Unfall 99814 (2023) Kat:3, Licht: 2","99814","3","6","2","12","01","1","","2","0","1","0","0"
"POINT (9.209013475000063 49.138400941000043)","Unfall 99841 (2023) Kat:3, Licht: 2","99841","3","4","6","12","18","7","","2","0","1","1","0"
"POINT (9.194711615000074 49.186914601000069)","Unfall 100009 (2023) Kat:3, Licht: 0","100009","3","6","2","12","12","4","","0","0","1","0","0"
"POINT (9.223384942000052 49.146159242000067)","Unfall 100010 (2023) Kat:3, Licht: 2","100010","3","7","0","12","00","4","","2","0","1","0","0"
"POINT (9.229804931000047 49.140635465000059)","Unfall 100011 (2023) Kat:3, Licht: 0","100011","3","3","5","12","15","4","","0","1","1","0","0"
"POINT (9.223846038000033 49.139061435000031)","Unfall 202122 (2023) Kat:1, Licht: 0","202122","1","3","5","02","17","1","","0","0","1","0","0"
"POINT (9.220922506000022 49.144669277000048)","Unfall 202250 (2023) Kat:3, Licht: 2","202250","3","2","5","02","06","3","","2","0","0","0","0"
"POINT (9.196904004000032 49.152497009000058)","Unfall 202297 (2023) Kat:3, Licht: 2","202297","3","6","2","02","19","7","","2","0","1","0","0"
"POINT (9.183693394000045 49.148242329000027)","Unfall 202425 (2023) Kat:3, Licht: 0","202425","3","3","5","01","15","2","","0","0","1","0","1"
"POINT (9.223988259000066 49.129600196000069)","Unfall 202426 (2023) Kat:3, Licht: 0","202426","3","3","5","01","08","2","","0","1","1","0","0"
"POINT (9.213154488000043 49.153099047000069)","Unfall 202480 (2023) Kat:3, Licht: 2","202480","3","6","3","01","07","6","","2","1","1","0","0"
"POINT (9.224026150000043 49.129581773000041)","Unfall 202586 (2023) Kat:3, Licht: 0","202586","3","3","5","01","15","1","","0","0","1","0","0"
"POINT (9.192150643000048 49.139252380000073)","Unfall 202619 (2023) Kat:3, Licht: 0","202619","3","6","3","01","15","6","","0","1","1","0","0"
"POINT (9.222549138000034 49.143000239000060)","Unfall 202646 (2023) Kat:3, Licht: 0","202646","3","6","2","01","10","5","","0","0","1","0","0"
"POINT (9.207895985000050 49.160721610000053)","Unfall 202672 (2023) Kat:3, Licht: 2","202672","3","7","0","01","05","4","","2","0","0","0","1"
"POINT (9.214444928000034 49.120856563000075)","Unfall 202673 (2023) Kat:3, Licht: 0","202673","3","6","2","01","08","4","","0","0","1","0","0"
"POINT (9.222686502000045 49.126965516000041)","Unfall 202740 (2023) Kat:3, Licht: 1","202740","3","3","5","01","16","2","","1","1","1","0","0"
"POINT (9.216600688000028 49.142336757000066)","Unfall 202774 (2023) Kat:3, Licht: 2","202774","3","6","2","01","22","7","","2","0","1","0","0"
"POINT (9.240353372000072 49.143709765000040)","Unfall 202775 (2023) Kat:3, Licht: 0","202775","3","6","1","01","16","7","","0","0","1","0","0"
"POINT (9.213058860000046 49.148186994000071)","Unfall 202816 (2023) Kat:3, Licht: 1","202816","3","3","5","01","16","5","","1","1","1","0","0"
"POINT (9.221649312000068 49.139155064000079)","Unfall 202817 (2023) Kat:3, Licht: 0","202817","3","2","5","01","14","5","","0","0","1","0","0"
"POINT (9.205501099000060 49.150860082000065)","Unfall 202846 (2023) Kat:3, Licht: 2","202846","3","3","3","01","17","4","","2","0","0","0","1"
"POINT (9.222392819000049 49.141562760000056)","Unfall 202847 (2023) Kat:3, Licht: 1","202847","3","6","3","01","07","4","","1","0","0","0","0"
"POINT (9.196903892000023 49.120190910000076)","Unfall 202848 (2023) Kat:2, Licht: 0","202848","2","7","7","01","09","4","","0","1","0","0","0"
"POINT (9.215601961000061 49.142470149000076)","Unfall 202854 (2023) Kat:3, Licht: 2","202854","3","7","0","01","02","7","","2","0","0","0","0"
"POINT (9.196306564000054 49.118804660000080)","Unfall 202875 (2023) Kat:3, Licht: 2","202875","3","4","6","01","07","3","","2","0","1","1","0"
"POINT (9.226825323000071 49.144010948000073)","Unfall 202901 (2023) Kat:3, Licht: 2","202901","3","4","6","01","19","2","","2","0","1","1","0"
"POINT (9.215871661000051 49.127300059000049)","Unfall 202917 (2023) Kat:3, Licht: 2","202917","3","1","8","01","03","1","","2","0","1","0","0"
"POINT (9.222974590000035 49.137348819000067)","Unfall 202933 (2023) Kat:2, Licht: 0","202933","2","4","6","01","15","7","","0","0","1","1","0"
"POINT (9.210461912000028 49.137159879000080)","Unfall 202958 (2023) Kat:3, Licht: 0","202958","3","7","0","01","15","5","","0","1","0","0","0"
"POINT (9.204476578000026 49.126323170000035)","Unfall 202982 (2023) Kat:3, Licht: 2","202982","3","2","2","01","17","4","","2","0","1","0","0"
"POINT (9.104107625000040 49.182797709000056)","Unfall 202996 (2023) Kat:3, Licht: 2","202996","3","1","9","01","03","3","","2","0","1","0","0"