WKT,Name,OBJECTID,UKATEGORIE,UTYP1,UART,UMONAT,USTUNDE,UWOCHENTAG,STRZUSTAND,ULICHTVERH,ISTRAD,ISTPKW,ISTFUSS,ISTKRAD
"POINT (9.221853525000029 49.140545666000037)","Unfall 203002 (2023) Kat:3, Licht: 2","203002","3","6","9","02","04","7","","2","0","1","0","0"
"POINT (9.227602462000050 49.138848847000077)","Unfall 203215 (2023) Kat:2, Licht: 0","203215","2","6","3","03","14","4","","0","1","0","0","0"
"POINT (9.215976861000058 49.158338128000025)","Unfall 203282 (2023) Kat:3, Licht: 0","203282","3","3","5","03","16","2","","0","1","1","0","0"
"POINT (9.202812605000076 49.125491450000027)","Unfall 203283 (2023) Kat:3, Licht: 0","203283","3","7","1","03","09","2","","0","0","1","0","0"
"POINT (9.216928127000074 49.143569945000081)","Unfall 203429 (2023) Kat:3, Licht: 0","203429","3","7","0","03","08","4","","0","1","0","0","0"
"POINT (9.221778388000075 49.145363491000069)","Unfall 203459 (2023) Kat:3, Licht: 0","203459","3","7","0","03","13","3","","0","1","0","0","0"
"POINT (9.201242299000057 49.162864903000070)","Unfall 203492 (2023) Kat:3, Licht: 0","203492","3","3","5","03","14","2","","0","0","1","0","0"
"POINT (9.191947092000021 49.139375218000055)","Unfall 203569 (2023) Kat:2, Licht: 0","203569","2","4","6","03","12","6","","0","0","1","1","0"
"POINT (9.226822234000053 49.138895057000070)","Unfall 203570 (2023) Kat:3, Licht: 2","203570","3","7","0","03","20","6","","2","0","0","0","0"
"POINT (9.205172997000034 49.133709200000055)","Unfall 203669 (2023) Kat:3, Licht: 0","203669","3","3","5","03","15","2","","0","1","1","0","0"
"POINT (9.215138262000039 49.140398044000051)","Unfall 203749 (2023) Kat:3, Licht: 0","203749","3","7","6","03","15","5","","0","0","1","1","0"
"POINT (9.207217040000046 49.125998553000045)","Unfall 203823 (2023) Kat:3, Licht: 0","203823","3","2","3","02","17","2","","0","1","1","0","0"
"POINT (9.213563822000026 49.140096109000069)","Unfall 203870 (2023) Kat:3, Licht: 0","203870","3","2","5","02","15","6","","0","1","1","0","0"
"POINT (9.204195299000048 49.122934813000029)","Unfall 204031 (2023) Kat:2, Licht: 2","204031","2","2","6","02","18","6","","2","0","1","1","0"
"POINT (9.231424279000066 49.144294369000079)","Unfall 204132 (2023) Kat:3, Licht: 0","204132","3","1","0","02","17","3","","0","1","0","0","0"
"POINT (9.186875126000075 49.116634124000029)","Unfall 204173 (2023) Kat:3, Licht: 2","204173","3","1","0","02","21","2","","2","1","0","0","0"
"POINT (9.202416372000073 49.133052112000030)","Unfall 204211 (2023) Kat:3, Licht: 0","204211","3","6","3","04","18","5","","0","1","1","0","0"
"POINT (9.220675984000025 49.134923347000040)","Unfall 204212 (2023) Kat:3, Licht: 0","204212","3","6","3","04","08","5","","0","0","1","0","0"
"POINT (9.221002764000048 49.136226129000079)","Unfall 204213 (2023) Kat:3, Licht: 0","204213","3","6","2","04","15","5","","0","0","1","0","1"
"POINT (9.219691901000033 49.138684044000058)","Unfall 204443 (2023) Kat:3, Licht: 0","204443","3","6","2","04","11","5","","0","0","1","0","0"
"POINT (9.228406544000052 49.142707274000031)","Unfall 204484 (2023) Kat:3, Licht: 0","204484","3","7","0","04","13","4","","0","1","0","0","0"
"POINT (9.224841506000075 49.143056388000048)","Unfall 204611 (2023) Kat:3, Licht: 0","204611","3","2","4","04","18","6","","0","1","1","0","0"
"POINT (9.201924856000062 49.117557459000068)","Unfall 204654 (2023) Kat:3, Licht: 1","204654","3","3","5","04","05","5","","1","0","1","0","0"
"POINT (9.210002798000062 49.128591246000042)","Unfall 204668 (2023) Kat:3, Licht: 0","204668","3","3","5","04","13","4","","0","0","1","0","0"
"POINT (9.208284595000066 49.137513167000066)","Unfall 204703 (2023) Kat:3, Licht: 0","204703","3","3","5","04","12","3","","0","0","1","0","0"
"POINT (9.218873712000061 49.134985790000030)","Unfall 204777 (2023) Kat:3, Licht: 0","204777","3","6","3","04","15","6","","0","0","1","0","0"
"POINT (9.221223741000074 49.137182074000066)","Unfall 204832 (2023) Kat:3, Licht: 0","204832","3","3","5","04","09","2","","0","0","1","0","0"
"POINT (9.167708066000046 49.182439132000070)","Unfall 204883 (2023) Kat:3, Licht: 0","204883","3","6","1","04","08","3","","0","0","1","0","0"
"POINT (9.239301849000071 49.140171607000070)","Unfall 204884 (2023) Kat:3, Licht: 0","204884","3","2","3","04","14","3","","0","1","1","0","0"
"POINT (9.216097959000024 49.133917233000034)","Unfall 204914 (2023) Kat:3, Licht: 0","204914","3","2","5","04","07","2","","0","0","1","0","0"
"POINT (9.221917938000047 49.141090183000074)","Unfall 204915 (2023) Kat:3, Licht: 0","204915","3","6","2","04","16","2","","0","0","1","0","0"
"POINT (9.206732191000071 49.121918978000053)","Unfall 204916 (2023) Kat:3, Licht: 0","204916","3","3","5","04","17","2","","0","0","1","0","0"
"POINT (9.219218373000047 49.138835692000043)","Unfall 204918 (2023) Kat:3, Licht: 0","204918","3","7","6","04","18","2","","0","1","0","1","0"
"POINT (9.155769533000068 49.180679319000035)","Unfall 205020 (2023) Kat:3, Licht: 0","205020","3","1","9","03","13","5","","0","0","0","0","1"
"POINT (9.232130670000060 49.145946325000068)","Unfall 205021 (2023) Kat:3, Licht: 2","205021","3","3","5","04","23","6","","2","0","1","0","0"
"POINT (9.207879994000052 49.160500351000053)","Unfall 205022 (2023) Kat:3, Licht: 2","205022","3","7","0","03","04","5","","2","0","0","0","0"
"POINT (9.230902969000056 49.150297237000075)","Unfall 205023 (2023) Kat:3, Licht: 0","205023","3","7","0","03","08","5","","0","1","0","0","0"
"POINT (9.216445464000060 49.142579546000036)","Unfall 205024 (2023) Kat:2, Licht: 1","205024","2","7","0","03","19","5","","1","1","0","0","0"
"POINT (9.234843922000039 49.138432867000063)","Unfall 205102 (2023) Kat:2, Licht: 0","205102","2","2","4","03","12","3","","0","1","1","0","0"
"POINT (9.187321292000036 49.142287162000059)","Unfall 205325 (2023) Kat:3, Licht: 0","205325","3","1","0","05","08","2","","0","0","0","0","0"
"POINT (9.222738005000053 49.143206554000074)","Unfall 205353 (2023) Kat:3, Licht: 2","205353","3","7","5","05","22","1","","2","0","1","0","0"
"POINT (9.225517048000029 49.147154954000030)","Unfall 205354 (2023) Kat:3, Licht: 0","205354","3","3","5","05","10","1","","0","0","1","0","0"
"POINT (9.202748270000029 49.160330176000059)","Unfall 205447 (2023) Kat:3, Licht: 0","205447","3","7","7","05","13","5","","0","0","0","0","1"
"POINT (9.169646033000049 49.157317894000073)","Unfall 205448 (2023) Kat:3, Licht: 0","205448","3","6","0","05","16","5","","0","1","1","0","0"
"POINT (9.201347730000066 49.132820501000026)","Unfall 205577 (2023) Kat:3, Licht: 0","205577","3","1","1","05","19","1","","0","1","1","0","0"
"POINT (9.218393045000028 49.153483479000045)","Unfall 205578 (2023) Kat:3, Licht: 2","205578","3","1","0","05","05","1","","2","1","0","0","0"
"POINT (9.206477447000054 49.121827933000077)","Unfall 205637 (2023) Kat:3, Licht: 0","205637","3","3","5","05","07","6","","0","1","1","0","0"
"POINT (9.208898115000068 49.142649046000031)","Unfall 205638 (2023) Kat:3, Licht: 0","205638","3","3","5","05","07","6","","0","0","0","0","0"
"POINT (9.230655768000076 49.129573730000061)","Unfall 205804 (2023) Kat:2, Licht: 0","205804","2","4","6","05","17","2","","0","0","1","1","0"
"POINT (9.195739094000032 49.146175597000081)","Unfall 205832 (2023) Kat:3, Licht: 0","205832","3","3","5","05","11","1","","0","0","1","0","0"
"POINT (9.201409092000063 49.121400161000054)","Unfall 206184 (2023) Kat:3, Licht: 0","206184","3","3","5","04","08","1","","0","0","1","0","1"
"POINT (9.226021246000073 49.150256874000036)","Unfall 206212 (2023) Kat:3, Licht: 0","206212","3","5","1","04","09","7","","0","0","1","0","0"
"POINT (9.212098333000029 49.151657211000042)","Unfall 206253 (2023) Kat:3, Licht: 0","206253","3","2","5","04","14","6","","0","1","1","0","0"
"POINT (9.179420602000050 49.150169142000038)","Unfall 206296 (2023) Kat:3, Licht: 0","206296","3","3","5","06","19","5","","0","1","1","0","0"
"POINT (9.212083610000036 49.151634392000062)","Unfall 206297 (2023) Kat:3, Licht: 0","206297","3","3","5","06","07","5","","0","1","1","0","0"
"POINT (9.221140481000020 49.136829455000054)","Unfall 206358 (2023) Kat:3, Licht: 0","206358","3","3","5","06","12","4","","0","1","1","0","0"
"POINT (9.230382853000037 49.149947352000027)","Unfall 206421 (2023) Kat:3, Licht: 0","206421","3","3","5","06","14","3","","0","1","1","0","0"
"POINT (9.205134454000074 49.127918776000058)","Unfall 206422 (2023) Kat:3, Licht: 0","206422","3","4","6","06","13","3","","0","0","1","0","0"
"POINT (9.220181654000044 49.140222121000079)","Unfall 206476 (2023) Kat:3, Licht: 0","206476","3","7","0","06","19","2","","0","0","0","0","1"
"POINT (9.211724770000046 49.149959489000025)","Unfall 206511 (2023) Kat:3, Licht: 2","206511","3","1","1","06","00","1","","2","0","1","0","0"
"POINT (9.199931559000049 49.132643131000066)","Unfall 206601 (2023) Kat:3, Licht: 2","206601","3","7","9","06","23","6","","2","0","0","0","0"
"POINT (9.209127808000062 49.168988097000067)","Unfall 206602 (2023) Kat:3, Licht: 0","206602","3","7","0","06","09","6","","0","0","1","0","0"
"POINT (9.215543674000060 49.139097995000043)","Unfall 206640 (2023) Kat:3, Licht: 0","206640","3","3","5","06","12","5","","0","0","1","0","1"
"POINT (9.201810001000069 49.132915745000048)","Unfall 206676 (2023) Kat:2, Licht: 0","206676","2","1","1","06","17","4","","0","0","1","0","0"
"POINT (9.208240179000029 49.142250061000027)","Unfall 206677 (2023) Kat:3, Licht: 2","206677","3","3","5","06","23","4","","2","0","1","0","0"
"POINT (9.218242373000066 49.153618640000047)","Unfall 206729 (2023) Kat:3, Licht: 0","206729","3","7","0","06","10","3","","0","1","0","0","0"
"POINT (9.228825691000054 49.148879466000039)","Unfall 206769 (2023) Kat:3, Licht: 0","206769","3","3","5","06","12","2","","0","0","1","0","0"
"POINT (9.214649675000032 49.142477754000026)","Unfall 206944 (2023) Kat:3, Licht: 0","206944","3","3","5","06","15","5","","0","0","1","0","1"
"POINT (9.206536093000068 49.121963246000064)","Unfall 207004 (2023) Kat:3, Licht: 0","207004","3","3","5","05","13","4","","0","0","1","0","0"
"POINT (9.196546023000053 49.154415300000039)","Unfall 207055 (2023) Kat:3, Licht: 0","207055","3","7","0","05","20","3","","0","1","0","0","0"
"POINT (9.244066010000040 49.139513611000041)","Unfall 207161 (2023) Kat:3, Licht: 1","207161","3","7","8","06","21","5","","1","1","0","0","0"
"POINT (9.224003425000035 49.140128612000069)","Unfall 207295 (2023) Kat:3, Licht: 0","207295","3","4","6","06","07","5","","0","1","0","1","0"
"POINT (9.219033860000025 49.140740068000071)","Unfall 207335 (2023) Kat:3, Licht: 0","207335","3","7","6","07","11","5","","0","0","0","1","0"
"POINT (9.211964610000052 49.133518681000055)","Unfall 207431 (2023) Kat:3, Licht: 0","207431","3","7","0","07","18","3","","0","1","0","0","0"
"POINT (9.184951185000045 49.144534974000067)","Unfall 207509 (2023) Kat:3, Licht: 0","207509","3","3","5","07","18","3","","0","0","1","0","0"
"POINT (9.232269919000032 49.140006703000040)","Unfall 207521 (2023) Kat:3, Licht: 2","207521","3","7","0","07","22","5","","2","1","0","0","0"
"POINT (9.225598071000036 49.147568305000050)","Unfall 207558 (2023) Kat:3, Licht: 0","207558","3","4","6","07","13","7","","0","0","1","1","0"
"POINT (9.113739086000066 49.182540725000081)","Unfall 207730 (2023) Kat:3, Licht: 0","207730","3","7","0","06","19","4","","0","1","0","0","0"
"POINT (9.214419903000021 49.136174741000048)","Unfall 207746 (2023) Kat:3, Licht: 0","207746","3","7","6","07","14","4","","0","0","0","1","0"
"POINT (9.225835154000038 49.123740102000056)","Unfall 207787 (2023) Kat:3, Licht: 0","207787","3","3","5","06","12","3","","0","0","1","0","0"
"POINT (9.202355471000033 49.125703780000038)","Unfall 207788 (2023) Kat:2, Licht: 0","207788","2","7","6","06","08","3","","0","0","1","1","0"
"POINT (9.202726713000061 49.120990733000042)","Unfall 207789 (2023) Kat:3, Licht: 0","207789","3","2","5","06","16","3","","0","1","1","0","0"
"POINT (9.179412751000029 49.152172575000066)","Unfall 208040 (2023) Kat:3, Licht: 0","208040","3","3","5","06","07","5","","0","1","1","0","0"
"POINT (9.205283097000063 49.133770032000029)","Unfall 208041 (2023) Kat:3, Licht: 0","208041","3","3","5","06","15","5","","0","0","1","0","0"
"POINT (9.213554054000042 49.134507677000045)","Unfall 208042 (2023) Kat:3, Licht: 0","208042","3","2","5","06","09","5","","0","1","1","0","0"
"POINT (9.179087423000055 49.139618073000065)","Unfall 208108 (2023) Kat:3, Licht: 0","208108","3","3","5","06","13","4","","0","1","0","0","0"
"POINT (9.228625686000044 49.143921889000069)","Unfall 208146 (2023) Kat:3, Licht: 1","208146","3","7","5","06","21","3","","1","1","1","0","0"
"POINT (9.217534596000064 49.143444573000068)","Unfall 208147 (2023) Kat:3, Licht: 0","208147","3","1","0","06","17","3","","0","1","0","0","0"
"POINT (9.208268454000063 49.142460394000068)","Unfall 208278 (2023) Kat:3, Licht: 0","208278","3","7","0","06","17","7","","0","0","0","0","0"
"POINT (9.218333405000067 49.133165934000033)","Unfall 208279 (2023) Kat:3, Licht: 0","208279","3","4","6","06","20","7","","0","0","0","1","0"
"POINT (9.211024313000053 49.121538357000077)","Unfall 208586 (2023) Kat:3, Licht: 0","208586","3","3","5","07","14","6","","0","1","1","0","0"
"POINT (9.218842863000077 49.134865206000029)","Unfall 208588 (2023) Kat:3, Licht: 0","208588","3","4","6","07","13","6","","0","0","1","1","0"
"POINT (9.222581254000033 49.139123966000056)","Unfall 208639 (2023) Kat:2, Licht: 0","208639","2","4","6","07","13","5","","0","0","1","1","0"
"POINT (9.222918427000025 49.144488688000081)","Unfall 208640 (2023) Kat:2, Licht: 0","208640","2","2","0","07","15","5","","0","0","1","0","0"
"POINT (9.211019678000071 49.133770019000053)","Unfall 208743 (2023) Kat:3, Licht: 0","208743","3","5","1","07","14","3","","0","0","1","0","0"
"POINT (9.220673764000026 49.159056995000071)","Unfall 208744 (2023) Kat:2, Licht: 0","208744","2","6","2","07","05","3","","0","0","1","0","1"
"POINT (9.219331298000043 49.138401630000033)","Unfall 208841 (2023) Kat:3, Licht: 0","208841","3","1","8","07","11","1","","0","0","0","0","1"
"POINT (9.193895657000041 49.155624353000064)","Unfall 208883 (2023) Kat:3, Licht: 0","208883","3","7","0","07","07","7","","0","1","0","0","0"
"POINT (9.221035266000058 49.139967898000066)","Unfall 208886 (2023) Kat:3, Licht: 2","208886","3","2","5","07","22","7","","2","0","0","1","1"
"POINT (9.219607887000052 49.141498538000064)","Unfall 208887 (2023) Kat:3, Licht: 0","208887","3","6","6","07","12","7","","0","1","0","1","0"
"POINT (9.194398374000059 49.141145939000069)","Unfall 208945 (2023) Kat:3, Licht: 0","208945","3","7","0","07","16","6","","0","1","1","0","0"
"POINT (9.208137266000051 49.141099398000051)","Unfall 208946 (2023) Kat:2, Licht: 0","208946","2","3","5","07","15","6","","0","0","1","0","0"
"POINT (9.202448557000025 49.133059561000039)","Unfall 209025 (2023) Kat:3, Licht: 0","209025","3","6","3","07","18","5","","0","1","1","0","0"
"POINT (9.230308773000047 49.149964210000064)","Unfall 209079 (2023) Kat:3, Licht: 0","209079","3","3","5","07","14","4","","0","1","1","0","0"
"POINT (9.203245801000037 49.143263750000074)","Unfall 209132 (2023) Kat:3, Licht: 0","209132","3","6","2","07","16","3","","0","0","1","0","1"
"POINT (9.245098797000026 49.134703170000080)","Unfall 209205 (2023) Kat:3, Licht: 0","209205","3","7","0","07","13","3","","0","1","0","0","0"
"POINT (9.219326307000074 49.138351587000045)","Unfall 209279 (2023) Kat:3, Licht: 2","209279","3","6","3","07","01","7","","2","0","1","0","1"
"POINT (9.214062121000040 49.154774210000028)","Unfall 209435 (2023) Kat:3, Licht: 0","209435","3","3","5","08","18","4","","0","1","1","0","0"
"POINT (9.219430911000075 49.145684314000050)","Unfall 209528 (2023) Kat:3, Licht: 0","209528","3","3","5","08","19","6","","0","0","1","0","0"
"POINT (9.206477447000054 49.121827933000077)","Unfall 209632 (2023) Kat:3, Licht: 0","209632","3","3","5","08","12","3","","0","0","1","0","0"
"POINT (9.190867600000047 49.135906633000047)","Unfall 209681 (2023) Kat:3, Licht: 0","209681","3","3","5","08","11","1","","0","1","1","0","0"
"POINT (9.216699406000032 49.169207269000026)","Unfall 209712 (2023) Kat:3, Licht: 2","209712","3","2","9","08","00","7","","2","0","1","0","0"
"POINT (9.215734639000061 49.158814341000038)","Unfall 209777 (2023) Kat:3, Licht: 0","209777","3","3","5","08","15","5","","0","1","1","0","0"
"POINT (9.219443615000046 49.145636518000060)","Unfall 209808 (2023) Kat:3, Licht: 0","209808","3","7","0","08","06","4","","0","1","0","0","0"
"POINT (9.230465740000056 49.138676568000051)","Unfall 209839 (2023) Kat:3, Licht: 0","209839","3","5","1","08","19","3","","0","1","1","0","0"
"POINT (9.198117033000074 49.159107215000063)","Unfall 209903 (2023) Kat:3, Licht: 0","209903","3","1","0","08","12","1","","0","0","0","0","1"
"POINT (9.228140052000072 49.142784593000044)","Unfall 209930 (2023) Kat:3, Licht: 0","209930","3","6","6","08","12","7","","0","0","0","1","0"
"POINT (9.247163320000027 49.123521439000058)","Unfall 209973 (2023) Kat:2, Licht: 0","209973","2","1","8","08","11","6","","0","1","0","0","0"
"POINT (9.221522366000045 49.140300193000030)","Unfall 209996 (2023) Kat:3, Licht: 0","209996","3","7","0","08","18","4","","0","0","0","1","0"
"POINT (9.218808264000074 49.134729960000072)","Unfall 210035 (2023) Kat:3, Licht: 1","210035","3","6","3","08","20","5","","1","0","1","0","0"
"POINT (9.208135633000040 49.125606248000054)","Unfall 210095 (2023) Kat:3, Licht: 0","210095","3","1","0","08","08","3","","0","1","1","0","0"
"POINT (9.217120697000041 49.154357792000042)","Unfall 210241 (2023) Kat:2, Licht: 0","210241","2","7","0","08","18","5","","0","1","1","0","0"
"POINT (9.198028319000059 49.160839865000071)","Unfall 210277 (2023) Kat:3, Licht: 0","210277","3","3","5","08","10","4","","0","0","1","0","0"
"POINT (9.219378626000037 49.137436164000064)","Unfall 210300 (2023) Kat:3, Licht: 0","210300","3","3","0","08","12","3","","0","1","1","0","0"
"POINT (9.187447019000047 49.152323811000031)","Unfall 210361 (2023) Kat:3, Licht: 0","210361","3","2","5","07","12","1","","0","0","1","0","0"
"POINT (9.230465002000074 49.132411731000047)","Unfall 210362 (2023) Kat:3, Licht: 0","210362","3","5","1","07","14","1","","0","1","1","0","0"
"POINT (9.239974923000034 49.144574308000074)","Unfall 210363 (2023) Kat:3, Licht: 0","210363","3","1","1","07","17","1","","0","0","0","0","1"
"POINT (9.191827823000040 49.131652164000059)","Unfall 210435 (2023) Kat:2, Licht: 0","210435","2","3","5","07","14","6","","0","1","1","0","0"
"POINT (9.225707570000054 49.140153747000056)","Unfall 210437 (2023) Kat:2, Licht: 0","210437","2","1","0","07","19","6","","0","1","0","0","0"
"POINT (9.232648473000040 49.149027669000077)","Unfall 210521 (2023) Kat:3, Licht: 0","210521","3","1","0","09","11","6","","0","1","0","0","0"
"POINT (9.223199201000057 49.145475896000050)","Unfall 210573 (2023) Kat:3, Licht: 0","210573","3","6","2","09","12","5","","0","0","1","0","0"
"POINT (9.219091284000058 49.135931518000064)","Unfall 210659 (2023) Kat:3, Licht: 2","210659","3","7","6","09","22","3","","2","0","1","1","0"
"POINT (9.230613164000033 49.131246078000061)","Unfall 210691 (2023) Kat:2, Licht: 0","210691","2","5","1","09","07","2","","0","1","1","0","0"
"POINT (9.227418853000074 49.139989202000038)","Unfall 210692 (2023) Kat:3, Licht: 0","210692","3","7","0","09","09","2","","0","1","0","0","0"
"POINT (9.175786757000026 49.118575895000049)","Unfall 210779 (2023) Kat:3, Licht: 0","210779","3","7","0","09","10","7","","0","1","0","0","0"
"POINT (9.208507038000050 49.142548842000053)","Unfall 210831 (2023) Kat:3, Licht: 0","210831","3","7","6","09","17","6","","0","0","1","1","0"
"POINT (9.231599534000054 49.142030584000054)","Unfall 210878 (2023) Kat:3, Licht: 0","210878","3","6","4","09","17","5","","0","1","1","0","0"
"POINT (9.211602761000051 49.127392562000068)","Unfall 210912 (2023) Kat:3, Licht: 0","210912","3","3","5","09","16","4","","0","1","1","0","0"
"POINT (9.181017030000021 49.165654754000059)","Unfall 210961 (2023) Kat:3, Licht: 1","210961","3","6","0","09","19","3","","1","0","1","0","1"
"POINT (9.216248839000059 49.152289953000036)","Unfall 211007 (2023) Kat:3, Licht: 0","211007","3","2","6","09","15","2","","0","0","1","1","0"
"POINT (9.220234402000074 49.138780659000076)","Unfall 211008 (2023) Kat:3, Licht: 0","211008","3","6","3","09","12","2","","0","0","1","0","1"
"POINT (9.209242783000036 49.166069745000073)","Unfall 211215 (2023) Kat:2, Licht: 0","211215","2","1","0","09","16","5","","0","1","0","0","0"
"POINT (9.206009168000037 49.121844974000055)","Unfall 211216 (2023) Kat:3, Licht: 0","211216","3","7","0","09","12","5","","0","0","1","0","1"
"POINT (9.248634962000040 49.134492895000051)","Unfall 211256 (2023) Kat:3, Licht: 0","211256","3","7","0","09","08","3","","0","1","0","0","0"
"POINT (9.211878246000026 49.125174722000054)","Unfall 211327 (2023) Kat:3, Licht: 0","211327","3","4","6","09","15","3","","0","0","1","1","0"
"POINT (9.227792407000038 49.140048161000038)","Unfall 211328 (2023) Kat:3, Licht: 0","211328","3","5","1","09","12","3","","0","1","1","0","0"
"POINT (9.219484853000040 49.145631944000058)","Unfall 211372 (2023) Kat:3, Licht: 0","211372","3","3","5","09","15","2","","0","1","1","0","0"
"POINT (9.173577325000053 49.158756564000043)","Unfall 211401 (2023) Kat:2, Licht: 2","211401","2","7","0","09","00","1","","2","1","0","0","0"
"POINT (9.192130011000074 49.129785042000037)","Unfall 211461 (2023) Kat:3, Licht: 0","211461","3","6","4","09","11","6","","0","0","1","0","0"
"POINT (9.197767449000025 49.148434719000079)","Unfall 211524 (2023) Kat:3, Licht: 0","211524","3","3","5","10","15","7","","0","0","1","0","1"
"POINT (9.209501165000063 49.169945721000033)","Unfall 211571 (2023) Kat:3, Licht: 2","211571","3","2","5","10","06","6","","2","0","1","0","0"
"POINT (9.225280544000043 49.141456172000062)","Unfall 211780 (2023) Kat:2, Licht: 2","211780","2","3","5","10","19","2","","2","0","0","0","0"
"POINT (9.212145444000043 49.140495504000057)","Unfall 212215 (2023) Kat:3, Licht: 2","212215","3","5","1","09","20","6","","2","1","1","0","0"
"POINT (9.215650385000060 49.151100832000054)","Unfall 212216 (2023) Kat:3, Licht: 0","212216","3","2","5","09","16","6","","0","1","1","0","0"
"POINT (9.219587524000076 49.141907929000070)","Unfall 212217 (2023) Kat:3, Licht: 0","212217","3","4","0","09","12","6","","0","0","0","1","0"
"POINT (9.217356257000063 49.153790585000081)","Unfall 212343 (2023) Kat:3, Licht: 0","212343","3","1","0","09","17","4","","0","0","0","0","0"
"POINT (9.211979126000074 49.138517433000061)","Unfall 212510 (2023) Kat:3, Licht: 0","212510","3","7","1","09","16","1","","0","1","1","0","0"
"POINT (9.202924564000057 49.124279036000075)","Unfall 212679 (2023) Kat:3, Licht: 0","212679","3","7","0","11","08","1","","0","1","1","0","0"
"POINT (9.219494138000073 49.138604918000055)","Unfall 212741 (2023) Kat:3, Licht: 2","212741","3","3","5","11","00","6","","2","1","1","0","0"
"POINT (9.224580186000026 49.165646056000071)","Unfall 212777 (2023) Kat:3, Licht: 2","212777","3","7","0","11","06","5","","2","1","0","0","0"
"POINT (9.224837210000032 49.143028820000040)","Unfall 212807 (2023) Kat:3, Licht: 0","212807","3","3","5","11","15","4","","0","0","1","0","0"
"POINT (9.190402154000026 49.136884869000028)","Unfall 212880 (2023) Kat:3, Licht: 2","212880","3","2","5","11","06","2","","2","1","1","0","0"
"POINT (9.216383800000074 49.142367783000054)","Unfall 212881 (2023) Kat:3, Licht: 0","212881","3","6","2","11","13","2","","0","0","1","0","0"
"POINT (9.193969113000037 49.157993073000057)","Unfall 212909 (2023) Kat:3, Licht: 0","212909","3","1","0","11","09","1","","0","1","0","0","0"
"POINT (9.221208655000055 49.137122299000055)","Unfall 212910 (2023) Kat:2, Licht: 2","212910","2","1","8","11","00","1","","2","0","1","0","0"
"POINT (9.219147312000075 49.136219036000057)","Unfall 212958 (2023) Kat:3, Licht: 0","212958","3","3","5","11","14","6","","0","0","1","0","0"
"POINT (9.195764702000076 49.131206384000052)","Unfall 213096 (2023) Kat:3, Licht: 0","213096","3","3","5","10","12","1","","0","0","1","0","1"
"POINT (9.154128768000021 49.181877477000057)","Unfall 213116 (2023) Kat:3, Licht: 0","213116","3","7","0","10","11","7","","0","0","0","0","1"
"POINT (9.190884070000038 49.136906652000050)","Unfall 213280 (2023) Kat:3, Licht: 0","213280","3","4","6","10","07","3","","0","0","1","1","0"
"POINT (9.204793559000052 49.126277503000040)","Unfall 213281 (2023) Kat:3, Licht: 0","213281","3","3","5","10","17","3","","0","1","0","0","0"
"POINT (9.219787869000072 49.154344046000062)","Unfall 213326 (2023) Kat:3, Licht: 0","213326","3","3","5","10","19","2","","0","1","1","0","0"
"POINT (9.194634689000054 49.142889255000057)","Unfall 213481 (2023) Kat:3, Licht: 0","213481","3","3","0","11","17","6","","0","0","1","0","0"
"POINT (9.225400967000041 49.152917764000051)","Unfall 213483 (2023) Kat:3, Licht: 0","213483","3","7","0","10","13","5","","0","1","0","0","0"
"POINT (9.228283690000069 49.141243987000053)","Unfall 213525 (2023) Kat:3, Licht: 0","213525","3","3","6","10","07","4","","0","0","1","1","0"
"POINT (9.216649353000037 49.142329795000080)","Unfall 213527 (2023) Kat:3, Licht: 0","213527","3","5","2","10","16","4","","0","0","1","0","0"
"POINT (9.208210610000037 49.121774973000072)","Unfall 213528 (2023) Kat:3, Licht: 0","213528","3","6","3","10","12","4","","0","1","0","0","0"
"POINT (9.214904187000059 49.120855940000069)","Unfall 213561 (2023) Kat:3, Licht: 1","213561","3","7","0","10","07","3","","1","1","1","0","0"
"POINT (9.189578605000065 49.131976867000049)","Unfall 213641 (2023) Kat:3, Licht: 2","213641","3","4","6","12","06","3","","2","0","1","1","0"
"POINT (9.251419281000040 49.153810457000077)","Unfall 213691 (2023) Kat:3, Licht: 2","213691","3","1","8","12","21","1","","2","0","1","0","0"
"POINT (9.223601531000043 49.133095247000028)","Unfall 213716 (2023) Kat:3, Licht: 0","213716","3","7","1","12","13","7","","0","1","1","0","0"
"POINT (9.211874582000064 49.130859555000029)","Unfall 213744 (2023) Kat:3, Licht: 2","213744","3","3","5","12","16","6","","2","0","1","0","0"
"POINT (9.193406552000056 49.118462911000051)","Unfall 213779 (2023) Kat:3, Licht: 2","213779","3","3","5","12","20","5","","2","0","1","0","0"
"POINT (9.216591364000067 49.142245422000030)","Unfall 213937 (2023) Kat:3, Licht: 2","213937","3","7","0","12","17","7","","2","0","0","0","0"
"POINT (9.222176892000050 49.141671898000027)","Unfall 213938 (2023) Kat:3, Licht: 2","213938","3","6","3","12","18","7","","2","0","1","0","0"