WKT,Name,OBJECTID,UKATEGORIE,UTYP1,UART,UMONAT,USTUNDE,UWOCHENTAG,STRZUSTAND,ULICHTVERH,ISTRAD,ISTPKW,ISTFUSS,ISTKRAD
"POINT (9.225310339000032 49.143001363000053)","Unfall 204099 (2024) Kat:3, Licht: 0","204099","3","6","3","05","15","3","","0","1","1","0","0"
"POINT (9.222673109000027 49.143477026000028)","Unfall 204155 (2024) Kat:3, Licht: 2","204155","3","6","3","05","01","1","","2","0","1","0","0"
"POINT (9.234020404000034 49.140019750000079)","Unfall 204222 (2024) Kat:3, Licht: 0","204222","3","3","0","05","17","1","","0","1","1","0","0"
"POINT (9.217641836000041 49.125880174000031)","Unfall 204225 (2024) Kat:3, Licht: 0","204225","3","6","2","05","17","6","","0","0","1","0","0"
"POINT (9.186138942000071 49.164054980000060)","Unfall 204480 (2024) Kat:3, Licht: 1","204480","3","2","5","05","20","5","","1","1","1","0","0"
"POINT (9.195464305000030 49.122780461000048)","Unfall 204481 (2024) Kat:3, Licht: 0","204481","3","6","3","05","15","5","","0","1","0","0","0"
"POINT (9.220615523000049 49.156217541000046)","Unfall 204482 (2024) Kat:3, Licht: 0","204482","3","3","0","05","09","5","","0","1","1","0","0"
"POINT (9.218052328000056 49.144699338000066)","Unfall 204596 (2024) Kat:3, Licht: 0","204596","3","6","2","05","16","3","","0","0","1","0","0"
"POINT (9.199539412000036 49.116196448000039)","Unfall 204598 (2024) Kat:3, Licht: 0","204598","3","3","5","05","19","3","","0","1","1","0","0"
"POINT (9.117876673000069 49.181179087000032)","Unfall 204651 (2024) Kat:3, Licht: 0","204651","3","3","5","05","10","2","","0","0","1","0","1"
"POINT (9.165540087000068 49.184081956000057)","Unfall 204692 (2024) Kat:3, Licht: 0","204692","3","1","0","05","19","1","","0","0","0","0","1"
"POINT (9.184644046000074 49.135496255000078)","Unfall 204693 (2024) Kat:3, Licht: 2","204693","3","5","1","05","00","1","","2","1","1","0","0"
"POINT (9.219186053000044 49.131842471000027)","Unfall 204694 (2024) Kat:3, Licht: 0","204694","3","7","1","05","18","1","","0","0","1","0","0"
"POINT (9.213796046000027 49.140354816000070)","Unfall 204791 (2024) Kat:3, Licht: 0","204791","3","5","1","05","19","6","","0","1","1","0","0"
"POINT (9.232131231000039 49.145949547000043)","Unfall 204946 (2024) Kat:3, Licht: 0","204946","3","3","5","05","07","3","","0","1","1","0","0"
"POINT (9.208747091000021 49.121725549000075)","Unfall 204978 (2024) Kat:3, Licht: 0","204978","3","6","6","05","20","2","","0","1","0","1","0"
"POINT (9.231671638000023 49.132294549000051)","Unfall 205042 (2024) Kat:3, Licht: 2","205042","3","7","1","05","22","7","","2","0","1","0","0"
"POINT (9.221187582000027 49.137035810000043)","Unfall 205219 (2024) Kat:3, Licht: 0","205219","3","6","3","06","11","5","","0","0","1","0","0"
"POINT (9.191512369000066 49.129865533000043)","Unfall 205382 (2024) Kat:3, Licht: 0","205382","3","3","5","06","15","2","","0","0","1","0","0"
"POINT (9.215485969000042 49.162845735000076)","Unfall 205523 (2024) Kat:3, Licht: 0","205523","3","6","2","06","08","5","","0","0","1","0","0"
"POINT (9.220650198000044 49.134826995000026)","Unfall 205658 (2024) Kat:3, Licht: 0","205658","3","6","0","06","12","3","","0","0","1","0","0"
"POINT (9.231806260000042 49.147705140000028)","Unfall 205725 (2024) Kat:3, Licht: 0","205725","3","3","5","06","16","2","","0","0","1","0","0"
"POINT (9.223229856000046 49.143143020000082)","Unfall 205726 (2024) Kat:2, Licht: 0","205726","2","4","6","06","16","2","","0","0","0","1","0"
"POINT (9.214742174000037 49.142481102000033)","Unfall 205797 (2024) Kat:3, Licht: 2","205797","3","1","0","06","02","7","","2","1","0","0","0"
"POINT (9.209566920000043 49.169537836000075)","Unfall 205798 (2024) Kat:3, Licht: 0","205798","3","6","2","06","13","7","","0","0","1","0","0"
"POINT (9.184973865000075 49.146410623000065)","Unfall 205910 (2024) Kat:3, Licht: 0","205910","3","7","0","06","18","5","","0","1","0","0","0"
"POINT (9.208749097000066 49.148810139000034)","Unfall 205911 (2024) Kat:2, Licht: 0","205911","2","7","0","06","13","5","","0","0","0","0","1"
"POINT (9.206706724000071 49.122539950000032)","Unfall 205963 (2024) Kat:3, Licht: 0","205963","3","1","0","06","18","4","","0","1","0","0","0"
"POINT (9.217648654000072 49.138987400000076)","Unfall 205965 (2024) Kat:3, Licht: 0","205965","3","5","1","06","09","4","","0","1","1","0","0"
"POINT (9.228448092000065 49.142761147000044)","Unfall 206016 (2024) Kat:2, Licht: 0","206016","2","3","5","06","14","3","","0","1","1","0","0"
"POINT (9.216968045000044 49.143668834000039)","Unfall 206105 (2024) Kat:3, Licht: 2","206105","3","7","6","06","23","7","","2","0","0","1","0"
"POINT (9.122172809000062 49.179771622000032)","Unfall 206113 (2024) Kat:3, Licht: 0","206113","3","7","0","06","14","3","","0","1","0","0","0"
"POINT (9.194874916000060 49.131307661000051)","Unfall 206156 (2024) Kat:3, Licht: 2","206156","3","7","0","05","04","5","","2","0","0","0","0"
"POINT (9.202935432000061 49.168999379000070)","Unfall 206292 (2024) Kat:3, Licht: 0","206292","3","3","5","07","12","5","","0","0","1","0","1"
"POINT (9.196283185000027 49.143173224000066)","Unfall 206331 (2024) Kat:3, Licht: 0","206331","3","3","5","07","16","4","","0","1","1","0","0"
"POINT (9.219046823000042 49.121184500000027)","Unfall 206332 (2024) Kat:3, Licht: 0","206332","3","6","3","07","13","4","","0","0","1","0","1"
"POINT (9.221698925000055 49.139154387000076)","Unfall 206333 (2024) Kat:3, Licht: 0","206333","3","3","5","07","11","4","","0","0","1","0","0"
"POINT (9.219497274000048 49.133116611000048)","Unfall 206391 (2024) Kat:3, Licht: 0","206391","3","3","5","07","19","3","","0","1","1","0","0"
"POINT (9.195279649000042 49.158920851000062)","Unfall 206445 (2024) Kat:2, Licht: 0","206445","2","1","8","07","16","2","","0","1","0","0","0"
"POINT (9.113747243000034 49.182570921000035)","Unfall 206446 (2024) Kat:3, Licht: 0","206446","3","1","0","07","13","2","","0","0","0","0","1"
"POINT (9.219299234000061 49.145654778000051)","Unfall 206557 (2024) Kat:3, Licht: 0","206557","3","3","5","07","15","6","","0","1","1","0","0"
"POINT (9.220255858000030 49.145950653000057)","Unfall 206658 (2024) Kat:3, Licht: 0","206658","3","6","3","07","11","4","","0","1","0","0","0"
"POINT (9.230263576000027 49.132150294000041)","Unfall 206704 (2024) Kat:3, Licht: 0","206704","3","6","2","07","10","3","","0","0","1","0","0"
"POINT (9.225698739000052 49.141379380000046)","Unfall 206747 (2024) Kat:3, Licht: 0","206747","3","7","6","07","11","2","","0","0","1","1","0"
"POINT (9.212300767000045 49.142836228000078)","Unfall 206781 (2024) Kat:3, Licht: 0","206781","3","3","5","06","15","1","","0","1","1","0","0"
"POINT (9.219132058000071 49.136235332000069)","Unfall 206824 (2024) Kat:3, Licht: 2","206824","3","3","5","06","19","7","","2","0","1","0","0"
"POINT (9.219408793000071 49.141926469000055)","Unfall 206896 (2024) Kat:3, Licht: 0","206896","3","7","6","06","16","6","","0","1","0","1","0"
"POINT (9.219038040000044 49.133127600000080)","Unfall 206967 (2024) Kat:3, Licht: 0","206967","3","3","5","06","07","5","","0","0","1","0","0"
"POINT (9.232887803000040 49.147977524000055)","Unfall 206968 (2024) Kat:3, Licht: 0","206968","3","7","0","06","18","5","","0","1","0","0","0"
"POINT (9.222674606000055 49.144417406000059)","Unfall 206969 (2024) Kat:2, Licht: 0","206969","2","7","0","06","17","5","","0","1","0","0","0"
"POINT (9.184838098000057 49.183254106000049)","Unfall 207046 (2024) Kat:3, Licht: 0","207046","3","6","4","07","14","4","","0","1","1","0","0"
"POINT (9.243167226000025 49.133017287000030)","Unfall 207212 (2024) Kat:3, Licht: 2","207212","3","7","0","06","23","1","","2","0","0","0","0"
"POINT (9.221418741000036 49.141653541000039)","Unfall 207247 (2024) Kat:3, Licht: 0","207247","3","7","0","08","15","7","","0","1","0","0","0"
"POINT (9.221926805000066 49.120910503000061)","Unfall 207308 (2024) Kat:3, Licht: 0","207308","3","6","3","08","15","5","","0","0","0","0","1"
"POINT (9.219140686000060 49.136185030000036)","Unfall 207428 (2024) Kat:3, Licht: 0","207428","3","2","6","07","08","2","","0","0","1","1","0"
"POINT (9.168828665000035 49.157005309000056)","Unfall 207580 (2024) Kat:2, Licht: 0","207580","2","6","0","07","06","5","","0","1","1","0","0"
"POINT (9.202619038000023 49.133099015000028)","Unfall 207633 (2024) Kat:3, Licht: 0","207633","3","6","3","07","17","4","","0","1","1","0","0"
"POINT (9.196823989000052 49.151230523000038)","Unfall 207692 (2024) Kat:3, Licht: 0","207692","3","3","5","07","17","3","","0","1","0","0","0"
"POINT (9.222606825000071 49.143230154000037)","Unfall 207693 (2024) Kat:3, Licht: 0","207693","3","3","0","07","14","3","","0","0","1","0","0"
"POINT (9.211987435000026 49.131119200000057)","Unfall 207694 (2024) Kat:3, Licht: 0","207694","3","7","0","07","14","3","","0","1","0","0","0"
"POINT (9.200539730000060 49.151027285000055)","Unfall 207744 (2024) Kat:3, Licht: 0","207744","3","2","5","07","16","2","","0","0","1","0","0"
"POINT (9.209779845000071 49.139988797000058)","Unfall 207780 (2024) Kat:3, Licht: 0","207780","3","7","0","07","14","1","","0","1","0","0","0"
"POINT (9.222880748000023 49.143761492000067)","Unfall 207891 (2024) Kat:3, Licht: 0","207891","3","2","3","07","12","6","","0","0","1","0","0"
"POINT (9.212646846000041 49.127888667000036)","Unfall 207954 (2024) Kat:3, Licht: 0","207954","3","7","6","07","17","5","","0","0","1","1","0"
"POINT (9.190943539000045 49.136894648000066)","Unfall 208018 (2024) Kat:3, Licht: 0","208018","3","3","5","07","17","4","","0","0","1","0","0"
"POINT (9.206691946000035 49.121952181000040)","Unfall 208085 (2024) Kat:3, Licht: 0","208085","3","3","5","07","17","3","","0","1","1","0","0"
"POINT (9.198692682000058 49.168194694000078)","Unfall 208162 (2024) Kat:3, Licht: 0","208162","3","7","6","07","15","2","","0","1","0","1","0"
"POINT (9.211701805000075 49.130471089000025)","Unfall 208315 (2024) Kat:3, Licht: 0","208315","3","7","0","09","16","2","","0","1","0","0","0"
"POINT (9.195578100000034 49.120322915000031)","Unfall 208341 (2024) Kat:3, Licht: 0","208341","3","3","5","09","19","1","","0","1","1","0","0"
"POINT (9.167913049000049 49.182440555000028)","Unfall 208400 (2024) Kat:3, Licht: 0","208400","3","3","5","08","14","6","","0","0","1","0","0"
"POINT (9.225526646000048 49.146149531000049)","Unfall 208471 (2024) Kat:3, Licht: 0","208471","3","6","1","08","10","4","","0","0","1","0","1"
"POINT (9.234057476000032 49.140933885000038)","Unfall 208472 (2024) Kat:3, Licht: 0","208472","3","1","0","08","19","4","","0","0","0","0","1"
"POINT (9.230455735000021 49.143765500000029)","Unfall 208776 (2024) Kat:3, Licht: 0","208776","3","3","5","08","17","2","","0","1","1","0","0"
"POINT (9.197214229000053 49.120248481000033)","Unfall 208792 (2024) Kat:3, Licht: 0","208792","3","7","6","08","12","1","","0","0","1","1","0"
"POINT (9.219738981000035 49.138697997000065)","Unfall 208854 (2024) Kat:3, Licht: 0","208854","3","7","0","08","09","6","","0","0","0","0","0"
"POINT (9.216126306000035 49.142036842000039)","Unfall 208891 (2024) Kat:3, Licht: 0","208891","3","7","0","08","09","5","","0","1","0","0","0"
"POINT (9.223335031000033 49.124009980000039)","Unfall 208929 (2024) Kat:3, Licht: 0","208929","3","7","0","08","10","4","","0","1","0","0","0"
"POINT (9.196770249000053 49.152429480000080)","Unfall 208968 (2024) Kat:3, Licht: 0","208968","3","6","2","08","12","3","","0","0","1","0","0"
"POINT (9.209804551000047 49.134140010000067)","Unfall 209170 (2024) Kat:3, Licht: 0","209170","3","7","0","08","17","5","","0","1","0","0","0"
"POINT (9.222879305000049 49.136572905000037)","Unfall 209265 (2024) Kat:3, Licht: 0","209265","3","7","1","08","18","3","","0","1","1","0","0"
"POINT (9.196517944000050 49.148789495000074)","Unfall 209370 (2024) Kat:3, Licht: 0","209370","3","7","0","09","09","2","","0","0","0","0","0"
"POINT (9.195615487000055 49.146225187000027)","Unfall 209476 (2024) Kat:3, Licht: 0","209476","3","6","2","09","12","5","","0","0","1","0","0"
"POINT (9.213200793000055 49.153401777000056)","Unfall 209477 (2024) Kat:3, Licht: 0","209477","3","7","0","09","13","5","","0","1","0","0","0"
"POINT (9.214110826000024 49.125487685000053)","Unfall 209478 (2024) Kat:3, Licht: 0","209478","3","6","2","09","16","5","","0","1","1","0","0"
"POINT (9.226108794000027 49.139088886000081)","Unfall 209518 (2024) Kat:2, Licht: 2","209518","2","7","6","09","19","4","","2","0","1","1","0"
"POINT (9.217547724000042 49.143400906000068)","Unfall 209519 (2024) Kat:3, Licht: 0","209519","3","4","6","09","17","4","","0","0","1","1","0"
"POINT (9.244221198000048 49.149196182000026)","Unfall 209520 (2024) Kat:2, Licht: 0","209520","2","1","1","09","10","4","","0","0","1","0","0"
"POINT (9.226807533000056 49.134898605000046)","Unfall 209556 (2024) Kat:3, Licht: 0","209556","3","3","3","09","08","3","","0","0","0","1","0"
"POINT (9.218552013000021 49.133892672000059)","Unfall 209557 (2024) Kat:3, Licht: 2","209557","3","3","5","09","21","3","","2","1","1","0","0"
"POINT (9.221700971000075 49.140463632000035)","Unfall 209716 (2024) Kat:3, Licht: 0","209716","3","7","6","09","17","6","","0","0","0","1","0"
"POINT (9.222377400000028 49.141564286000062)","Unfall 209717 (2024) Kat:3, Licht: 1","209717","3","3","5","09","20","6","","1","1","1","0","0"
"POINT (9.206972675000031 49.123358269000050)","Unfall 209863 (2024) Kat:3, Licht: 0","209863","3","5","1","09","09","3","","0","0","1","0","0"
"POINT (9.200578180000036 49.132653310000080)","Unfall 209864 (2024) Kat:2, Licht: 2","209864","2","1","0","09","22","7","","2","1","0","0","0"
"POINT (9.192204878000041 49.136682777000033)","Unfall 209885 (2024) Kat:3, Licht: 0","209885","3","6","0","09","07","2","","0","1","1","0","0"
"POINT (9.229052728000056 49.134695434000037)","Unfall 209886 (2024) Kat:3, Licht: 0","209886","3","3","5","09","08","2","","0","1","1","0","0"
"POINT (9.232830448000072 49.143582532000039)","Unfall 209887 (2024) Kat:3, Licht: 0","209887","3","3","5","09","14","2","","0","1","1","0","0"
"POINT (9.216519044000052 49.142709064000030)","Unfall 209975 (2024) Kat:3, Licht: 0","209975","3","7","0","09","17","6","","0","0","0","0","0"
"POINT (9.228415513000073 49.142737579000027)","Unfall 210065 (2024) Kat:2, Licht: 1","210065","2","3","5","09","06","3","","1","0","1","0","0"
"POINT (9.222092721000024 49.164084978000062)","Unfall 210111 (2024) Kat:3, Licht: 0","210111","3","3","5","09","12","2","","0","0","1","0","0"
"POINT (9.198605797000027 49.176217649000080)","Unfall 210147 (2024) Kat:3, Licht: 0","210147","3","3","5","09","17","1","","0","1","1","0","0"
"POINT (9.221175858000038 49.138389633000031)","Unfall 210148 (2024) Kat:3, Licht: 0","210148","3","1","1","09","15","1","","0","0","1","0","1"
"POINT (9.197726629000044 49.119317720000026)","Unfall 210299 (2024) Kat:3, Licht: 0","210299","3","7","0","09","15","5","","0","0","0","0","1"
"POINT (9.235341685000037 49.144945679000045)","Unfall 210300 (2024) Kat:3, Licht: 0","210300","3","4","6","09","14","5","","0","0","1","1","0"
"POINT (9.225202026000034 49.141402831000050)","Unfall 210347 (2024) Kat:3, Licht: 0","210347","3","3","5","09","08","4","","0","1","1","0","0"
"POINT (9.221008163000022 49.136249783000039)","Unfall 210348 (2024) Kat:3, Licht: 0","210348","3","6","2","09","11","4","","0","0","1","0","0"
"POINT (9.221413457000040 49.147366517000080)","Unfall 210349 (2024) Kat:3, Licht: 0","210349","3","4","6","09","14","4","","0","0","1","1","0"
"POINT (9.217120185000056 49.140915616000029)","Unfall 210367 (2024) Kat:3, Licht: 2","210367","3","7","6","10","18","4","","2","0","0","1","0"
"POINT (9.191573366000057 49.139605806000077)","Unfall 210401 (2024) Kat:3, Licht: 2","210401","3","3","5","10","05","3","","2","0","1","0","0"
"POINT (9.216453559000058 49.155886547000080)","Unfall 210402 (2024) Kat:3, Licht: 0","210402","3","7","0","10","06","3","","0","0","0","0","0"
"POINT (9.223120980000033 49.145176943000081)","Unfall 210457 (2024) Kat:3, Licht: 0","210457","3","3","5","10","12","1","","0","0","1","0","0"
"POINT (9.146953901000074 49.199664763000044)","Unfall 210532 (2024) Kat:2, Licht: 0","210532","2","1","8","10","12","6","","0","0","1","0","0"
"POINT (9.192418924000037 49.120898532000069)","Unfall 210533 (2024) Kat:3, Licht: 0","210533","3","7","6","10","10","6","","0","0","1","1","0"
"POINT (9.219833692000066 49.170855314000050)","Unfall 210545 (2024) Kat:2, Licht: 0","210545","2","4","6","10","16","7","","0","0","1","1","0"
"POINT (9.214305297000067 49.132872733000056)","Unfall 210613 (2024) Kat:3, Licht: 0","210613","3","3","5","10","16","4","","0","1","1","0","0"
"POINT (9.203679939000040 49.123685348000038)","Unfall 210614 (2024) Kat:3, Licht: 0","210614","3","2","5","10","07","4","","0","1","1","0","0"
"POINT (9.222673526000051 49.143791333000081)","Unfall 210658 (2024) Kat:3, Licht: 0","210658","3","7","0","10","13","3","","0","1","1","0","0"
"POINT (9.205914728000039 49.119417389000034)","Unfall 210705 (2024) Kat:3, Licht: 0","210705","3","3","5","10","09","2","","0","0","1","0","0"
"POINT (9.221075233000022 49.139168730000051)","Unfall 210731 (2024) Kat:3, Licht: 0","210731","3","3","5","10","11","1","","0","0","1","0","0"
"POINT (9.217315716000030 49.141710923000062)","Unfall 210839 (2024) Kat:3, Licht: 0","210839","3","3","5","10","11","5","","0","1","1","0","0"
"POINT (9.217694144000063 49.142129320000038)","Unfall 210876 (2024) Kat:3, Licht: 0","210876","3","7","0","10","09","4","","0","0","0","0","0"
"POINT (9.181655200000023 49.145684112000026)","Unfall 210893 (2024) Kat:3, Licht: 2","210893","3","7","1","10","20","5","","2","1","1","0","0"
"POINT (9.161819328000036 49.179926632000047)","Unfall 210913 (2024) Kat:1, Licht: 2","210913","1","5","1","10","18","3","","2","0","0","0","1"
"POINT (9.229958961000023 49.149586919000058)","Unfall 210969 (2024) Kat:3, Licht: 1","210969","3","2","5","10","18","1","","1","1","1","0","0"
"POINT (9.216850443000055 49.142200695000042)","Unfall 211013 (2024) Kat:3, Licht: 0","211013","3","3","5","10","10","5","","0","1","1","0","0"
"POINT (9.218772263000062 49.140450949000069)","Unfall 211081 (2024) Kat:3, Licht: 0","211081","3","7","6","10","15","5","","0","0","0","1","0"
"POINT (9.219405016000053 49.150702019000050)","Unfall 211174 (2024) Kat:3, Licht: 0","211174","3","3","5","10","13","3","","0","0","1","0","0"
"POINT (9.221171833000028 49.139165628000057)","Unfall 211423 (2024) Kat:3, Licht: 2","211423","3","3","5","12","16","3","","2","1","0","0","0"
"POINT (9.223106682000036 49.144371345000081)","Unfall 211528 (2024) Kat:3, Licht: 0","211528","3","6","3","11","11","6","","0","0","1","0","0"
"POINT (9.219369762000042 49.133549917000039)","Unfall 211529 (2024) Kat:3, Licht: 0","211529","3","7","6","11","11","6","","0","0","1","1","0"
"POINT (9.226381103000051 49.125908809000066)","Unfall 211550 (2024) Kat:3, Licht: 0","211550","3","7","6","11","16","5","","0","0","1","1","0"
"POINT (9.198185394000063 49.117782664000060)","Unfall 211551 (2024) Kat:3, Licht: 0","211551","3","3","5","11","15","5","","0","1","1","0","0"
"POINT (9.168886538000038 49.184135975000061)","Unfall 211769 (2024) Kat:3, Licht: 0","211769","3","2","5","11","08","5","","0","0","1","0","0"
"POINT (9.207746025000063 49.125849856000059)","Unfall 211805 (2024) Kat:3, Licht: 2","211805","3","1","0","11","20","4","","2","0","0","0","1"
"POINT (9.209212132000062 49.164186004000044)","Unfall 211845 (2024) Kat:3, Licht: 0","211845","3","1","0","11","10","3","","0","0","0","0","1"
"POINT (9.233852850000062 49.140036017000057)","Unfall 211944 (2024) Kat:3, Licht: 0","211944","3","6","4","11","12","6","","0","1","1","0","0"
"POINT (9.213515911000059 49.139934812000035)","Unfall 211945 (2024) Kat:3, Licht: 0","211945","3","4","6","11","11","6","","0","1","0","1","0"
"POINT (9.204669925000076 49.166524237000033)","Unfall 211989 (2024) Kat:3, Licht: 1","211989","3","3","5","11","17","5","","1","1","1","0","0"
"POINT (9.218879418000029 49.135008093000067)","Unfall 212023 (2024) Kat:3, Licht: 0","212023","3","6","3","11","10","4","","0","0","1","0","0"
"POINT (9.150419422000027 49.193262240000081)","Unfall 212102 (2024) Kat:3, Licht: 2","212102","3","4","6","11","19","2","","2","0","1","1","0"
"POINT (9.168027271000028 49.182439822000049)","Unfall 212103 (2024) Kat:3, Licht: 0","212103","3","3","5","11","08","2","","0","0","1","0","0"
"POINT (9.221051644000056 49.136440246000063)","Unfall 212105 (2024) Kat:3, Licht: 1","212105","3","7","0","11","17","2","","1","0","1","0","0"
"POINT (9.204145589000063 49.138306075000060)","Unfall 212148 (2024) Kat:3, Licht: 2","212148","3","2","5","11","19","7","","2","1","1","0","0"
"POINT (9.204317203000073 49.137038631000053)","Unfall 212186 (2024) Kat:3, Licht: 0","212186","3","6","3","11","10","6","","0","0","1","0","1"
"POINT (9.225189418000070 49.140178870000057)","Unfall 212188 (2024) Kat:3, Licht: 0","212188","3","3","5","11","15","6","","0","1","1","0","0"
"POINT (9.212362811000048 49.140440362000049)","Unfall 212189 (2024) Kat:3, Licht: 2","212189","3","6","4","11","17","6","","2","0","1","0","1"
"POINT (9.256866869000021 49.136063565000029)","Unfall 212278 (2024) Kat:3, Licht: 0","212278","3","2","5","11","14","4","","0","1","1","0","0"
"POINT (9.219081465000045 49.143501225000080)","Unfall 212427 (2024) Kat:3, Licht: 2","212427","3","3","5","11","20","6","","2","1","1","0","0"
"POINT (9.220077374000027 49.132043978000070)","Unfall 212467 (2024) Kat:3, Licht: 0","212467","3","3","5","10","16","5","","0","1","1","0","0"
"POINT (9.220892885000069 49.136051858000030)","Unfall 213083 (2024) Kat:3, Licht: 1","213083","3","1","6","12","17","3","","1","0","1","1","0"
"POINT (9.208169870000063 49.139995148000025)","Unfall 213121 (2024) Kat:3, Licht: 0","213121","3","6","2","12","07","2","","0","0","1","0","0"
"POINT (9.211735700000077 49.118901798000081)","Unfall 213192 (2024) Kat:3, Licht: 2","213192","3","5","1","12","17","6","","2","1","1","0","0"
"POINT (9.218979987000068 49.147514198000067)","Unfall 213193 (2024) Kat:3, Licht: 2","213193","3","3","5","12","18","6","","2","0","1","0","0"
"POINT (9.215499223000052 49.137936809000053)","Unfall 213223 (2024) Kat:3, Licht: 0","213223","3","7","0","12","14","5","","0","0","0","0","1"
"POINT (9.220122671000070 49.132033487000058)","Unfall 213335 (2024) Kat:3, Licht: 0","213335","3","7","0","12","16","2","","0","1","0","0","0"
"POINT (9.225391134000063 49.141392668000037)","Unfall 213437 (2024) Kat:2, Licht: 2","213437","2","2","6","12","16","5","","2","0","1","1","0"
"POINT (9.202390723000065 49.150474746000043)","Unfall 264855 (2024) Kat:2, Licht: 0","264855","2","7","0","03","11","1","","0","1","0","0","0"
"POINT (9.264246350000064 49.135318230000053)","Unfall 264971 (2024) Kat:3, Licht: 0","264971","3","1","0","04","18","6","","0","1","0","0","0"
"POINT (9.187692722000065 49.120321068000067)","Unfall 264999 (2024) Kat:3, Licht: 1","264999","3","7","7","04","05","3","","1","1","0","0","0"
"POINT (9.213290702000052 49.138476156000081)","Unfall 265008 (2024) Kat:2, Licht: 0","265008","2","7","8","04","15","7","","0","1","0","0","0"
"POINT (9.178968596000061 49.113725888000033)","Unfall 265037 (2024) Kat:3, Licht: 0","265037","3","7","0","04","19","3","","0","1","0","0","0"
"POINT (9.214236609000068 49.144688551000058)","Unfall 265060 (2024) Kat:3, Licht: 0","265060","3","7","0","05","11","6","","0","1","0","0","0"
"POINT (9.196327344000053 49.132650936000061)","Unfall 265077 (2024) Kat:3, Licht: 0","265077","3","6","3","05","16","2","","0","1","0","0","0"
"POINT (9.238938725000025 49.138343462000080)","Unfall 265086 (2024) Kat:3, Licht: 0","265086","3","7","0","05","16","5","","0","1","0","0","0"
"POINT (9.206535834000022 49.141045716000065)","Unfall 265166 (2024) Kat:3, Licht: 0","265166","3","1","0","05","11","2","","0","1","0","0","0"
"POINT (9.155241852000074 49.103589123000063)","Unfall 265196 (2024) Kat:2, Licht: 0","265196","2","6","3","05","13","3","","0","1","0","0","0"
"POINT (9.271616744000028 49.129232534000039)","Unfall 265271 (2024) Kat:2, Licht: 0","265271","2","7","0","06","18","3","","0","1","0","0","0"
"POINT (9.204414432000021 49.159797241000035)","Unfall 265339 (2024) Kat:3, Licht: 0","265339","3","6","4","06","17","6","","0","1","0","0","0"
"POINT (9.241181563000055 49.149849160000031)","Unfall 265371 (2024) Kat:3, Licht: 0","265371","3","7","0","06","19","5","","0","1","0","0","0"
"POINT (9.199403132000043 49.152698684000029)","Unfall 265372 (2024) Kat:3, Licht: 0","265372","3","3","5","06","14","5","","0","1","1","0","0"
"POINT (9.223067656000069 49.143682854000076)","Unfall 265391 (2024) Kat:3, Licht: 0","265391","3","7","0","06","13","7","","0","1","0","0","0"
"POINT (9.210157792000075 49.135538677000056)","Unfall 265458 (2024) Kat:3, Licht: 0","265458","3","7","8","07","15","3","","0","1","0","0","0"
"POINT (9.197640721000027 49.184325589000082)","Unfall 265533 (2024) Kat:3, Licht: 0","265533","3","6","4","07","05","6","","0","1","0","0","0"
"POINT (9.138236233000043 49.119592430000068)","Unfall 265549 (2024) Kat:2, Licht: 0","265549","2","7","0","07","10","1","","0","1","0","0","0"
"POINT (9.199266136000062 49.152617515000031)","Unfall 265561 (2024) Kat:3, Licht: 0","265561","3","7","0","07","16","2","","0","1","0","0","0"
"POINT (9.247774405000030 49.115511713000046)","Unfall 265639 (2024) Kat:3, Licht: 0","265639","3","1","0","07","13","4","","0","1","0","0","0"
"POINT (9.129111839000075 49.173660197000061)","Unfall 265661 (2024) Kat:3, Licht: 0","265661","3","7","8","08","12","1","","0","1","0","0","0"
"POINT (9.179665753000052 49.134846240000059)","Unfall 265680 (2024) Kat:3, Licht: 0","265680","3","1","6","08","20","3","","0","1","0","1","0"
"POINT (9.194531197000060 49.111176162000049)","Unfall 265715 (2024) Kat:2, Licht: 0","265715","2","7","0","08","15","1","","0","1","0","0","0"
"POINT (9.153746954000042 49.100385606000032)","Unfall 265752 (2024) Kat:3, Licht: 0","265752","3","6","4","08","14","7","","0","1","0","0","0"
"POINT (9.236860914000033 49.160984250000070)","Unfall 265760 (2024) Kat:3, Licht: 0","265760","3","1","0","08","13","1","","0","1","0","0","0"
"POINT (9.178075994000039 49.145230955000045)","Unfall 265947 (2024) Kat:3, Licht: 2","265947","3","7","0","09","20","5","","2","1","0","0","0"
"POINT (9.218414901000074 49.153651278000041)","Unfall 265969 (2024) Kat:3, Licht: 0","265969","3","2","5","10","10","2","","0","1","1","0","0"
"POINT (9.198133711000025 49.130905205000033)","Unfall 266038 (2024) Kat:2, Licht: 0","266038","2","6","0","10","16","7","","0","1","0","0","0"
"POINT (9.154518553000059 49.115334681000036)","Unfall 266120 (2024) Kat:3, Licht: 0","266120","3","6","6","12","09","4","","0","1","0","1","0"